2026-01-26 17:05:30:530 [31merror[39m: [31m401 - Invalid email or password - /api/auth/login - POST - ::ffff:127.0.0.1[39m
2026-01-26 17:05:30:530 [31merror[39m: [31mError: Invalid email or password[39m
[31m    at E:\01. My Data\CivicCare_Smart_City\backend\src\controllers\authController.js:51:17[39m
2026-01-26 17:11:42:1142 [31merror[39m: [31m400 - Category is required - /api/complaints - POST - ::ffff:127.0.0.1[39m
2026-01-26 17:11:42:1142 [31merror[39m: [31mError: Category is required[39m
[31m    at validate (E:\01. My Data\CivicCare_Smart_City\backend\src\middleware\validation.js:8:17)[39m
[31m    at Layer.handle [as handle_request] (E:\01. My Data\CivicCare_Smart_City\backend\node_modules\express\lib\router\layer.js:95:5)[39m
[31m    at next (E:\01. My Data\CivicCare_Smart_City\backend\node_modules\express\lib\router\route.js:149:13)[39m
[31m    at middleware (E:\01. My Data\CivicCare_Smart_City\backend\node_modules\express-validator\lib\middlewares\check.js:16:13)[39m
[31m    at processTicksAndRejections (node:internal/process/task_queues:105:5)[39m
2026-01-26 17:11:43:1143 [31merror[39m: [31m401 - Invalid email or password - /api/auth/login - POST - ::ffff:127.0.0.1[39m
2026-01-26 17:11:43:1143 [31merror[39m: [31mError: Invalid email or password[39m
[31m    at E:\01. My Data\CivicCare_Smart_City\backend\src\controllers\authController.js:51:17[39m
2026-01-26 17:13:18:1318 [32minfo[39m: [32mMongoDB Connected: localhost[39m
2026-01-26 17:13:18:1318 [32minfo[39m: [32mServer running on port 5000[39m
2026-01-26 17:13:18:1318 [32minfo[39m: [32mEnvironment: development[39m
2026-01-26 17:14:42:1442 [35mhttp[39m: [35m[0mOPTIONS /api/auth/login [32m204[0m 1.452 ms - 0[0m[39m
2026-01-26 17:14:42:1442 [31merror[39m: [31m401 - Invalid email or password - /api/auth/login - POST - ::1[39m
2026-01-26 17:14:42:1442 [31merror[39m: [31mError: Invalid email or password[39m
[31m    at file:///E:/01.%20My%20Data/CivicCare_Smart_City/backend/src/controllers/authController.js:44:17[39m
[31m    at process.processTicksAndRejections (node:internal/process/task_queues:105:5)[39m
2026-01-26 17:14:42:1442 [35mhttp[39m: [35m[0mPOST /api/auth/login [33m401[0m 48.778 ms - 55[0m[39m
2026-01-26 17:16:12:1612 [35mhttp[39m: [35m[0mOPTIONS /api/auth/admin-login [32m204[0m 0.205 ms - 0[0m[39m
2026-01-26 17:16:12:1612 [35mhttp[39m: [35m[0mPOST /api/auth/admin-login [32m200[0m 143.184 ms - 467[0m[39m
2026-01-26 17:16:12:1612 [35mhttp[39m: [35m[0mOPTIONS /api/admin/complaints/department/WASTE_MANAGEMENT [32m204[0m 0.262 ms - 0[0m[39m
2026-01-26 17:16:12:1612 [35mhttp[39m: [35m[0mOPTIONS /api/admin/complaints/department/WASTE_MANAGEMENT [32m204[0m 0.362 ms - 0[0m[39m
2026-01-26 17:16:13:1613 [35mhttp[39m: [35m[0mGET /api/admin/complaints/department/WASTE_MANAGEMENT [32m200[0m 116.748 ms - 2897838[0m[39m
2026-01-26 17:16:13:1613 [35mhttp[39m: [35m[0mOPTIONS /api/setup/teams/by-category/WASTE_MANAGEMENT [32m204[0m 0.136 ms - 0[0m[39m
2026-01-26 17:16:13:1613 [35mhttp[39m: [35m[0mGET /api/admin/complaints/department/WASTE_MANAGEMENT [36m304[0m 86.543 ms - -[0m[39m
2026-01-26 17:16:13:1613 [35mhttp[39m: [35m[0mGET /api/setup/teams/by-category/WASTE_MANAGEMENT [32m200[0m 11.603 ms - 27[0m[39m
2026-01-26 17:16:13:1613 [35mhttp[39m: [35m[0mOPTIONS /api/setup/ward-offices [32m204[0m 0.327 ms - 0[0m[39m
2026-01-26 17:16:13:1613 [35mhttp[39m: [35m[0mGET /api/setup/teams/by-category/WASTE_MANAGEMENT [36m304[0m 15.648 ms - -[0m[39m
2026-01-26 17:16:13:1613 [35mhttp[39m: [35m[0mGET /api/setup/ward-offices [32m200[0m 14.215 ms - 877[0m[39m
2026-01-26 17:16:13:1613 [35mhttp[39m: [35m[0mGET /api/setup/ward-offices [36m304[0m 6.996 ms - -[0m[39m
2026-01-26 17:16:24:1624 [35mhttp[39m: [35m[0mOPTIONS /api/auth/logout [32m204[0m 0.162 ms - 0[0m[39m
2026-01-26 17:16:24:1624 [35mhttp[39m: [35m[0mGET /api/auth/logout [32m200[0m 0.923 ms - 52[0m[39m
2026-01-26 17:16:43:1643 [35mhttp[39m: [35m[0mOPTIONS /api/auth/login [32m204[0m 0.165 ms - 0[0m[39m
2026-01-26 17:16:44:1644 [35mhttp[39m: [35m[0mPOST /api/auth/login [32m200[0m 121.023 ms - 450[0m[39m
2026-01-26 17:16:44:1644 [35mhttp[39m: [35m[0mOPTIONS /api/complaints/user/6973ad55f25817da624c4796 [32m204[0m 0.342 ms - 0[0m[39m
2026-01-26 17:16:44:1644 [35mhttp[39m: [35m[0mOPTIONS /api/complaints/user/6973ad55f25817da624c4796 [32m204[0m 0.232 ms - 0[0m[39m
2026-01-26 17:16:44:1644 [35mhttp[39m: [35m[0mGET /api/complaints/user/6973ad55f25817da624c4796 [32m200[0m 20.269 ms - 724[0m[39m
2026-01-26 17:16:44:1644 [35mhttp[39m: [35m[0mGET /api/complaints/user/6973ad55f25817da624c4796 [36m304[0m 13.455 ms - -[0m[39m
2026-01-26 17:16:53:1653 [35mhttp[39m: [35m[0mOPTIONS /api/complaints/detail/6973ad56f25817da624c47c7 [32m204[0m 0.221 ms - 0[0m[39m
2026-01-26 17:16:53:1653 [35mhttp[39m: [35m[0mOPTIONS /api/complaints/detail/6973ad56f25817da624c47c7 [32m204[0m 0.212 ms - 0[0m[39m
2026-01-26 17:16:53:1653 [35mhttp[39m: [35m[0mGET /api/complaints/detail/6973ad56f25817da624c47c7 [32m200[0m 14.524 ms - 651[0m[39m
2026-01-26 17:16:53:1653 [35mhttp[39m: [35m[0mGET /api/complaints/detail/6973ad56f25817da624c47c7 [36m304[0m 13.437 ms - -[0m[39m
2026-01-26 17:16:55:1655 [35mhttp[39m: [35m[0mOPTIONS /api/complaints/user/6973ad55f25817da624c4796 [32m204[0m 0.683 ms - 0[0m[39m
2026-01-26 17:16:55:1655 [35mhttp[39m: [35m[0mOPTIONS /api/complaints/user/6973ad55f25817da624c4796 [32m204[0m 0.492 ms - 0[0m[39m
2026-01-26 17:16:55:1655 [35mhttp[39m: [35m[0mGET /api/complaints/user/6973ad55f25817da624c4796 [36m304[0m 29.498 ms - -[0m[39m
2026-01-26 17:16:55:1655 [35mhttp[39m: [35m[0mGET /api/complaints/user/6973ad55f25817da624c4796 [36m304[0m 16.653 ms - -[0m[39m
2026-01-26 17:16:57:1657 [35mhttp[39m: [35m[0mGET /api/complaints/detail/6973ad56f25817da624c47c7 [36m304[0m 18.072 ms - -[0m[39m
2026-01-26 17:16:57:1657 [35mhttp[39m: [35m[0mGET /api/complaints/detail/6973ad56f25817da624c47c7 [36m304[0m 6.983 ms - -[0m[39m
2026-01-26 17:16:59:1659 [35mhttp[39m: [35m[0mGET /api/complaints/user/6973ad55f25817da624c4796 [36m304[0m 19.724 ms - -[0m[39m
2026-01-26 17:16:59:1659 [35mhttp[39m: [35m[0mGET /api/complaints/user/6973ad55f25817da624c4796 [36m304[0m 20.610 ms - -[0m[39m
2026-01-26 17:17:05:175 [35mhttp[39m: [35m[0mOPTIONS /api/auth/logout [32m204[0m 0.110 ms - 0[0m[39m
2026-01-26 17:17:05:175 [35mhttp[39m: [35m[0mGET /api/auth/logout [36m304[0m 0.369 ms - -[0m[39m
2026-01-26 17:29:17:2917 [35mhttp[39m: [35m[0mOPTIONS /api/auth/register [32m204[0m 0.339 ms - 0[0m[39m
2026-01-26 17:29:17:2917 [35mhttp[39m: [35m[0mPOST /api/auth/register [32m201[0m 120.025 ms - 441[0m[39m
2026-01-26 17:29:17:2917 [35mhttp[39m: [35m[0mOPTIONS /api/complaints/user/697757158868e88ea1daa664 [32m204[0m 0.205 ms - 0[0m[39m
2026-01-26 17:29:17:2917 [35mhttp[39m: [35m[0mOPTIONS /api/complaints/user/697757158868e88ea1daa664 [32m204[0m 0.194 ms - 0[0m[39m
2026-01-26 17:29:17:2917 [35mhttp[39m: [35m[0mGET /api/complaints/user/697757158868e88ea1daa664 [32m200[0m 12.171 ms - 102[0m[39m
2026-01-26 17:29:17:2917 [35mhttp[39m: [35m[0mGET /api/complaints/user/697757158868e88ea1daa664 [36m304[0m 8.633 ms - -[0m[39m
2026-01-26 17:30:53:3053 [35mhttp[39m: [35m[0mOPTIONS /api/complaints/user/697757158868e88ea1daa664 [32m204[0m 0.124 ms - 0[0m[39m
2026-01-26 17:30:53:3053 [35mhttp[39m: [35m[0mGET /api/complaints/user/697757158868e88ea1daa664 [36m304[0m 7.004 ms - -[0m[39m
2026-01-26 17:33:28:3328 [35mhttp[39m: [35m[0mOPTIONS /api/auth/logout [32m204[0m 0.102 ms - 0[0m[39m
2026-01-26 17:33:28:3328 [35mhttp[39m: [35m[0mGET /api/auth/logout [36m304[0m 0.276 ms - -[0m[39m
2026-01-26 17:33:48:3348 [35mhttp[39m: [35m[0mOPTIONS /api/auth/admin-login [32m204[0m 0.282 ms - 0[0m[39m
2026-01-26 17:33:48:3348 [35mhttp[39m: [35m[0mPOST /api/auth/admin-login [32m200[0m 98.817 ms - 480[0m[39m
2026-01-26 17:33:48:3348 [35mhttp[39m: [35m[0mOPTIONS /api/admin/complaints/department/WASTE_MANAGEMENT [32m204[0m 0.284 ms - 0[0m[39m
2026-01-26 17:33:48:3348 [35mhttp[39m: [35m[0mOPTIONS /api/admin/complaints/department/WASTE_MANAGEMENT [32m204[0m 0.164 ms - 0[0m[39m
2026-01-26 17:33:48:3348 [35mhttp[39m: [35m[0mGET /api/admin/complaints/department/WASTE_MANAGEMENT [32m200[0m 70.221 ms - 2897864[0m[39m
2026-01-26 17:33:48:3348 [35mhttp[39m: [35m[0mOPTIONS /api/setup/teams/by-category/WASTE_MANAGEMENT [32m204[0m 0.203 ms - 0[0m[39m
2026-01-26 17:33:48:3348 [35mhttp[39m: [35m[0mGET /api/admin/complaints/department/WASTE_MANAGEMENT [36m304[0m 62.372 ms - -[0m[39m
2026-01-26 17:33:48:3348 [35mhttp[39m: [35m[0mGET /api/setup/teams/by-category/WASTE_MANAGEMENT [36m304[0m 7.937 ms - -[0m[39m
2026-01-26 17:33:48:3348 [35mhttp[39m: [35m[0mOPTIONS /api/setup/ward-offices [32m204[0m 0.838 ms - 0[0m[39m
2026-01-26 17:33:48:3348 [35mhttp[39m: [35m[0mGET /api/setup/teams/by-category/WASTE_MANAGEMENT [36m304[0m 7.877 ms - -[0m[39m
2026-01-26 17:33:48:3348 [35mhttp[39m: [35m[0mGET /api/setup/ward-offices [36m304[0m 10.430 ms - -[0m[39m
2026-01-26 17:33:48:3348 [35mhttp[39m: [35m[0mGET /api/setup/ward-offices [36m304[0m 5.728 ms - -[0m[39m
2026-01-26 17:38:10:3810 [35mhttp[39m: [35m[0mOPTIONS /api/admin/complaints/department/WASTE_MANAGEMENT [32m204[0m 0.231 ms - 0[0m[39m
2026-01-26 17:38:10:3810 [35mhttp[39m: [35m[0mGET /api/admin/complaints/department/WASTE_MANAGEMENT [36m304[0m 75.782 ms - -[0m[39m
2026-01-26 17:38:10:3810 [35mhttp[39m: [35m[0mOPTIONS /api/setup/teams/by-category/WASTE_MANAGEMENT [32m204[0m 0.226 ms - 0[0m[39m
2026-01-26 17:38:10:3810 [35mhttp[39m: [35m[0mGET /api/setup/teams/by-category/WASTE_MANAGEMENT [36m304[0m 6.303 ms - -[0m[39m
2026-01-26 17:38:10:3810 [35mhttp[39m: [35m[0mOPTIONS /api/setup/ward-offices [32m204[0m 0.212 ms - 0[0m[39m
2026-01-26 17:38:10:3810 [35mhttp[39m: [35m[0mGET /api/setup/ward-offices [36m304[0m 9.215 ms - -[0m[39m
2026-01-26 17:38:15:3815 [35mhttp[39m: [35m[0mGET /api/admin/complaints/department/WASTE_MANAGEMENT [36m304[0m 85.210 ms - -[0m[39m
2026-01-26 17:38:15:3815 [35mhttp[39m: [35m[0mGET /api/admin/complaints/department/WASTE_MANAGEMENT [36m304[0m 101.727 ms - -[0m[39m
2026-01-26 17:38:15:3815 [35mhttp[39m: [35m[0mGET /api/setup/teams/by-category/WASTE_MANAGEMENT [36m304[0m 6.250 ms - -[0m[39m
2026-01-26 17:38:15:3815 [35mhttp[39m: [35m[0mGET /api/setup/ward-offices [36m304[0m 10.059 ms - -[0m[39m
2026-01-26 17:38:15:3815 [35mhttp[39m: [35m[0mGET /api/setup/teams/by-category/WASTE_MANAGEMENT [36m304[0m 10.234 ms - -[0m[39m
2026-01-26 17:38:15:3815 [35mhttp[39m: [35m[0mGET /api/setup/ward-offices [36m304[0m 8.300 ms - -[0m[39m
2026-01-26 17:39:19:3919 [35mhttp[39m: [35m[0mOPTIONS /api/admin/complaints/department/WASTE_MANAGEMENT [32m204[0m 0.344 ms - 0[0m[39m
2026-01-26 17:39:19:3919 [35mhttp[39m: [35m[0mGET /api/admin/complaints/department/WASTE_MANAGEMENT [36m304[0m 68.759 ms - -[0m[39m
2026-01-26 17:39:19:3919 [35mhttp[39m: [35m[0mGET /api/admin/complaints/department/WASTE_MANAGEMENT [36m304[0m 77.464 ms - -[0m[39m
2026-01-26 17:39:19:3919 [35mhttp[39m: [35m[0mOPTIONS /api/setup/teams/by-category/WASTE_MANAGEMENT [32m204[0m 0.518 ms - 0[0m[39m
2026-01-26 17:39:19:3919 [35mhttp[39m: [35m[0mGET /api/setup/teams/by-category/WASTE_MANAGEMENT [36m304[0m 6.848 ms - -[0m[39m
2026-01-26 17:39:19:3919 [35mhttp[39m: [35m[0mOPTIONS /api/setup/ward-offices [32m204[0m 0.165 ms - 0[0m[39m
2026-01-26 17:39:19:3919 [35mhttp[39m: [35m[0mGET /api/setup/teams/by-category/WASTE_MANAGEMENT [36m304[0m 11.568 ms - -[0m[39m
2026-01-26 17:39:19:3919 [35mhttp[39m: [35m[0mGET /api/setup/ward-offices [36m304[0m 13.570 ms - -[0m[39m
2026-01-26 17:39:19:3919 [35mhttp[39m: [35m[0mGET /api/setup/ward-offices [36m304[0m 8.663 ms - -[0m[39m
2026-01-26 17:54:46:5446 [32minfo[39m: [32mMongoDB Connected: localhost[39m
2026-01-26 17:54:46:5446 [32minfo[39m: [32mServer running on port 5000[39m
2026-01-26 17:54:46:5446 [32minfo[39m: [32mEnvironment: development[39m
2026-01-26 17:55:05:555 [32minfo[39m: [32mMongoDB Connected: localhost[39m
2026-01-26 17:55:24:5524 [32minfo[39m: [32mMongoDB Connected: localhost[39m
2026-01-26 17:55:24:5524 [32minfo[39m: [32mServer running on port 5000[39m
2026-01-26 17:55:24:5524 [32minfo[39m: [32mEnvironment: development[39m
2026-01-26 17:55:49:5549 [32minfo[39m: [32mMongoDB Connected: localhost[39m
2026-01-26 17:56:02:562 [32minfo[39m: [32mMongoDB Connected: localhost[39m
2026-01-26 17:56:02:562 [32minfo[39m: [32mServer running on port 5000[39m
2026-01-26 17:56:02:562 [32minfo[39m: [32mEnvironment: development[39m
2026-01-26 17:56:18:5618 [32minfo[39m: [32mMongoDB Connected: localhost[39m
2026-01-26 17:56:32:5632 [32minfo[39m: [32mMongoDB Connected: localhost[39m
2026-01-26 17:56:32:5632 [32minfo[39m: [32mServer running on port 5000[39m
2026-01-26 17:56:32:5632 [32minfo[39m: [32mEnvironment: development[39m
2026-01-26 17:56:43:5643 [32minfo[39m: [32mMongoDB Connected: localhost[39m
2026-01-26 17:56:55:5655 [32minfo[39m: [32mMongoDB Connected: localhost[39m
2026-01-26 17:56:55:5655 [32minfo[39m: [32mServer running on port 5000[39m
2026-01-26 17:56:55:5655 [32minfo[39m: [32mEnvironment: development[39m
2026-01-26 17:57:08:578 [32minfo[39m: [32mMongoDB Connected: localhost[39m
2026-01-26 17:57:49:5749 [32minfo[39m: [32mMongoDB Connected: localhost[39m
2026-01-26 17:57:49:5749 [32minfo[39m: [32mServer running on port 5000[39m
2026-01-26 17:57:49:5749 [32minfo[39m: [32mEnvironment: development[39m
2026-01-26 17:58:13:5813 [35mhttp[39m: [35m[0mOPTIONS /api/admin/complaints/department/WASTE_MANAGEMENT [32m204[0m 4.276 ms - 0[0m[39m
2026-01-26 17:58:13:5813 [35mhttp[39m: [35m[0mOPTIONS /api/admin/complaints/department/WASTE_MANAGEMENT [32m204[0m 0.251 ms - 0[0m[39m
2026-01-26 17:58:13:5813 [35mhttp[39m: [35m[0mGET /api/admin/complaints/department/WASTE_MANAGEMENT [36m304[0m 147.368 ms - -[0m[39m
2026-01-26 17:58:13:5813 [35mhttp[39m: [35m[0mOPTIONS /api/setup/teams/by-category/WASTE_MANAGEMENT [32m204[0m 0.213 ms - 0[0m[39m
2026-01-26 17:58:13:5813 [35mhttp[39m: [35m[0mGET /api/admin/complaints/department/WASTE_MANAGEMENT [36m304[0m 91.059 ms - -[0m[39m
2026-01-26 17:58:13:5813 [35mhttp[39m: [35m[0mGET /api/setup/teams/by-category/WASTE_MANAGEMENT [32m200[0m 13.951 ms - 325[0m[39m
2026-01-26 17:58:13:5813 [35mhttp[39m: [35m[0mOPTIONS /api/setup/ward-offices [32m204[0m 0.127 ms - 0[0m[39m
2026-01-26 17:58:13:5813 [35mhttp[39m: [35m[0mGET /api/setup/teams/by-category/WASTE_MANAGEMENT [36m304[0m 8.982 ms - -[0m[39m
2026-01-26 17:58:13:5813 [35mhttp[39m: [35m[0mGET /api/setup/ward-offices [36m304[0m 13.320 ms - -[0m[39m
2026-01-26 17:58:13:5813 [35mhttp[39m: [35m[0mGET /api/setup/ward-offices [36m304[0m 8.981 ms - -[0m[39m
2026-01-26 17:58:38:5838 [35mhttp[39m: [35m[0mOPTIONS /api/admin/complaints/department/WASTE_MANAGEMENT [32m204[0m 0.465 ms - 0[0m[39m
2026-01-26 17:58:38:5838 [35mhttp[39m: [35m[0mOPTIONS /api/admin/complaints/department/WASTE_MANAGEMENT [32m204[0m 0.244 ms - 0[0m[39m
2026-01-26 17:58:39:5839 [35mhttp[39m: [35m[0mOPTIONS /api/setup/teams/by-category/WASTE_MANAGEMENT [32m204[0m 0.758 ms - 0[0m[39m
2026-01-26 17:58:39:5839 [35mhttp[39m: [35m[0mGET /api/setup/teams/by-category/WASTE_MANAGEMENT [36m304[0m 7.535 ms - -[0m[39m
2026-01-26 17:58:39:5839 [35mhttp[39m: [35m[0mOPTIONS /api/setup/ward-offices [32m204[0m 0.318 ms - 0[0m[39m
2026-01-26 17:58:39:5839 [35mhttp[39m: [35m[0mGET /api/setup/teams/by-category/WASTE_MANAGEMENT [36m304[0m 17.269 ms - -[0m[39m
2026-01-26 17:58:39:5839 [35mhttp[39m: [35m[0mGET /api/setup/ward-offices [36m304[0m 17.895 ms - -[0m[39m
2026-01-26 17:58:39:5839 [35mhttp[39m: [35m[0mGET /api/setup/ward-offices [36m304[0m 14.415 ms - -[0m[39m
2026-01-26 17:58:41:5841 [35mhttp[39m: [35m[0mOPTIONS /api/auth/logout [32m204[0m 0.121 ms - 0[0m[39m
2026-01-26 17:58:41:5841 [35mhttp[39m: [35m[0mGET /api/auth/logout [36m304[0m 0.460 ms - -[0m[39m
2026-01-26 17:58:49:5849 [35mhttp[39m: [35m[0mOPTIONS /api/auth/login [32m204[0m 0.882 ms - 0[0m[39m
2026-01-26 17:58:49:5849 [35mhttp[39m: [35m[0mPOST /api/auth/login [32m200[0m 146.599 ms - 441[0m[39m
2026-01-26 17:58:49:5849 [35mhttp[39m: [35m[0mOPTIONS /api/complaints/user/697757158868e88ea1daa664 [32m204[0m 6.076 ms - 0[0m[39m
2026-01-26 17:58:49:5849 [35mhttp[39m: [35m[0mOPTIONS /api/complaints/user/697757158868e88ea1daa664 [32m204[0m 0.267 ms - 0[0m[39m
2026-01-26 17:58:49:5849 [35mhttp[39m: [35m[0mGET /api/complaints/user/697757158868e88ea1daa664 [36m304[0m 9.465 ms - -[0m[39m
2026-01-26 17:58:49:5849 [35mhttp[39m: [35m[0mGET /api/complaints/user/697757158868e88ea1daa664 [36m304[0m 8.809 ms - -[0m[39m
2026-01-26 18:04:58:458 [35mhttp[39m: [35m[0mOPTIONS /api/complaints [32m204[0m 0.125 ms - 0[0m[39m
2026-01-26 18:04:58:458 [35mhttp[39m: [35m[0mPOST /api/complaints [32m201[0m 30.426 ms - 54645[0m[39m
2026-01-26 18:05:00:50 [35mhttp[39m: [35m[0mOPTIONS /api/complaints/user/697757158868e88ea1daa664 [32m204[0m 0.275 ms - 0[0m[39m
2026-01-26 18:05:00:50 [35mhttp[39m: [35m[0mGET /api/complaints/user/697757158868e88ea1daa664 [32m200[0m 25.067 ms - 54718[0m[39m
2026-01-26 18:05:00:50 [35mhttp[39m: [35m[0mGET /api/complaints/user/697757158868e88ea1daa664 [36m304[0m 19.413 ms - -[0m[39m
2026-01-26 18:05:04:54 [35mhttp[39m: [35m[0mOPTIONS /api/complaints/detail/69775f72d2010e5ac9dd376b [32m204[0m 0.308 ms - 0[0m[39m
2026-01-26 18:05:04:54 [35mhttp[39m: [35m[0mGET /api/complaints/detail/69775f72d2010e5ac9dd376b [32m200[0m 17.598 ms - 54645[0m[39m
2026-01-26 18:05:04:54 [35mhttp[39m: [35m[0mGET /api/complaints/detail/69775f72d2010e5ac9dd376b [36m304[0m 7.464 ms - -[0m[39m
2026-01-26 18:05:21:521 [35mhttp[39m: [35m[0mOPTIONS /api/auth/logout [32m204[0m 0.112 ms - 0[0m[39m
2026-01-26 18:05:21:521 [35mhttp[39m: [35m[0mGET /api/auth/logout [36m304[0m 0.381 ms - -[0m[39m
2026-01-26 18:05:36:536 [35mhttp[39m: [35m[0mOPTIONS /api/auth/admin-login [32m204[0m 0.166 ms - 0[0m[39m
2026-01-26 18:05:36:536 [31merror[39m: [31m401 - Invalid email or password - /api/auth/admin-login - POST - ::1[39m
2026-01-26 18:05:36:536 [31merror[39m: [31mError: Invalid email or password[39m
[31m    at file:///E:/01.%20My%20Data/CivicCare_Smart_City/backend/src/controllers/authController.js:83:17[39m
2026-01-26 18:05:36:536 [35mhttp[39m: [35m[0mPOST /api/auth/admin-login [33m401[0m 103.846 ms - 55[0m[39m
2026-01-26 18:05:50:550 [35mhttp[39m: [35m[0mOPTIONS /api/auth/admin-login [32m204[0m 0.119 ms - 0[0m[39m
2026-01-26 18:05:50:550 [31merror[39m: [31m401 - Invalid email or password - /api/auth/admin-login - POST - ::1[39m
2026-01-26 18:05:50:550 [31merror[39m: [31mError: Invalid email or password[39m
[31m    at file:///E:/01.%20My%20Data/CivicCare_Smart_City/backend/src/controllers/authController.js:83:17[39m
2026-01-26 18:05:50:550 [35mhttp[39m: [35m[0mPOST /api/auth/admin-login [33m401[0m 98.676 ms - 55[0m[39m
2026-01-26 18:06:11:611 [35mhttp[39m: [35m[0mOPTIONS /api/auth/admin-login [32m204[0m 0.175 ms - 0[0m[39m
2026-01-26 18:06:11:611 [35mhttp[39m: [35m[0mPOST /api/auth/admin-login [32m200[0m 98.029 ms - 480[0m[39m
2026-01-26 18:06:11:611 [35mhttp[39m: [35m[0mOPTIONS /api/admin/complaints/department/WASTE_MANAGEMENT [32m204[0m 0.378 ms - 0[0m[39m
2026-01-26 18:06:11:611 [35mhttp[39m: [35m[0mOPTIONS /api/admin/complaints/department/WASTE_MANAGEMENT [32m204[0m 0.232 ms - 0[0m[39m
2026-01-26 18:06:12:612 [35mhttp[39m: [35m[0mGET /api/admin/complaints/department/WASTE_MANAGEMENT [36m304[0m 69.923 ms - -[0m[39m
2026-01-26 18:06:12:612 [35mhttp[39m: [35m[0mOPTIONS /api/setup/teams/by-category/WASTE_MANAGEMENT [32m204[0m 0.256 ms - 0[0m[39m
2026-01-26 18:06:12:612 [35mhttp[39m: [35m[0mGET /api/admin/complaints/department/WASTE_MANAGEMENT [36m304[0m 62.109 ms - -[0m[39m
2026-01-26 18:06:12:612 [35mhttp[39m: [35m[0mGET /api/setup/teams/by-category/WASTE_MANAGEMENT [36m304[0m 7.862 ms - -[0m[39m
2026-01-26 18:06:12:612 [35mhttp[39m: [35m[0mOPTIONS /api/setup/ward-offices [32m204[0m 0.101 ms - 0[0m[39m
2026-01-26 18:06:12:612 [35mhttp[39m: [35m[0mGET /api/setup/teams/by-category/WASTE_MANAGEMENT [36m304[0m 7.176 ms - -[0m[39m
2026-01-26 18:06:12:612 [35mhttp[39m: [35m[0mGET /api/setup/ward-offices [36m304[0m 10.764 ms - -[0m[39m
2026-01-26 18:06:12:612 [35mhttp[39m: [35m[0mGET /api/setup/ward-offices [36m304[0m 5.600 ms - -[0m[39m
2026-01-26 18:09:36:936 [31merror[39m: [31m400 - Category is required - /api/complaints - POST - ::ffff:127.0.0.1[39m
2026-01-26 18:09:36:936 [31merror[39m: [31mError: Category is required[39m
[31m    at validate (E:\01. My Data\CivicCare_Smart_City\backend\src\middleware\validation.js:8:17)[39m
[31m    at Layer.handle [as handle_request] (E:\01. My Data\CivicCare_Smart_City\backend\node_modules\express\lib\router\layer.js:95:5)[39m
[31m    at next (E:\01. My Data\CivicCare_Smart_City\backend\node_modules\express\lib\router\route.js:149:13)[39m
[31m    at middleware (E:\01. My Data\CivicCare_Smart_City\backend\node_modules\express-validator\lib\middlewares\check.js:16:13)[39m
[31m    at processTicksAndRejections (node:internal/process/task_queues:105:5)[39m
2026-01-26 18:11:32:1132 [32minfo[39m: [32mMongoDB Connected: localhost[39m
2026-01-26 18:11:32:1132 [32minfo[39m: [32mServer running on port 5000[39m
2026-01-26 18:11:32:1132 [32minfo[39m: [32mEnvironment: development[39m
2026-01-26 18:11:50:1150 [32minfo[39m: [32mMongoDB Connected: localhost[39m
2026-01-26 18:11:51:1151 [35mhttp[39m: [35m[0mPOST /api/auth/login [32m200[0m 170.055 ms - 465[0m[39m
2026-01-26 18:11:51:1151 [35mhttp[39m: [35m[0mPOST /api/complaints [32m201[0m 30.337 ms - 741[0m[39m
2026-01-26 18:11:51:1151 [35mhttp[39m: [35m[0mGET /api/complaints/user/6977610e4b21a2ba93fe0824 [32m200[0m 18.012 ms - 814[0m[39m
2026-01-26 18:12:39:1239 [32minfo[39m: [32mMongoDB Connected: localhost[39m
2026-01-26 18:12:39:1239 [32minfo[39m: [32mServer running on port 5000[39m
2026-01-26 18:12:39:1239 [32minfo[39m: [32mEnvironment: development[39m
2026-01-26 18:12:50:1250 [32minfo[39m: [32mMongoDB Connected: localhost[39m
2026-01-26 18:12:50:1250 [32minfo[39m: [32mServer running on port 5000[39m
2026-01-26 18:12:50:1250 [32minfo[39m: [32mEnvironment: development[39m
2026-01-26 18:13:05:135 [32minfo[39m: [32mMongoDB Connected: localhost[39m
2026-01-26 18:13:05:135 [32minfo[39m: [32mServer running on port 5000[39m
2026-01-26 18:13:05:135 [32minfo[39m: [32mEnvironment: development[39m
2026-01-26 18:13:38:1338 [32minfo[39m: [32mMongoDB Connected: localhost[39m
2026-01-26 18:13:38:1338 [32minfo[39m: [32mServer running on port 5000[39m
2026-01-26 18:13:38:1338 [32minfo[39m: [32mEnvironment: development[39m
2026-01-26 18:14:20:1420 [35mhttp[39m: [35m[0mOPTIONS /api/admin/complaints/department/WASTE_MANAGEMENT [32m204[0m 1.522 ms - 0[0m[39m
2026-01-26 18:14:20:1420 [35mhttp[39m: [35m[0mOPTIONS /api/admin/complaints/department/WASTE_MANAGEMENT [32m204[0m 0.422 ms - 0[0m[39m
2026-01-26 18:14:20:1420 [35mhttp[39m: [35m[0mGET /api/admin/complaints/department/WASTE_MANAGEMENT [32m200[0m 168.358 ms - 2898577[0m[39m
2026-01-26 18:14:20:1420 [35mhttp[39m: [35m[0mOPTIONS /api/setup/teams/by-category/WASTE_MANAGEMENT [32m204[0m 0.667 ms - 0[0m[39m
2026-01-26 18:14:20:1420 [35mhttp[39m: [35m[0mGET /api/admin/complaints/department/WASTE_MANAGEMENT [36m304[0m 104.547 ms - -[0m[39m
2026-01-26 18:14:20:1420 [35mhttp[39m: [35m[0mGET /api/setup/teams/by-category/WASTE_MANAGEMENT [36m304[0m 10.993 ms - -[0m[39m
2026-01-26 18:14:20:1420 [35mhttp[39m: [35m[0mOPTIONS /api/setup/ward-offices [32m204[0m 0.230 ms - 0[0m[39m
2026-01-26 18:14:20:1420 [35mhttp[39m: [35m[0mGET /api/setup/ward-offices [36m304[0m 14.098 ms - -[0m[39m
2026-01-26 18:14:20:1420 [35mhttp[39m: [35m[0mGET /api/setup/teams/by-category/WASTE_MANAGEMENT [36m304[0m 10.947 ms - -[0m[39m
2026-01-26 18:14:20:1420 [35mhttp[39m: [35m[0mGET /api/setup/ward-offices [36m304[0m 8.602 ms - -[0m[39m
2026-01-26 18:14:22:1422 [35mhttp[39m: [35m[0mGET /api/admin/complaints/department/WASTE_MANAGEMENT [36m304[0m 95.160 ms - -[0m[39m
2026-01-26 18:14:22:1422 [35mhttp[39m: [35m[0mGET /api/admin/complaints/department/WASTE_MANAGEMENT [36m304[0m 101.576 ms - -[0m[39m
2026-01-26 18:14:22:1422 [35mhttp[39m: [35m[0mGET /api/setup/teams/by-category/WASTE_MANAGEMENT [36m304[0m 51.234 ms - -[0m[39m
2026-01-26 18:14:22:1422 [35mhttp[39m: [35m[0mGET /api/setup/ward-offices [36m304[0m 7.619 ms - -[0m[39m
2026-01-26 18:14:22:1422 [35mhttp[39m: [35m[0mGET /api/setup/teams/by-category/WASTE_MANAGEMENT [36m304[0m 7.173 ms - -[0m[39m
2026-01-26 18:14:22:1422 [35mhttp[39m: [35m[0mGET /api/setup/ward-offices [36m304[0m 9.351 ms - -[0m[39m
2026-01-26 18:14:24:1424 [35mhttp[39m: [35m[0mOPTIONS /api/auth/logout [32m204[0m 0.168 ms - 0[0m[39m
2026-01-26 18:14:24:1424 [35mhttp[39m: [35m[0mGET /api/auth/logout [36m304[0m 0.665 ms - -[0m[39m
2026-01-26 18:14:33:1433 [35mhttp[39m: [35m[0mOPTIONS /api/auth/login [32m204[0m 0.222 ms - 0[0m[39m
2026-01-26 18:14:33:1433 [35mhttp[39m: [35m[0mPOST /api/auth/login [32m200[0m 176.971 ms - 441[0m[39m
2026-01-26 18:14:33:1433 [35mhttp[39m: [35m[0mOPTIONS /api/complaints/user/697757158868e88ea1daa664 [32m204[0m 0.703 ms - 0[0m[39m
2026-01-26 18:14:33:1433 [35mhttp[39m: [35m[0mGET /api/complaints/user/697757158868e88ea1daa664 [36m304[0m 15.299 ms - -[0m[39m
2026-01-26 18:14:33:1433 [35mhttp[39m: [35m[0mGET /api/complaints/user/697757158868e88ea1daa664 [36m304[0m 15.832 ms - -[0m[39m
2026-01-26 18:14:36:1436 [35mhttp[39m: [35m[0mOPTIONS /api/complaints/detail/69775f72d2010e5ac9dd376b [32m204[0m 0.426 ms - 0[0m[39m
2026-01-26 18:14:36:1436 [35mhttp[39m: [35m[0mOPTIONS /api/complaints/detail/69775f72d2010e5ac9dd376b [32m204[0m 1.058 ms - 0[0m[39m
2026-01-26 18:14:36:1436 [35mhttp[39m: [35m[0mGET /api/complaints/detail/69775f72d2010e5ac9dd376b [36m304[0m 18.006 ms - -[0m[39m
2026-01-26 18:14:36:1436 [35mhttp[39m: [35m[0mGET /api/complaints/detail/69775f72d2010e5ac9dd376b [36m304[0m 11.821 ms - -[0m[39m
2026-01-26 18:14:39:1439 [35mhttp[39m: [35m[0mOPTIONS /api/complaints/user/697757158868e88ea1daa664 [32m204[0m 0.223 ms - 0[0m[39m
2026-01-26 18:14:39:1439 [35mhttp[39m: [35m[0mOPTIONS /api/complaints/user/697757158868e88ea1daa664 [32m204[0m 0.209 ms - 0[0m[39m
2026-01-26 18:14:39:1439 [35mhttp[39m: [35m[0mGET /api/complaints/user/697757158868e88ea1daa664 [36m304[0m 17.752 ms - -[0m[39m
2026-01-26 18:14:39:1439 [35mhttp[39m: [35m[0mGET /api/complaints/user/697757158868e88ea1daa664 [36m304[0m 16.053 ms - -[0m[39m
2026-01-26 18:14:42:1442 [35mhttp[39m: [35m[0mOPTIONS /api/auth/logout [32m204[0m 0.153 ms - 0[0m[39m
2026-01-26 18:14:42:1442 [35mhttp[39m: [35m[0mGET /api/auth/logout [36m304[0m 0.541 ms - -[0m[39m
2026-01-26 18:14:52:1452 [35mhttp[39m: [35m[0mOPTIONS /api/auth/admin-login [32m204[0m 0.225 ms - 0[0m[39m
2026-01-26 18:14:52:1452 [35mhttp[39m: [35m[0mPOST /api/auth/admin-login [32m200[0m 115.570 ms - 480[0m[39m
2026-01-26 18:14:52:1452 [35mhttp[39m: [35m[0mOPTIONS /api/admin/complaints/department/WASTE_MANAGEMENT [32m204[0m 0.161 ms - 0[0m[39m
2026-01-26 18:14:52:1452 [35mhttp[39m: [35m[0mGET /api/admin/complaints/department/WASTE_MANAGEMENT [36m304[0m 105.823 ms - -[0m[39m
2026-01-26 18:14:52:1452 [35mhttp[39m: [35m[0mOPTIONS /api/setup/teams/by-category/WASTE_MANAGEMENT [32m204[0m 0.172 ms - 0[0m[39m
2026-01-26 18:14:52:1452 [35mhttp[39m: [35m[0mGET /api/admin/complaints/department/WASTE_MANAGEMENT [36m304[0m 92.759 ms - -[0m[39m
2026-01-26 18:14:52:1452 [35mhttp[39m: [35m[0mGET /api/setup/teams/by-category/WASTE_MANAGEMENT [36m304[0m 10.560 ms - -[0m[39m
2026-01-26 18:14:52:1452 [35mhttp[39m: [35m[0mOPTIONS /api/setup/ward-offices [32m204[0m 0.176 ms - 0[0m[39m
2026-01-26 18:14:52:1452 [35mhttp[39m: [35m[0mGET /api/setup/ward-offices [36m304[0m 9.180 ms - -[0m[39m
2026-01-26 18:14:52:1452 [35mhttp[39m: [35m[0mGET /api/setup/teams/by-category/WASTE_MANAGEMENT [36m304[0m 7.148 ms - -[0m[39m
2026-01-26 18:14:52:1452 [35mhttp[39m: [35m[0mGET /api/setup/ward-offices [36m304[0m 10.538 ms - -[0m[39m
2026-01-26 18:15:37:1537 [35mhttp[39m: [35m[0mOPTIONS /api/admin/complaints/department/WASTE_MANAGEMENT [32m204[0m 0.205 ms - 0[0m[39m
2026-01-26 18:15:37:1537 [35mhttp[39m: [35m[0mOPTIONS /api/admin/complaints/department/WASTE_MANAGEMENT [32m204[0m 0.159 ms - 0[0m[39m
2026-01-26 18:15:37:1537 [35mhttp[39m: [35m[0mGET /api/admin/complaints/department/WASTE_MANAGEMENT [36m304[0m 89.307 ms - -[0m[39m
2026-01-26 18:15:37:1537 [35mhttp[39m: [35m[0mOPTIONS /api/setup/teams/by-category/WASTE_MANAGEMENT [32m204[0m 0.151 ms - 0[0m[39m
2026-01-26 18:15:37:1537 [35mhttp[39m: [35m[0mGET /api/admin/complaints/department/WASTE_MANAGEMENT [36m304[0m 88.574 ms - -[0m[39m
2026-01-26 18:15:37:1537 [35mhttp[39m: [35m[0mGET /api/setup/teams/by-category/WASTE_MANAGEMENT [36m304[0m 9.653 ms - -[0m[39m
2026-01-26 18:15:37:1537 [35mhttp[39m: [35m[0mOPTIONS /api/setup/ward-offices [32m204[0m 0.147 ms - 0[0m[39m
2026-01-26 18:15:37:1537 [35mhttp[39m: [35m[0mGET /api/setup/ward-offices [36m304[0m 9.133 ms - -[0m[39m
2026-01-26 18:15:37:1537 [35mhttp[39m: [35m[0mGET /api/setup/teams/by-category/WASTE_MANAGEMENT [36m304[0m 7.843 ms - -[0m[39m
2026-01-26 18:15:37:1537 [35mhttp[39m: [35m[0mGET /api/setup/ward-offices [36m304[0m 6.234 ms - -[0m[39m
2026-01-26 18:15:42:1542 [35mhttp[39m: [35m[0mOPTIONS /api/auth/logout [32m204[0m 0.200 ms - 0[0m[39m
2026-01-26 18:15:42:1542 [35mhttp[39m: [35m[0mGET /api/auth/logout [36m304[0m 0.544 ms - -[0m[39m
2026-01-26 18:15:54:1554 [35mhttp[39m: [35m[0mOPTIONS /api/auth/login [32m204[0m 0.197 ms - 0[0m[39m
2026-01-26 18:15:54:1554 [35mhttp[39m: [35m[0mPOST /api/auth/login [32m200[0m 119.003 ms - 441[0m[39m
2026-01-26 18:15:54:1554 [35mhttp[39m: [35m[0mOPTIONS /api/complaints/user/697757158868e88ea1daa664 [32m204[0m 0.202 ms - 0[0m[39m
2026-01-26 18:15:54:1554 [35mhttp[39m: [35m[0mGET /api/complaints/user/697757158868e88ea1daa664 [36m304[0m 12.593 ms - -[0m[39m
2026-01-26 18:15:54:1554 [35mhttp[39m: [35m[0mGET /api/complaints/user/697757158868e88ea1daa664 [36m304[0m 25.013 ms - -[0m[39m
2026-01-26 18:18:03:183 [35mhttp[39m: [35m[0mOPTIONS /api/auth/logout [32m204[0m 0.142 ms - 0[0m[39m
2026-01-26 18:18:03:183 [35mhttp[39m: [35m[0mGET /api/auth/logout [36m304[0m 0.413 ms - -[0m[39m
2026-01-26 18:18:13:1813 [35mhttp[39m: [35m[0mOPTIONS /api/auth/admin-login [32m204[0m 0.225 ms - 0[0m[39m
2026-01-26 18:18:13:1813 [35mhttp[39m: [35m[0mPOST /api/auth/admin-login [32m200[0m 115.049 ms - 480[0m[39m
2026-01-26 18:18:13:1813 [35mhttp[39m: [35m[0mOPTIONS /api/admin/complaints/department/WASTE_MANAGEMENT [32m204[0m 0.154 ms - 0[0m[39m
2026-01-26 18:18:13:1813 [35mhttp[39m: [35m[0mOPTIONS /api/admin/complaints/department/WASTE_MANAGEMENT [32m204[0m 0.214 ms - 0[0m[39m
2026-01-26 18:18:13:1813 [35mhttp[39m: [35m[0mGET /api/admin/complaints/department/WASTE_MANAGEMENT [36m304[0m 88.372 ms - -[0m[39m
2026-01-26 18:18:13:1813 [35mhttp[39m: [35m[0mOPTIONS /api/setup/teams/by-category/WASTE_MANAGEMENT [32m204[0m 0.247 ms - 0[0m[39m
2026-01-26 18:18:13:1813 [35mhttp[39m: [35m[0mGET /api/admin/complaints/department/WASTE_MANAGEMENT [36m304[0m 94.397 ms - -[0m[39m
2026-01-26 18:18:13:1813 [35mhttp[39m: [35m[0mGET /api/setup/teams/by-category/WASTE_MANAGEMENT [36m304[0m 9.568 ms - -[0m[39m
2026-01-26 18:18:13:1813 [35mhttp[39m: [35m[0mOPTIONS /api/setup/ward-offices [32m204[0m 0.171 ms - 0[0m[39m
2026-01-26 18:18:13:1813 [35mhttp[39m: [35m[0mGET /api/setup/teams/by-category/WASTE_MANAGEMENT [36m304[0m 7.198 ms - -[0m[39m
2026-01-26 18:18:13:1813 [35mhttp[39m: [35m[0mGET /api/setup/ward-offices [36m304[0m 8.102 ms - -[0m[39m
2026-01-26 18:18:13:1813 [35mhttp[39m: [35m[0mGET /api/setup/ward-offices [36m304[0m 5.792 ms - -[0m[39m
2026-01-26 18:21:49:2149 [35mhttp[39m: [35m[0mOPTIONS /api/admin/complaints/department/WASTE_MANAGEMENT [32m204[0m 0.229 ms - 0[0m[39m
2026-01-26 18:21:49:2149 [35mhttp[39m: [35m[0mOPTIONS /api/admin/complaints/department/WASTE_MANAGEMENT [32m204[0m 0.173 ms - 0[0m[39m
2026-01-26 18:21:50:2150 [35mhttp[39m: [35m[0mGET /api/admin/complaints/department/WASTE_MANAGEMENT [36m304[0m 80.631 ms - -[0m[39m
2026-01-26 18:21:50:2150 [35mhttp[39m: [35m[0mGET /api/admin/complaints/department/WASTE_MANAGEMENT [36m304[0m 88.846 ms - -[0m[39m
2026-01-26 18:21:50:2150 [35mhttp[39m: [35m[0mOPTIONS /api/setup/teams/by-category/WASTE_MANAGEMENT [32m204[0m 0.178 ms - 0[0m[39m
2026-01-26 18:21:50:2150 [35mhttp[39m: [35m[0mGET /api/setup/teams/by-category/WASTE_MANAGEMENT [36m304[0m 5.900 ms - -[0m[39m
2026-01-26 18:21:50:2150 [35mhttp[39m: [35m[0mOPTIONS /api/setup/ward-offices [32m204[0m 0.276 ms - 0[0m[39m
2026-01-26 18:21:50:2150 [35mhttp[39m: [35m[0mGET /api/setup/ward-offices [36m304[0m 6.094 ms - -[0m[39m
2026-01-26 18:21:50:2150 [35mhttp[39m: [35m[0mGET /api/setup/teams/by-category/WASTE_MANAGEMENT [36m304[0m 8.075 ms - -[0m[39m
2026-01-26 18:21:50:2150 [35mhttp[39m: [35m[0mGET /api/setup/ward-offices [36m304[0m 6.141 ms - -[0m[39m
2026-01-26 18:22:01:221 [35mhttp[39m: [35m[0mOPTIONS /api/admin/complaints/department/WASTE_MANAGEMENT [32m204[0m 0.250 ms - 0[0m[39m
2026-01-26 18:22:01:221 [35mhttp[39m: [35m[0mGET /api/admin/complaints/department/WASTE_MANAGEMENT [36m304[0m 79.940 ms - -[0m[39m
2026-01-26 18:22:01:221 [35mhttp[39m: [35m[0mOPTIONS /api/setup/teams/by-category/WASTE_MANAGEMENT [32m204[0m 0.107 ms - 0[0m[39m
2026-01-26 18:22:01:221 [35mhttp[39m: [35m[0mGET /api/setup/teams/by-category/WASTE_MANAGEMENT [36m304[0m 9.787 ms - -[0m[39m
2026-01-26 18:22:01:221 [35mhttp[39m: [35m[0mOPTIONS /api/setup/ward-offices [32m204[0m 0.154 ms - 0[0m[39m
2026-01-26 18:22:01:221 [35mhttp[39m: [35m[0mGET /api/setup/ward-offices [36m304[0m 8.568 ms - -[0m[39m
2026-01-26 18:22:35:2235 [35mhttp[39m: [35m[0mOPTIONS /api/admin/complaints/department/WASTE_MANAGEMENT [32m204[0m 0.094 ms - 0[0m[39m
2026-01-26 18:22:35:2235 [35mhttp[39m: [35m[0mGET /api/admin/complaints/department/WASTE_MANAGEMENT [36m304[0m 58.547 ms - -[0m[39m
2026-01-26 18:22:35:2235 [35mhttp[39m: [35m[0mOPTIONS /api/setup/teams/by-category/WASTE_MANAGEMENT [32m204[0m 0.098 ms - 0[0m[39m
2026-01-26 18:22:35:2235 [35mhttp[39m: [35m[0mGET /api/setup/teams/by-category/WASTE_MANAGEMENT [36m304[0m 31.946 ms - -[0m[39m
2026-01-26 18:22:35:2235 [35mhttp[39m: [35m[0mOPTIONS /api/setup/ward-offices [32m204[0m 0.093 ms - 0[0m[39m
2026-01-26 18:22:35:2235 [35mhttp[39m: [35m[0mGET /api/setup/ward-offices [36m304[0m 6.379 ms - -[0m[39m
2026-01-26 18:23:28:2328 [35mhttp[39m: [35m[0mOPTIONS /api/admin/complaints/department/WASTE_MANAGEMENT [32m204[0m 0.219 ms - 0[0m[39m
2026-01-26 18:23:28:2328 [35mhttp[39m: [35m[0mGET /api/admin/complaints/department/WASTE_MANAGEMENT [36m304[0m 66.545 ms - -[0m[39m
2026-01-26 18:23:28:2328 [35mhttp[39m: [35m[0mOPTIONS /api/setup/teams/by-category/WASTE_MANAGEMENT [32m204[0m 0.164 ms - 0[0m[39m
2026-01-26 18:29:26:2926 [35mhttp[39m: [35m[0mOPTIONS /api/admin/complaints/department/WASTE_MANAGEMENT [32m204[0m 0.183 ms - 0[0m[39m
2026-01-26 18:29:26:2926 [35mhttp[39m: [35m[0mOPTIONS /api/admin/complaints/department/WASTE_MANAGEMENT [32m204[0m 0.345 ms - 0[0m[39m
2026-01-26 18:29:26:2926 [35mhttp[39m: [35m[0mGET /api/admin/complaints/department/WASTE_MANAGEMENT [36m304[0m 103.209 ms - -[0m[39m
2026-01-26 18:29:26:2926 [35mhttp[39m: [35m[0mOPTIONS /api/setup/teams/by-category/WASTE_MANAGEMENT [32m204[0m 0.136 ms - 0[0m[39m
2026-01-26 18:29:26:2926 [35mhttp[39m: [35m[0mGET /api/admin/complaints/department/WASTE_MANAGEMENT [36m304[0m 105.506 ms - -[0m[39m
2026-01-26 18:29:26:2926 [35mhttp[39m: [35m[0mGET /api/setup/teams/by-category/WASTE_MANAGEMENT [32m200[0m 15.718 ms - 325[0m[39m
2026-01-26 18:29:26:2926 [35mhttp[39m: [35m[0mOPTIONS /api/setup/ward-offices [32m204[0m 0.363 ms - 0[0m[39m
2026-01-26 18:29:26:2926 [35mhttp[39m: [35m[0mGET /api/setup/teams/by-category/WASTE_MANAGEMENT [36m304[0m 10.079 ms - -[0m[39m
2026-01-26 18:29:26:2926 [35mhttp[39m: [35m[0mGET /api/setup/ward-offices [36m304[0m 14.987 ms - -[0m[39m
2026-01-26 18:29:26:2926 [35mhttp[39m: [35m[0mGET /api/setup/ward-offices [36m304[0m 8.367 ms - -[0m[39m
2026-01-26 18:41:25:4125 [35mhttp[39m: [35m[0mOPTIONS /api/admin/complaints/department/WASTE_MANAGEMENT [32m204[0m 0.398 ms - 0[0m[39m
2026-01-26 18:41:26:4126 [35mhttp[39m: [35m[0mOPTIONS /api/admin/complaints/department/WASTE_MANAGEMENT [32m204[0m 0.147 ms - 0[0m[39m
2026-01-26 18:41:26:4126 [35mhttp[39m: [35m[0mGET /api/admin/complaints/department/WASTE_MANAGEMENT [36m304[0m 106.113 ms - -[0m[39m
2026-01-26 18:41:26:4126 [35mhttp[39m: [35m[0mGET /api/admin/complaints/department/WASTE_MANAGEMENT [36m304[0m 146.060 ms - -[0m[39m
2026-01-26 18:41:26:4126 [35mhttp[39m: [35m[0mOPTIONS /api/setup/teams/by-category/WASTE_MANAGEMENT [32m204[0m 0.162 ms - 0[0m[39m
2026-01-26 18:41:26:4126 [35mhttp[39m: [35m[0mGET /api/setup/teams/by-category/WASTE_MANAGEMENT [36m304[0m 56.710 ms - -[0m[39m
2026-01-26 18:41:28:4128 [35mhttp[39m: [35m[0mOPTIONS /api/setup/ward-offices [32m204[0m 0.147 ms - 0[0m[39m
2026-01-26 18:41:28:4128 [35mhttp[39m: [35m[0mGET /api/setup/teams/by-category/WASTE_MANAGEMENT [36m304[0m 11.520 ms - -[0m[39m
2026-01-26 18:41:28:4128 [35mhttp[39m: [35m[0mGET /api/setup/ward-offices [36m304[0m 14.052 ms - -[0m[39m
2026-01-26 18:41:28:4128 [35mhttp[39m: [35m[0mGET /api/setup/ward-offices [36m304[0m 9.082 ms - -[0m[39m
2026-01-27 10:53:37:5337 [32minfo[39m: [32mMongoDB Connected: localhost[39m
2026-01-27 10:53:37:5337 [32minfo[39m: [32mServer running on port 5000[39m
2026-01-27 10:53:37:5337 [32minfo[39m: [32mEnvironment: development[39m
2026-01-27 11:11:54:1154 [35mhttp[39m: [35m[0mOPTIONS /api/auth/logout [32m204[0m 1.518 ms - 0[0m[39m
2026-01-27 11:11:54:1154 [35mhttp[39m: [35m[0mGET /api/auth/logout [32m200[0m 2.887 ms - 52[0m[39m
2026-01-27 11:16:35:1635 [35mhttp[39m: [35m[0mOPTIONS /api/auth/admin-login [32m204[0m 0.513 ms - 0[0m[39m
2026-01-27 11:16:35:1635 [35mhttp[39m: [35m[0mPOST /api/auth/admin-login [32m200[0m 334.265 ms - 480[0m[39m
2026-01-27 11:16:35:1635 [35mhttp[39m: [35m[0mOPTIONS /api/admin/complaints/department/WASTE_MANAGEMENT [32m204[0m 0.381 ms - 0[0m[39m
2026-01-27 11:16:35:1635 [35mhttp[39m: [35m[0mOPTIONS /api/admin/complaints/department/WASTE_MANAGEMENT [32m204[0m 0.336 ms - 0[0m[39m
2026-01-27 11:16:35:1635 [35mhttp[39m: [35m[0mGET /api/admin/complaints/department/WASTE_MANAGEMENT [32m200[0m 144.944 ms - 2898577[0m[39m
2026-01-27 11:16:35:1635 [35mhttp[39m: [35m[0mOPTIONS /api/setup/teams/by-category/WASTE_MANAGEMENT [32m204[0m 0.241 ms - 0[0m[39m
2026-01-27 11:16:35:1635 [35mhttp[39m: [35m[0mGET /api/setup/teams/by-category/WASTE_MANAGEMENT [32m200[0m 9.700 ms - 325[0m[39m
2026-01-27 11:16:35:1635 [35mhttp[39m: [35m[0mOPTIONS /api/setup/ward-offices [32m204[0m 0.468 ms - 0[0m[39m
2026-01-27 11:16:35:1635 [35mhttp[39m: [35m[0mGET /api/admin/complaints/department/WASTE_MANAGEMENT [36m304[0m 119.747 ms - -[0m[39m
2026-01-27 11:16:36:1636 [35mhttp[39m: [35m[0mGET /api/setup/ward-offices [32m200[0m 35.175 ms - 877[0m[39m
2026-01-27 11:16:36:1636 [35mhttp[39m: [35m[0mGET /api/setup/teams/by-category/WASTE_MANAGEMENT [36m304[0m 10.304 ms - -[0m[39m
2026-01-27 11:16:36:1636 [35mhttp[39m: [35m[0mGET /api/setup/ward-offices [36m304[0m 10.481 ms - -[0m[39m
2026-01-27 11:17:15:1715 [35mhttp[39m: [35m[0mOPTIONS /api/auth/logout [32m204[0m 0.149 ms - 0[0m[39m
2026-01-27 11:17:15:1715 [35mhttp[39m: [35m[0mGET /api/auth/logout [36m304[0m 0.854 ms - -[0m[39m
2026-01-27 11:17:28:1728 [35mhttp[39m: [35m[0mOPTIONS /api/auth/login [32m204[0m 0.269 ms - 0[0m[39m
2026-01-27 11:17:28:1728 [35mhttp[39m: [35m[0mPOST /api/auth/login [32m200[0m 119.638 ms - 441[0m[39m
2026-01-27 11:17:29:1729 [35mhttp[39m: [35m[0mOPTIONS /api/complaints/user/697757158868e88ea1daa664 [32m204[0m 0.335 ms - 0[0m[39m
2026-01-27 11:17:29:1729 [35mhttp[39m: [35m[0mOPTIONS /api/complaints/user/697757158868e88ea1daa664 [32m204[0m 0.240 ms - 0[0m[39m
2026-01-27 11:17:29:1729 [35mhttp[39m: [35m[0mGET /api/complaints/user/697757158868e88ea1daa664 [32m200[0m 22.762 ms - 54718[0m[39m
2026-01-27 11:17:29:1729 [35mhttp[39m: [35m[0mGET /api/complaints/user/697757158868e88ea1daa664 [36m304[0m 20.111 ms - -[0m[39m
2026-01-27 11:17:31:1731 [35mhttp[39m: [35m[0mOPTIONS /api/complaints/detail/69775f72d2010e5ac9dd376b [32m204[0m 0.353 ms - 0[0m[39m
2026-01-27 11:17:31:1731 [35mhttp[39m: [35m[0mOPTIONS /api/complaints/detail/69775f72d2010e5ac9dd376b [32m204[0m 0.180 ms - 0[0m[39m
2026-01-27 11:17:31:1731 [35mhttp[39m: [35m[0mGET /api/complaints/detail/69775f72d2010e5ac9dd376b [32m200[0m 13.846 ms - 54645[0m[39m
2026-01-27 11:17:31:1731 [35mhttp[39m: [35m[0mGET /api/complaints/detail/69775f72d2010e5ac9dd376b [36m304[0m 11.583 ms - -[0m[39m
2026-01-27 11:17:37:1737 [35mhttp[39m: [35m[0mOPTIONS /api/complaints/user/697757158868e88ea1daa664 [32m204[0m 1.187 ms - 0[0m[39m
2026-01-27 11:17:37:1737 [35mhttp[39m: [35m[0mOPTIONS /api/complaints/user/697757158868e88ea1daa664 [32m204[0m 0.269 ms - 0[0m[39m
2026-01-27 11:17:37:1737 [35mhttp[39m: [35m[0mGET /api/complaints/user/697757158868e88ea1daa664 [36m304[0m 18.724 ms - -[0m[39m
2026-01-27 11:17:37:1737 [35mhttp[39m: [35m[0mGET /api/complaints/user/697757158868e88ea1daa664 [36m304[0m 19.641 ms - -[0m[39m
2026-01-27 11:17:51:1751 [35mhttp[39m: [35m[0mOPTIONS /api/complaints/detail/69775f72d2010e5ac9dd376b [32m204[0m 0.268 ms - 0[0m[39m
2026-01-27 11:17:51:1751 [35mhttp[39m: [35m[0mOPTIONS /api/complaints/detail/69775f72d2010e5ac9dd376b [32m204[0m 0.186 ms - 0[0m[39m
2026-01-27 11:17:51:1751 [35mhttp[39m: [35m[0mGET /api/complaints/detail/69775f72d2010e5ac9dd376b [36m304[0m 16.827 ms - -[0m[39m
2026-01-27 11:17:51:1751 [35mhttp[39m: [35m[0mGET /api/complaints/detail/69775f72d2010e5ac9dd376b [36m304[0m 11.825 ms - -[0m[39m
2026-01-27 11:18:04:184 [35mhttp[39m: [35m[0mOPTIONS /api/complaints/user/697757158868e88ea1daa664 [32m204[0m 0.332 ms - 0[0m[39m
2026-01-27 11:18:04:184 [35mhttp[39m: [35m[0mOPTIONS /api/complaints/user/697757158868e88ea1daa664 [32m204[0m 0.211 ms - 0[0m[39m
2026-01-27 11:18:04:184 [35mhttp[39m: [35m[0mGET /api/complaints/user/697757158868e88ea1daa664 [36m304[0m 20.497 ms - -[0m[39m
2026-01-27 11:18:04:184 [35mhttp[39m: [35m[0mGET /api/complaints/user/697757158868e88ea1daa664 [36m304[0m 13.268 ms - -[0m[39m
2026-01-27 13:43:09:439 [32minfo[39m: [32mMongoDB Connected: localhost[39m
2026-01-27 13:43:09:439 [32minfo[39m: [32mServer running on port 5000[39m
2026-01-27 13:43:09:439 [32minfo[39m: [32mEnvironment: development[39m
2026-01-27 14:02:11:211 [35mhttp[39m: [35m[0mOPTIONS /api/auth/admin-login [32m204[0m 2.090 ms - 0[0m[39m
2026-01-27 14:02:11:211 [35mhttp[39m: [35m[0mPOST /api/auth/admin-login [32m200[0m 341.883 ms - 480[0m[39m
2026-01-27 14:02:11:211 [35mhttp[39m: [35m[0mOPTIONS /api/admin/complaints/department/WASTE_MANAGEMENT [32m204[0m 0.556 ms - 0[0m[39m
2026-01-27 14:02:11:211 [35mhttp[39m: [35m[0mGET /api/admin/complaints/department/WASTE_MANAGEMENT [32m200[0m 190.132 ms - 2898577[0m[39m
2026-01-27 14:02:11:211 [35mhttp[39m: [35m[0mOPTIONS /api/setup/teams/by-category/WASTE_MANAGEMENT [32m204[0m 0.189 ms - 0[0m[39m
2026-01-27 14:02:12:212 [35mhttp[39m: [35m[0mGET /api/admin/complaints/department/WASTE_MANAGEMENT [36m304[0m 110.671 ms - -[0m[39m
2026-01-27 14:02:12:212 [35mhttp[39m: [35m[0mGET /api/setup/teams/by-category/WASTE_MANAGEMENT [32m200[0m 16.924 ms - 325[0m[39m
2026-01-27 14:02:12:212 [35mhttp[39m: [35m[0mOPTIONS /api/setup/ward-offices [32m204[0m 0.326 ms - 0[0m[39m
2026-01-27 14:02:12:212 [35mhttp[39m: [35m[0mGET /api/setup/teams/by-category/WASTE_MANAGEMENT [36m304[0m 20.932 ms - -[0m[39m
2026-01-27 14:02:12:212 [35mhttp[39m: [35m[0mGET /api/setup/ward-offices [32m200[0m 23.847 ms - 877[0m[39m
2026-01-27 14:02:12:212 [35mhttp[39m: [35m[0mGET /api/setup/ward-offices [36m304[0m 9.708 ms - -[0m[39m
2026-01-27 17:34:32:3432 [35mhttp[39m: [35m[0mOPTIONS /api/auth/logout [32m204[0m 0.142 ms - 0[0m[39m
2026-01-27 17:34:32:3432 [35mhttp[39m: [35m[0mGET /api/auth/logout [32m200[0m 3.645 ms - 52[0m[39m
2026-01-27 17:34:48:3448 [35mhttp[39m: [35m[0mOPTIONS /api/auth/login [32m204[0m 0.327 ms - 0[0m[39m
2026-01-27 17:34:48:3448 [35mhttp[39m: [35m[0mPOST /api/auth/login [32m200[0m 100.542 ms - 441[0m[39m
2026-01-27 17:34:48:3448 [35mhttp[39m: [35m[0mOPTIONS /api/complaints/user/697757158868e88ea1daa664 [32m204[0m 0.735 ms - 0[0m[39m
2026-01-27 17:34:48:3448 [35mhttp[39m: [35m[0mOPTIONS /api/complaints/user/697757158868e88ea1daa664 [32m204[0m 0.233 ms - 0[0m[39m
2026-01-27 17:34:48:3448 [35mhttp[39m: [35m[0mGET /api/complaints/user/697757158868e88ea1daa664 [32m200[0m 16.784 ms - 54718[0m[39m
2026-01-27 17:34:48:3448 [35mhttp[39m: [35m[0mGET /api/complaints/user/697757158868e88ea1daa664 [36m304[0m 10.922 ms - -[0m[39m
2026-01-27 17:34:51:3451 [35mhttp[39m: [35m[0mOPTIONS /api/complaints/detail/69775f72d2010e5ac9dd376b [32m204[0m 0.255 ms - 0[0m[39m
2026-01-27 17:34:51:3451 [35mhttp[39m: [35m[0mOPTIONS /api/complaints/detail/69775f72d2010e5ac9dd376b [32m204[0m 0.232 ms - 0[0m[39m
2026-01-27 17:34:51:3451 [35mhttp[39m: [35m[0mGET /api/complaints/detail/69775f72d2010e5ac9dd376b [32m200[0m 21.241 ms - 54645[0m[39m
2026-01-27 17:34:51:3451 [35mhttp[39m: [35m[0mGET /api/complaints/detail/69775f72d2010e5ac9dd376b [36m304[0m 8.071 ms - -[0m[39m
2026-01-27 17:35:10:3510 [35mhttp[39m: [35m[0mOPTIONS /api/complaints/detail/69775f72d2010e5ac9dd376b [32m204[0m 0.218 ms - 0[0m[39m
2026-01-27 17:35:10:3510 [35mhttp[39m: [35m[0mGET /api/complaints/detail/69775f72d2010e5ac9dd376b [36m304[0m 6.859 ms - -[0m[39m
2026-01-27 17:35:31:3531 [35mhttp[39m: [35m[0mOPTIONS /api/complaints/user/697757158868e88ea1daa664 [32m204[0m 0.227 ms - 0[0m[39m
2026-01-27 17:35:31:3531 [35mhttp[39m: [35m[0mOPTIONS /api/complaints/user/697757158868e88ea1daa664 [32m204[0m 0.439 ms - 0[0m[39m
2026-01-27 17:35:31:3531 [35mhttp[39m: [35m[0mGET /api/complaints/user/697757158868e88ea1daa664 [36m304[0m 17.449 ms - -[0m[39m
2026-01-27 17:35:31:3531 [35mhttp[39m: [35m[0mGET /api/complaints/user/697757158868e88ea1daa664 [36m304[0m 13.599 ms - -[0m[39m
2026-01-27 17:40:26:4026 [35mhttp[39m: [35m[0mOPTIONS /api/complaints/detail/69775f72d2010e5ac9dd376b [32m204[0m 0.149 ms - 0[0m[39m
2026-01-27 17:40:26:4026 [35mhttp[39m: [35m[0mOPTIONS /api/complaints/detail/69775f72d2010e5ac9dd376b [32m204[0m 0.344 ms - 0[0m[39m
2026-01-27 17:40:26:4026 [35mhttp[39m: [35m[0mGET /api/complaints/detail/69775f72d2010e5ac9dd376b [36m304[0m 12.715 ms - -[0m[39m
2026-01-27 17:40:26:4026 [35mhttp[39m: [35m[0mGET /api/complaints/detail/69775f72d2010e5ac9dd376b [36m304[0m 9.651 ms - -[0m[39m
2026-01-27 17:41:08:418 [35mhttp[39m: [35m[0mOPTIONS /api/complaints/user/697757158868e88ea1daa664 [32m204[0m 0.202 ms - 0[0m[39m
2026-01-27 17:41:08:418 [35mhttp[39m: [35m[0mOPTIONS /api/complaints/user/697757158868e88ea1daa664 [32m204[0m 0.220 ms - 0[0m[39m
2026-01-27 17:41:08:418 [35mhttp[39m: [35m[0mGET /api/complaints/user/697757158868e88ea1daa664 [36m304[0m 28.737 ms - -[0m[39m
2026-01-27 17:41:08:418 [35mhttp[39m: [35m[0mGET /api/complaints/user/697757158868e88ea1daa664 [36m304[0m 15.426 ms - -[0m[39m
2026-01-27 17:41:11:4111 [35mhttp[39m: [35m[0mOPTIONS /api/complaints/detail/69775f72d2010e5ac9dd376b [32m204[0m 3.037 ms - 0[0m[39m
2026-01-27 17:41:11:4111 [35mhttp[39m: [35m[0mGET /api/complaints/detail/69775f72d2010e5ac9dd376b [36m304[0m 12.883 ms - -[0m[39m
2026-01-27 17:41:11:4111 [35mhttp[39m: [35m[0mGET /api/complaints/detail/69775f72d2010e5ac9dd376b [36m304[0m 11.890 ms - -[0m[39m
2026-01-27 17:41:20:4120 [35mhttp[39m: [35m[0mOPTIONS /api/complaints/user/697757158868e88ea1daa664 [32m204[0m 0.127 ms - 0[0m[39m
2026-01-27 17:41:20:4120 [35mhttp[39m: [35m[0mOPTIONS /api/complaints/user/697757158868e88ea1daa664 [32m204[0m 0.594 ms - 0[0m[39m
2026-01-27 17:41:20:4120 [35mhttp[39m: [35m[0mGET /api/complaints/user/697757158868e88ea1daa664 [36m304[0m 15.565 ms - -[0m[39m
2026-01-27 17:41:20:4120 [35mhttp[39m: [35m[0mGET /api/complaints/user/697757158868e88ea1daa664 [36m304[0m 14.050 ms - -[0m[39m
2026-01-27 17:41:48:4148 [35mhttp[39m: [35m[0mOPTIONS /api/complaints/detail/69775f72d2010e5ac9dd376b [32m204[0m 0.106 ms - 0[0m[39m
2026-01-27 17:41:48:4148 [35mhttp[39m: [35m[0mOPTIONS /api/complaints/detail/69775f72d2010e5ac9dd376b [32m204[0m 0.171 ms - 0[0m[39m
2026-01-27 17:41:48:4148 [35mhttp[39m: [35m[0mGET /api/complaints/detail/69775f72d2010e5ac9dd376b [36m304[0m 13.821 ms - -[0m[39m
2026-01-27 17:41:48:4148 [35mhttp[39m: [35m[0mGET /api/complaints/detail/69775f72d2010e5ac9dd376b [36m304[0m 9.918 ms - -[0m[39m
2026-01-27 17:41:50:4150 [35mhttp[39m: [35m[0mOPTIONS /api/complaints/user/697757158868e88ea1daa664 [32m204[0m 0.158 ms - 0[0m[39m
2026-01-27 17:41:50:4150 [35mhttp[39m: [35m[0mOPTIONS /api/complaints/user/697757158868e88ea1daa664 [32m204[0m 0.174 ms - 0[0m[39m
2026-01-27 17:41:50:4150 [35mhttp[39m: [35m[0mGET /api/complaints/user/697757158868e88ea1daa664 [36m304[0m 19.973 ms - -[0m[39m
2026-01-27 17:41:50:4150 [35mhttp[39m: [35m[0mGET /api/complaints/user/697757158868e88ea1daa664 [36m304[0m 15.441 ms - -[0m[39m
2026-01-27 17:42:57:4257 [35mhttp[39m: [35m[0mOPTIONS /api/complaints/user/697757158868e88ea1daa664 [32m204[0m 0.166 ms - 0[0m[39m
2026-01-27 17:42:57:4257 [35mhttp[39m: [35m[0mOPTIONS /api/complaints/user/697757158868e88ea1daa664 [32m204[0m 0.233 ms - 0[0m[39m
2026-01-27 17:42:57:4257 [35mhttp[39m: [35m[0mGET /api/complaints/user/697757158868e88ea1daa664 [36m304[0m 35.713 ms - -[0m[39m
2026-01-27 17:42:57:4257 [35mhttp[39m: [35m[0mGET /api/complaints/user/697757158868e88ea1daa664 [36m304[0m 20.360 ms - -[0m[39m
2026-01-27 17:42:58:4258 [35mhttp[39m: [35m[0mOPTIONS /api/complaints/detail/69775f72d2010e5ac9dd376b [32m204[0m 0.295 ms - 0[0m[39m
2026-01-27 17:42:58:4258 [35mhttp[39m: [35m[0mOPTIONS /api/complaints/detail/69775f72d2010e5ac9dd376b [32m204[0m 0.213 ms - 0[0m[39m
2026-01-27 17:42:58:4258 [35mhttp[39m: [35m[0mGET /api/complaints/detail/69775f72d2010e5ac9dd376b [36m304[0m 14.619 ms - -[0m[39m
2026-01-27 17:42:58:4258 [35mhttp[39m: [35m[0mGET /api/complaints/detail/69775f72d2010e5ac9dd376b [36m304[0m 16.297 ms - -[0m[39m
2026-01-27 17:43:13:4313 [35mhttp[39m: [35m[0mOPTIONS /api/auth/logout [32m204[0m 0.091 ms - 0[0m[39m
2026-01-27 17:43:13:4313 [35mhttp[39m: [35m[0mGET /api/auth/logout [36m304[0m 0.457 ms - -[0m[39m
2026-01-27 17:50:19:5019 [35mhttp[39m: [35m[0mOPTIONS /api/auth/login [32m204[0m 0.210 ms - 0[0m[39m
2026-01-27 17:50:19:5019 [35mhttp[39m: [35m[0mPOST /api/auth/login [32m200[0m 119.412 ms - 441[0m[39m
2026-01-27 17:50:19:5019 [35mhttp[39m: [35m[0mOPTIONS /api/complaints/user/697757158868e88ea1daa664 [32m204[0m 0.245 ms - 0[0m[39m
2026-01-27 17:50:19:5019 [35mhttp[39m: [35m[0mOPTIONS /api/complaints/user/697757158868e88ea1daa664 [32m204[0m 0.207 ms - 0[0m[39m
2026-01-27 17:50:19:5019 [35mhttp[39m: [35m[0mGET /api/complaints/user/697757158868e88ea1daa664 [36m304[0m 14.832 ms - -[0m[39m
2026-01-27 17:50:19:5019 [35mhttp[39m: [35m[0mGET /api/complaints/user/697757158868e88ea1daa664 [36m304[0m 13.723 ms - -[0m[39m
2026-01-27 17:50:24:5024 [35mhttp[39m: [35m[0mOPTIONS /api/complaints/detail/69775f72d2010e5ac9dd376b [32m204[0m 0.824 ms - 0[0m[39m
2026-01-27 17:50:24:5024 [35mhttp[39m: [35m[0mOPTIONS /api/complaints/detail/69775f72d2010e5ac9dd376b [32m204[0m 0.110 ms - 0[0m[39m
2026-01-27 17:50:24:5024 [35mhttp[39m: [35m[0mGET /api/complaints/detail/69775f72d2010e5ac9dd376b [36m304[0m 20.336 ms - -[0m[39m
2026-01-27 17:50:24:5024 [35mhttp[39m: [35m[0mGET /api/complaints/detail/69775f72d2010e5ac9dd376b [36m304[0m 10.046 ms - -[0m[39m
2026-01-27 18:07:01:71 [35mhttp[39m: [35m[0mOPTIONS /api/auth/logout [32m204[0m 0.115 ms - 0[0m[39m
2026-01-27 18:07:01:71 [35mhttp[39m: [35m[0mGET /api/auth/logout [36m304[0m 0.349 ms - -[0m[39m
2026-02-05 14:10:04:104 [32minfo[39m: [32mMongoDB Connected: localhost[39m
2026-02-05 14:10:04:104 [32minfo[39m: [32mServer running on port 5000[39m
2026-02-05 14:10:04:104 [32minfo[39m: [32mEnvironment: development[39m
2026-02-05 14:11:43:1143 [32minfo[39m: [32mMongoDB Connected: localhost[39m
2026-02-05 14:11:51:1151 [32minfo[39m: [32mMongoDB Connected: localhost[39m
2026-02-05 14:11:51:1151 [32minfo[39m: [32mServer running on port 5000[39m
2026-02-05 14:11:51:1151 [32minfo[39m: [32mEnvironment: development[39m
2026-02-05 14:12:53:1253 [35mhttp[39m: [35m[0mOPTIONS /api/auth/login [32m204[0m 3.735 ms - 0[0m[39m
2026-02-05 14:12:53:1253 [31merror[39m: [31m401 - Invalid email or password - /api/auth/login - POST - ::1[39m
2026-02-05 14:12:53:1253 [31merror[39m: [31mError: Invalid email or password[39m
[31m    at file:///C:/Users/acer/civiccare-smart-city-portal/backend/src/controllers/authController.js:44:17[39m
[31m    at process.processTicksAndRejections (node:internal/process/task_queues:105:5)[39m
2026-02-05 14:12:53:1253 [35mhttp[39m: [35m[0mPOST /api/auth/login [33m401[0m 132.816 ms - 55[0m[39m
2026-02-05 14:17:26:1726 [35mhttp[39m: [35m[0mOPTIONS /api/auth/login [32m204[0m 0.560 ms - 0[0m[39m
2026-02-05 14:17:26:1726 [31merror[39m: [31m401 - Invalid email or password - /api/auth/login - POST - ::1[39m
2026-02-05 14:17:26:1726 [31merror[39m: [31mError: Invalid email or password[39m
[31m    at file:///C:/Users/acer/civiccare-smart-city-portal/backend/src/controllers/authController.js:44:17[39m
[31m    at process.processTicksAndRejections (node:internal/process/task_queues:105:5)[39m
2026-02-05 14:17:26:1726 [35mhttp[39m: [35m[0mPOST /api/auth/login [33m401[0m 19.238 ms - 55[0m[39m
2026-02-05 14:18:23:1823 [35mhttp[39m: [35m[0mOPTIONS /api/auth/login [32m204[0m 0.354 ms - 0[0m[39m
2026-02-05 14:18:23:1823 [31merror[39m: [31m401 - Invalid email or password - /api/auth/login - POST - ::1[39m
2026-02-05 14:18:23:1823 [31merror[39m: [31mError: Invalid email or password[39m
[31m    at file:///C:/Users/acer/civiccare-smart-city-portal/backend/src/controllers/authController.js:51:17[39m
2026-02-05 14:18:23:1823 [35mhttp[39m: [35m[0mPOST /api/auth/login [33m401[0m 388.486 ms - 55[0m[39m
2026-02-14 11:54:02:542 [32minfo[39m: [32mMongoDB Connected: localhost[39m
2026-02-14 11:54:02:542 [32minfo[39m: [32mServer running on port 5000[39m
2026-02-14 11:54:02:542 [32minfo[39m: [32mEnvironment: development[39m
2026-02-14 11:55:16:5516 [35mhttp[39m: [35m[0mOPTIONS /api/auth/admin-login [32m204[0m 3.193 ms - 0[0m[39m
2026-02-14 11:55:17:5517 [35mhttp[39m: [35m[0mPOST /api/auth/admin-login [32m200[0m 533.426 ms - 467[0m[39m
2026-02-14 11:55:17:5517 [35mhttp[39m: [35m[0mOPTIONS /api/admin/complaints/department/WASTE_MANAGEMENT [32m204[0m 0.369 ms - 0[0m[39m
2026-02-14 11:55:17:5517 [35mhttp[39m: [35m[0mOPTIONS /api/admin/complaints/department/WASTE_MANAGEMENT [32m204[0m 0.428 ms - 0[0m[39m
2026-02-14 11:55:17:5517 [35mhttp[39m: [35m[0mGET /api/admin/complaints/department/WASTE_MANAGEMENT [32m200[0m 113.742 ms - 781[0m[39m
2026-02-14 11:55:17:5517 [35mhttp[39m: [35m[0mOPTIONS /api/setup/teams/by-category/WASTE_MANAGEMENT [32m204[0m 0.429 ms - 0[0m[39m
2026-02-14 11:55:17:5517 [35mhttp[39m: [35m[0mGET /api/admin/complaints/department/WASTE_MANAGEMENT [36m304[0m 45.075 ms - -[0m[39m
2026-02-14 11:55:17:5517 [35mhttp[39m: [35m[0mGET /api/setup/teams/by-category/WASTE_MANAGEMENT [32m200[0m 58.365 ms - 700[0m[39m
2026-02-14 11:55:17:5517 [35mhttp[39m: [35m[0mOPTIONS /api/setup/ward-offices [32m204[0m 0.398 ms - 0[0m[39m
2026-02-14 11:55:17:5517 [35mhttp[39m: [35m[0mGET /api/setup/teams/by-category/WASTE_MANAGEMENT [36m304[0m 22.628 ms - -[0m[39m
2026-02-14 11:55:17:5517 [35mhttp[39m: [35m[0mGET /api/setup/ward-offices [32m200[0m 32.195 ms - 1347[0m[39m
2026-02-14 11:55:17:5517 [35mhttp[39m: [35m[0mGET /api/setup/ward-offices [36m304[0m 12.150 ms - -[0m[39m
2026-02-14 11:55:27:5527 [35mhttp[39m: [35m[0mOPTIONS /api/auth/logout [32m204[0m 0.438 ms - 0[0m[39m
2026-02-14 11:55:27:5527 [35mhttp[39m: [35m[0mGET /api/auth/logout [32m200[0m 1.527 ms - 52[0m[39m
2026-02-14 11:55:38:5538 [35mhttp[39m: [35m[0mOPTIONS /api/auth/login [32m204[0m 0.137 ms - 0[0m[39m
2026-02-14 11:55:38:5538 [31merror[39m: [31m401 - Invalid email or password - /api/auth/login - POST - ::1[39m
2026-02-14 11:55:38:5538 [31merror[39m: [31mError: Invalid email or password[39m
[31m    at file:///C:/Users/acer/civiccare-smart-city-portal/backend/src/controllers/authController.js:44:17[39m
[31m    at process.processTicksAndRejections (node:internal/process/task_queues:105:5)[39m
2026-02-14 11:55:38:5538 [35mhttp[39m: [35m[0mPOST /api/auth/login [33m401[0m 11.990 ms - 55[0m[39m
2026-02-14 11:55:56:5556 [35mhttp[39m: [35m[0mOPTIONS /api/auth/register [32m204[0m 0.182 ms - 0[0m[39m
2026-02-14 11:55:56:5556 [35mhttp[39m: [35m[0mPOST /api/auth/register [32m201[0m 254.371 ms - 450[0m[39m
2026-02-14 11:55:56:5556 [35mhttp[39m: [35m[0mOPTIONS /api/complaints/user/69901574ca612f86ba796f6f [32m204[0m 1.435 ms - 0[0m[39m
2026-02-14 11:55:56:5556 [35mhttp[39m: [35m[0mGET /api/complaints/user/69901574ca612f86ba796f6f [32m200[0m 66.790 ms - 102[0m[39m
2026-02-14 11:55:56:5556 [35mhttp[39m: [35m[0mGET /api/complaints/user/69901574ca612f86ba796f6f [36m304[0m 11.060 ms - -[0m[39m
2026-02-14 11:58:33:5833 [35mhttp[39m: [35m[0mOPTIONS /api/complaints [32m204[0m 0.491 ms - 0[0m[39m
2026-02-14 11:58:33:5833 [35mhttp[39m: [35m[0mPOST /api/complaints [32m201[0m 66.995 ms - 649[0m[39m
2026-02-14 11:58:35:5835 [35mhttp[39m: [35m[0mOPTIONS /api/complaints/user/69901574ca612f86ba796f6f [32m204[0m 0.139 ms - 0[0m[39m
2026-02-14 11:58:35:5835 [35mhttp[39m: [35m[0mOPTIONS /api/complaints/user/69901574ca612f86ba796f6f [32m204[0m 0.237 ms - 0[0m[39m
2026-02-14 11:58:35:5835 [35mhttp[39m: [35m[0mGET /api/complaints/user/69901574ca612f86ba796f6f [32m200[0m 25.409 ms - 722[0m[39m
2026-02-14 11:58:35:5835 [35mhttp[39m: [35m[0mGET /api/complaints/user/69901574ca612f86ba796f6f [36m304[0m 22.316 ms - -[0m[39m
2026-02-14 11:58:49:5849 [35mhttp[39m: [35m[0mOPTIONS /api/auth/logout [32m204[0m 0.376 ms - 0[0m[39m
2026-02-14 11:58:49:5849 [35mhttp[39m: [35m[0mGET /api/auth/logout [36m304[0m 0.567 ms - -[0m[39m
2026-02-14 11:59:05:595 [35mhttp[39m: [35m[0mOPTIONS /api/auth/admin-login [32m204[0m 0.220 ms - 0[0m[39m
2026-02-14 11:59:05:595 [35mhttp[39m: [35m[0mPOST /api/auth/admin-login [32m200[0m 259.102 ms - 467[0m[39m
2026-02-14 11:59:05:595 [35mhttp[39m: [35m[0mOPTIONS /api/admin/complaints/department/WASTE_MANAGEMENT [32m204[0m 0.218 ms - 0[0m[39m
2026-02-14 11:59:05:595 [35mhttp[39m: [35m[0mOPTIONS /api/admin/complaints/department/WASTE_MANAGEMENT [32m204[0m 0.189 ms - 0[0m[39m
2026-02-14 11:59:05:595 [35mhttp[39m: [35m[0mGET /api/admin/complaints/department/WASTE_MANAGEMENT [36m304[0m 25.375 ms - -[0m[39m
2026-02-14 11:59:05:595 [35mhttp[39m: [35m[0mOPTIONS /api/setup/teams/by-category/WASTE_MANAGEMENT [32m204[0m 0.193 ms - 0[0m[39m
2026-02-14 11:59:05:595 [35mhttp[39m: [35m[0mGET /api/admin/complaints/department/WASTE_MANAGEMENT [36m304[0m 21.514 ms - -[0m[39m
2026-02-14 11:59:05:595 [35mhttp[39m: [35m[0mGET /api/setup/teams/by-category/WASTE_MANAGEMENT [36m304[0m 15.605 ms - -[0m[39m
2026-02-14 11:59:05:595 [35mhttp[39m: [35m[0mOPTIONS /api/setup/ward-offices [32m204[0m 0.197 ms - 0[0m[39m
2026-02-14 11:59:05:595 [35mhttp[39m: [35m[0mGET /api/setup/teams/by-category/WASTE_MANAGEMENT [36m304[0m 15.524 ms - -[0m[39m
2026-02-14 11:59:05:595 [35mhttp[39m: [35m[0mGET /api/setup/ward-offices [36m304[0m 14.015 ms - -[0m[39m
2026-02-14 11:59:05:595 [35mhttp[39m: [35m[0mGET /api/setup/ward-offices [36m304[0m 9.652 ms - -[0m[39m
2026-02-14 11:59:08:598 [35mhttp[39m: [35m[0mGET /api/admin/complaints/department/WASTE_MANAGEMENT [36m304[0m 15.588 ms - -[0m[39m
2026-02-14 11:59:08:598 [35mhttp[39m: [35m[0mGET /api/setup/teams/by-category/WASTE_MANAGEMENT [36m304[0m 13.129 ms - -[0m[39m
2026-02-14 11:59:08:598 [35mhttp[39m: [35m[0mGET /api/admin/complaints/department/WASTE_MANAGEMENT [36m304[0m 21.312 ms - -[0m[39m
2026-02-14 11:59:08:598 [35mhttp[39m: [35m[0mGET /api/setup/ward-offices [36m304[0m 14.886 ms - -[0m[39m
2026-02-14 11:59:08:598 [35mhttp[39m: [35m[0mGET /api/setup/teams/by-category/WASTE_MANAGEMENT [36m304[0m 13.919 ms - -[0m[39m
2026-02-14 11:59:08:598 [35mhttp[39m: [35m[0mGET /api/setup/ward-offices [36m304[0m 10.725 ms - -[0m[39m
2026-02-14 12:01:12:112 [35mhttp[39m: [35m[0mOPTIONS /api/admin/assign-team [32m204[0m 0.413 ms - 0[0m[39m
2026-02-14 12:01:12:112 [35mhttp[39m: [35m[0mPOST /api/admin/assign-team [32m200[0m 83.711 ms - 1225[0m[39m
2026-02-14 12:01:14:114 [35mhttp[39m: [35m[0mOPTIONS /api/admin/complaints/department/WASTE_MANAGEMENT [32m204[0m 0.188 ms - 0[0m[39m
2026-02-14 12:01:14:114 [35mhttp[39m: [35m[0mGET /api/admin/complaints/department/WASTE_MANAGEMENT [32m200[0m 25.669 ms - 1322[0m[39m
2026-02-14 12:01:14:114 [35mhttp[39m: [35m[0mOPTIONS /api/setup/teams/by-category/WASTE_MANAGEMENT [32m204[0m 0.317 ms - 0[0m[39m
2026-02-14 12:01:14:114 [35mhttp[39m: [35m[0mGET /api/setup/teams/by-category/WASTE_MANAGEMENT [32m200[0m 11.197 ms - 726[0m[39m
2026-02-14 12:01:14:114 [35mhttp[39m: [35m[0mOPTIONS /api/setup/ward-offices [32m204[0m 0.338 ms - 0[0m[39m
2026-02-14 12:01:14:114 [35mhttp[39m: [35m[0mGET /api/setup/ward-offices [36m304[0m 9.452 ms - -[0m[39m
2026-02-14 12:14:50:1450 [35mhttp[39m: [35m[0mOPTIONS /api/auth/logout [32m204[0m 0.297 ms - 0[0m[39m
2026-02-14 12:14:50:1450 [35mhttp[39m: [35m[0mGET /api/auth/logout [36m304[0m 0.671 ms - -[0m[39m
2026-02-14 13:17:37:1737 [32minfo[39m: [32mMongoDB Connected: localhost[39m
2026-02-14 13:17:37:1737 [32minfo[39m: [32mServer running on port 5000[39m
2026-02-14 13:17:37:1737 [32minfo[39m: [32mEnvironment: development[39m
2026-02-16 14:51:44:5144 [32minfo[39m: [32mMongoDB Connected: localhost[39m
2026-02-16 14:51:44:5144 [32minfo[39m: [32mServer running on port 5000[39m
2026-02-16 14:51:44:5144 [32minfo[39m: [32mEnvironment: development[39m
2026-02-16 14:53:41:5341 [35mhttp[39m: [35m[0mOPTIONS /api/auth/admin-login [32m204[0m 2.402 ms - 0[0m[39m
2026-02-16 14:53:42:5342 [35mhttp[39m: [35m[0mPOST /api/auth/admin-login [32m200[0m 225.288 ms - 467[0m[39m
2026-02-16 14:53:42:5342 [35mhttp[39m: [35m[0mOPTIONS /api/admin/complaints/department/WASTE_MANAGEMENT [32m204[0m 0.326 ms - 0[0m[39m
2026-02-16 14:53:42:5342 [35mhttp[39m: [35m[0mOPTIONS /api/admin/complaints/department/WASTE_MANAGEMENT [32m204[0m 0.107 ms - 0[0m[39m
2026-02-16 14:53:42:5342 [35mhttp[39m: [35m[0mGET /api/admin/complaints/department/WASTE_MANAGEMENT [32m200[0m 134.008 ms - 1322[0m[39m
2026-02-16 14:53:42:5342 [35mhttp[39m: [35m[0mOPTIONS /api/setup/teams/by-category/WASTE_MANAGEMENT [32m204[0m 0.273 ms - 0[0m[39m
2026-02-16 14:53:42:5342 [35mhttp[39m: [35m[0mGET /api/admin/complaints/department/WASTE_MANAGEMENT [36m304[0m 28.991 ms - -[0m[39m
2026-02-16 14:53:42:5342 [35mhttp[39m: [35m[0mGET /api/setup/teams/by-category/WASTE_MANAGEMENT [32m200[0m 26.832 ms - 726[0m[39m
2026-02-16 14:53:42:5342 [35mhttp[39m: [35m[0mOPTIONS /api/setup/ward-offices [32m204[0m 0.246 ms - 0[0m[39m
2026-02-16 14:53:42:5342 [35mhttp[39m: [35m[0mGET /api/setup/teams/by-category/WASTE_MANAGEMENT [36m304[0m 11.335 ms - -[0m[39m
2026-02-16 14:53:42:5342 [35mhttp[39m: [35m[0mGET /api/setup/ward-offices [32m200[0m 21.076 ms - 1347[0m[39m
2026-02-16 14:53:42:5342 [35mhttp[39m: [35m[0mGET /api/setup/ward-offices [36m304[0m 7.581 ms - -[0m[39m
2026-02-16 14:56:50:5650 [35mhttp[39m: [35m[0mOPTIONS /api/auth/logout [32m204[0m 0.287 ms - 0[0m[39m
2026-02-16 14:56:50:5650 [35mhttp[39m: [35m[0mGET /api/auth/logout [32m200[0m 1.319 ms - 52[0m[39m
2026-02-16 14:57:20:5720 [35mhttp[39m: [35m[0mOPTIONS /api/auth/admin-login [32m204[0m 0.159 ms - 0[0m[39m
2026-02-16 14:57:20:5720 [35mhttp[39m: [35m[0mPOST /api/auth/admin-login [32m200[0m 127.707 ms - 474[0m[39m
2026-02-16 14:57:20:5720 [35mhttp[39m: [35m[0mOPTIONS /api/admin/complaints/department/ELECTRICITY [32m204[0m 0.174 ms - 0[0m[39m
2026-02-16 14:57:20:5720 [35mhttp[39m: [35m[0mOPTIONS /api/admin/complaints/department/ELECTRICITY [32m204[0m 0.161 ms - 0[0m[39m
2026-02-16 14:57:20:5720 [35mhttp[39m: [35m[0mGET /api/admin/complaints/department/ELECTRICITY [32m200[0m 18.967 ms - 780[0m[39m
2026-02-16 14:57:20:5720 [35mhttp[39m: [35m[0mOPTIONS /api/setup/teams/by-category/ELECTRICITY [32m204[0m 0.116 ms - 0[0m[39m
2026-02-16 14:57:20:5720 [35mhttp[39m: [35m[0mGET /api/admin/complaints/department/ELECTRICITY [36m304[0m 12.128 ms - -[0m[39m
2026-02-16 14:57:20:5720 [35mhttp[39m: [35m[0mGET /api/setup/teams/by-category/ELECTRICITY [32m200[0m 9.588 ms - 687[0m[39m
2026-02-16 14:57:20:5720 [35mhttp[39m: [35m[0mOPTIONS /api/setup/ward-offices [32m204[0m 0.127 ms - 0[0m[39m
2026-02-16 14:57:20:5720 [35mhttp[39m: [35m[0mGET /api/setup/teams/by-category/ELECTRICITY [36m304[0m 7.605 ms - -[0m[39m
2026-02-16 14:57:20:5720 [35mhttp[39m: [35m[0mGET /api/setup/ward-offices [36m304[0m 8.406 ms - -[0m[39m
2026-02-16 14:57:20:5720 [35mhttp[39m: [35m[0mGET /api/setup/ward-offices [36m304[0m 4.748 ms - -[0m[39m
2026-02-16 15:15:59:1559 [35mhttp[39m: [35m[0mOPTIONS /api/admin/complaints/department/WASTE_MANAGEMENT [32m204[0m 0.177 ms - 0[0m[39m
2026-02-16 15:15:59:1559 [35mhttp[39m: [35m[0mOPTIONS /api/admin/complaints/department/WASTE_MANAGEMENT [32m204[0m 0.134 ms - 0[0m[39m
2026-02-16 15:15:59:1559 [35mhttp[39m: [35m[0mOPTIONS /api/admin/complaints/department/WASTE_MANAGEMENT [32m204[0m 0.088 ms - 0[0m[39m
2026-02-16 15:15:59:1559 [35mhttp[39m: [35m[0mOPTIONS /api/admin/complaints/department/WASTE_MANAGEMENT [32m204[0m 0.119 ms - 0[0m[39m
2026-02-16 15:15:59:1559 [35mhttp[39m: [35m[0mGET /api/admin/complaints/department/WASTE_MANAGEMENT [36m304[0m 11.950 ms - -[0m[39m
2026-02-16 15:15:59:1559 [35mhttp[39m: [35m[0mOPTIONS /api/setup/teams/by-category/WASTE_MANAGEMENT [32m204[0m 0.069 ms - 0[0m[39m
2026-02-16 15:15:59:1559 [35mhttp[39m: [35m[0mGET /api/admin/complaints/department/WASTE_MANAGEMENT [36m304[0m 8.555 ms - -[0m[39m
2026-02-16 15:15:59:1559 [35mhttp[39m: [35m[0mGET /api/setup/teams/by-category/WASTE_MANAGEMENT [36m304[0m 8.630 ms - -[0m[39m
2026-02-16 15:15:59:1559 [35mhttp[39m: [35m[0mOPTIONS /api/setup/ward-offices [32m204[0m 0.068 ms - 0[0m[39m
2026-02-16 15:15:59:1559 [35mhttp[39m: [35m[0mGET /api/admin/complaints/department/WASTE_MANAGEMENT [36m304[0m 11.561 ms - -[0m[39m
2026-02-16 15:15:59:1559 [35mhttp[39m: [35m[0mGET /api/setup/teams/by-category/WASTE_MANAGEMENT [36m304[0m 9.645 ms - -[0m[39m
2026-02-16 15:15:59:1559 [35mhttp[39m: [35m[0mGET /api/setup/ward-offices [36m304[0m 12.773 ms - -[0m[39m
2026-02-16 15:15:59:1559 [35mhttp[39m: [35m[0mGET /api/setup/teams/by-category/WASTE_MANAGEMENT [36m304[0m 9.971 ms - -[0m[39m
2026-02-16 15:15:59:1559 [35mhttp[39m: [35m[0mGET /api/admin/complaints/department/WASTE_MANAGEMENT [36m304[0m 18.329 ms - -[0m[39m
2026-02-16 15:15:59:1559 [35mhttp[39m: [35m[0mGET /api/setup/ward-offices [36m304[0m 12.243 ms - -[0m[39m
2026-02-16 15:15:59:1559 [35mhttp[39m: [35m[0mGET /api/setup/teams/by-category/WASTE_MANAGEMENT [36m304[0m 5.607 ms - -[0m[39m
2026-02-16 15:15:59:1559 [35mhttp[39m: [35m[0mGET /api/setup/ward-offices [36m304[0m 5.919 ms - -[0m[39m
2026-02-16 15:15:59:1559 [35mhttp[39m: [35m[0mGET /api/setup/ward-offices [36m304[0m 3.446 ms - -[0m[39m
2026-02-16 15:16:05:165 [35mhttp[39m: [35m[0mOPTIONS /api/admin/complaints/department/WASTE_MANAGEMENT [32m204[0m 0.137 ms - 0[0m[39m
2026-02-16 15:16:05:165 [35mhttp[39m: [35m[0mOPTIONS /api/admin/complaints/department/WASTE_MANAGEMENT [32m204[0m 0.122 ms - 0[0m[39m
2026-02-16 15:16:05:165 [35mhttp[39m: [35m[0mOPTIONS /api/admin/complaints/department/WASTE_MANAGEMENT [32m204[0m 0.130 ms - 0[0m[39m
2026-02-16 15:16:05:165 [35mhttp[39m: [35m[0mOPTIONS /api/admin/complaints/department/WASTE_MANAGEMENT [32m204[0m 0.316 ms - 0[0m[39m
2026-02-16 15:16:05:165 [35mhttp[39m: [35m[0mGET /api/admin/complaints/department/WASTE_MANAGEMENT [36m304[0m 7.301 ms - -[0m[39m
2026-02-16 15:16:05:165 [35mhttp[39m: [35m[0mOPTIONS /api/setup/teams/by-category/WASTE_MANAGEMENT [32m204[0m 0.255 ms - 0[0m[39m
2026-02-16 15:16:05:165 [35mhttp[39m: [35m[0mGET /api/admin/complaints/department/WASTE_MANAGEMENT [36m304[0m 10.927 ms - -[0m[39m
2026-02-16 15:16:05:165 [35mhttp[39m: [35m[0mGET /api/setup/teams/by-category/WASTE_MANAGEMENT [36m304[0m 6.392 ms - -[0m[39m
2026-02-16 15:16:05:165 [35mhttp[39m: [35m[0mOPTIONS /api/setup/ward-offices [32m204[0m 0.091 ms - 0[0m[39m
2026-02-16 15:16:05:165 [35mhttp[39m: [35m[0mGET /api/setup/teams/by-category/WASTE_MANAGEMENT [36m304[0m 10.068 ms - -[0m[39m
2026-02-16 15:16:05:165 [35mhttp[39m: [35m[0mGET /api/admin/complaints/department/WASTE_MANAGEMENT [36m304[0m 14.246 ms - -[0m[39m
2026-02-16 15:16:05:165 [35mhttp[39m: [35m[0mGET /api/setup/ward-offices [36m304[0m 8.175 ms - -[0m[39m
2026-02-16 15:16:05:165 [35mhttp[39m: [35m[0mGET /api/admin/complaints/department/WASTE_MANAGEMENT [36m304[0m 13.223 ms - -[0m[39m
2026-02-16 15:16:05:165 [35mhttp[39m: [35m[0mGET /api/setup/teams/by-category/WASTE_MANAGEMENT [36m304[0m 10.253 ms - -[0m[39m
2026-02-16 15:16:05:165 [35mhttp[39m: [35m[0mGET /api/setup/ward-offices [36m304[0m 8.658 ms - -[0m[39m
2026-02-16 15:16:05:165 [35mhttp[39m: [35m[0mGET /api/setup/teams/by-category/WASTE_MANAGEMENT [36m304[0m 6.831 ms - -[0m[39m
2026-02-16 15:16:05:165 [35mhttp[39m: [35m[0mGET /api/setup/ward-offices [36m304[0m 6.777 ms - -[0m[39m
2026-02-16 15:16:05:165 [35mhttp[39m: [35m[0mGET /api/setup/ward-offices [36m304[0m 4.801 ms - -[0m[39m
2026-02-16 15:16:11:1611 [35mhttp[39m: [35m[0mOPTIONS /api/admin/complaints/department/WASTE_MANAGEMENT [32m204[0m 0.100 ms - 0[0m[39m
2026-02-16 15:16:11:1611 [35mhttp[39m: [35m[0mOPTIONS /api/admin/complaints/department/WASTE_MANAGEMENT [32m204[0m 0.117 ms - 0[0m[39m
2026-02-16 15:16:11:1611 [35mhttp[39m: [35m[0mOPTIONS /api/admin/complaints/department/WASTE_MANAGEMENT [32m204[0m 0.075 ms - 0[0m[39m
2026-02-16 15:16:11:1611 [35mhttp[39m: [35m[0mOPTIONS /api/admin/complaints/department/WASTE_MANAGEMENT [32m204[0m 0.098 ms - 0[0m[39m
2026-02-16 15:16:11:1611 [35mhttp[39m: [35m[0mGET /api/admin/complaints/department/WASTE_MANAGEMENT [36m304[0m 8.748 ms - -[0m[39m
2026-02-16 15:16:11:1611 [35mhttp[39m: [35m[0mOPTIONS /api/setup/teams/by-category/WASTE_MANAGEMENT [32m204[0m 0.088 ms - 0[0m[39m
2026-02-16 15:16:11:1611 [35mhttp[39m: [35m[0mGET /api/admin/complaints/department/WASTE_MANAGEMENT [36m304[0m 12.754 ms - -[0m[39m
2026-02-16 15:16:11:1611 [35mhttp[39m: [35m[0mGET /api/setup/teams/by-category/WASTE_MANAGEMENT [36m304[0m 9.690 ms - -[0m[39m
2026-02-16 15:16:11:1611 [35mhttp[39m: [35m[0mOPTIONS /api/setup/ward-offices [32m204[0m 0.126 ms - 0[0m[39m
2026-02-16 15:16:11:1611 [35mhttp[39m: [35m[0mGET /api/setup/teams/by-category/WASTE_MANAGEMENT [36m304[0m 11.568 ms - -[0m[39m
2026-02-16 15:16:11:1611 [35mhttp[39m: [35m[0mGET /api/admin/complaints/department/WASTE_MANAGEMENT [36m304[0m 17.903 ms - -[0m[39m
2026-02-16 15:16:11:1611 [35mhttp[39m: [35m[0mGET /api/setup/ward-offices [36m304[0m 11.670 ms - -[0m[39m
2026-02-16 15:16:11:1611 [35mhttp[39m: [35m[0mGET /api/setup/ward-offices [36m304[0m 9.897 ms - -[0m[39m
2026-02-16 15:16:11:1611 [35mhttp[39m: [35m[0mGET /api/setup/teams/by-category/WASTE_MANAGEMENT [36m304[0m 9.040 ms - -[0m[39m
2026-02-16 15:16:11:1611 [35mhttp[39m: [35m[0mGET /api/admin/complaints/department/WASTE_MANAGEMENT [36m304[0m 16.843 ms - -[0m[39m
2026-02-16 15:16:11:1611 [35mhttp[39m: [35m[0mGET /api/setup/ward-offices [36m304[0m 5.475 ms - -[0m[39m
2026-02-16 15:16:11:1611 [35mhttp[39m: [35m[0mGET /api/setup/teams/by-category/WASTE_MANAGEMENT [36m304[0m 5.293 ms - -[0m[39m
2026-02-16 15:16:11:1611 [35mhttp[39m: [35m[0mGET /api/setup/ward-offices [36m304[0m 6.725 ms - -[0m[39m
2026-02-16 15:16:13:1613 [35mhttp[39m: [35m[0mGET /api/admin/complaints/department/WASTE_MANAGEMENT [36m304[0m 6.710 ms - -[0m[39m
2026-02-16 15:16:13:1613 [35mhttp[39m: [35m[0mGET /api/setup/teams/by-category/WASTE_MANAGEMENT [36m304[0m 9.039 ms - -[0m[39m
2026-02-16 15:16:13:1613 [35mhttp[39m: [35m[0mGET /api/admin/complaints/department/WASTE_MANAGEMENT [36m304[0m 14.541 ms - -[0m[39m
2026-02-16 15:16:13:1613 [35mhttp[39m: [35m[0mGET /api/setup/ward-offices [36m304[0m 6.991 ms - -[0m[39m
2026-02-16 15:16:13:1613 [35mhttp[39m: [35m[0mGET /api/setup/teams/by-category/WASTE_MANAGEMENT [36m304[0m 6.744 ms - -[0m[39m
2026-02-16 15:16:13:1613 [35mhttp[39m: [35m[0mGET /api/setup/ward-offices [36m304[0m 4.406 ms - -[0m[39m
2026-02-16 15:17:46:1746 [32minfo[39m: [32mMongoDB Connected: localhost[39m
2026-02-16 15:18:38:1838 [32minfo[39m: [32mMongoDB Connected: localhost[39m
2026-02-16 15:18:38:1838 [32minfo[39m: [32mServer running on port 5000[39m
2026-02-16 15:18:38:1838 [32minfo[39m: [32mEnvironment: development[39m
2026-02-16 15:20:57:2057 [35mhttp[39m: [35m[0mOPTIONS /api/auth/admin-login [32m204[0m 2.975 ms - 0[0m[39m
2026-02-16 15:27:57:2757 [32minfo[39m: [32mMongoDB Connected: localhost[39m
2026-02-16 15:27:57:2757 [32minfo[39m: [32mServer running on port 5000[39m
2026-02-16 15:27:57:2757 [32minfo[39m: [32mEnvironment: development[39m
2026-02-16 15:29:38:2938 [35mhttp[39m: [35m[0mOPTIONS /api/auth/admin-login [32m204[0m 1.416 ms - 0[0m[39m
2026-02-16 15:30:51:3051 [32minfo[39m: [32mMongoDB Connected: localhost[39m
2026-02-16 15:30:51:3051 [32minfo[39m: [32mServer running on port 5000[39m
2026-02-16 15:30:51:3051 [32minfo[39m: [32mEnvironment: development[39m
2026-02-16 15:32:14:3214 [35mhttp[39m: [35m[0mOPTIONS /api/auth/admin-login [32m204[0m 1.382 ms - 0[0m[39m
2026-02-16 15:33:17:3317 [32minfo[39m: [32mMongoDB Connected: localhost[39m
2026-02-16 15:33:17:3317 [32minfo[39m: [32mServer running on port 5000[39m
2026-02-16 15:33:17:3317 [32minfo[39m: [32mEnvironment: development[39m
2026-02-16 15:41:17:4117 [32minfo[39m: [32mMongoDB Connected: localhost[39m
2026-02-16 15:41:17:4117 [32minfo[39m: [32mServer running on port 5000[39m
2026-02-16 15:41:17:4117 [32minfo[39m: [32mEnvironment: development[39m
2026-02-16 15:43:29:4329 [35mhttp[39m: [35m[0mPOST /api/auth/admin-login [32m200[0m 256.325 ms - 467[0m[39m
2026-02-16 15:43:30:4330 [35mhttp[39m: [35m[0mGET /api/admin/complaints/department/WASTE_MANAGEMENT [36m304[0m 42.349 ms - -[0m[39m
2026-02-16 15:43:30:4330 [35mhttp[39m: [35m[0mGET /api/setup/teams/by-category/WASTE_MANAGEMENT [36m304[0m 22.299 ms - -[0m[39m
2026-02-16 15:43:30:4330 [35mhttp[39m: [35m[0mGET /api/admin/complaints/department/WASTE_MANAGEMENT [36m304[0m 41.780 ms - -[0m[39m
2026-02-16 15:43:30:4330 [35mhttp[39m: [35m[0mGET /api/setup/ward-offices [36m304[0m 17.571 ms - -[0m[39m
2026-02-16 15:43:30:4330 [35mhttp[39m: [35m[0mGET /api/setup/teams/by-category/WASTE_MANAGEMENT [36m304[0m 18.034 ms - -[0m[39m
2026-02-16 15:43:30:4330 [35mhttp[39m: [35m[0mGET /api/admin/complaints/department/WASTE_MANAGEMENT [36m304[0m 34.510 ms - -[0m[39m
2026-02-16 15:43:30:4330 [35mhttp[39m: [35m[0mGET /api/admin/complaints/department/WASTE_MANAGEMENT [36m304[0m 15.697 ms - -[0m[39m
2026-02-16 15:43:30:4330 [35mhttp[39m: [35m[0mGET /api/setup/ward-offices [36m304[0m 19.373 ms - -[0m[39m
2026-02-16 15:43:30:4330 [35mhttp[39m: [35m[0mGET /api/setup/teams/by-category/WASTE_MANAGEMENT [36m304[0m 17.198 ms - -[0m[39m
2026-02-16 15:43:30:4330 [35mhttp[39m: [35m[0mGET /api/setup/teams/by-category/WASTE_MANAGEMENT [36m304[0m 10.106 ms - -[0m[39m
2026-02-16 15:43:30:4330 [35mhttp[39m: [35m[0mGET /api/setup/ward-offices [36m304[0m 11.958 ms - -[0m[39m
2026-02-16 15:43:30:4330 [35mhttp[39m: [35m[0mGET /api/setup/ward-offices [36m304[0m 7.439 ms - -[0m[39m
2026-02-16 15:43:39:4339 [35mhttp[39m: [35m[0mGET /api/admin/complaints/department/POTHOLES [32m200[0m 12.545 ms - 779[0m[39m
2026-02-16 15:43:39:4339 [35mhttp[39m: [35m[0mGET /api/setup/teams/by-category/POTHOLES [32m200[0m 5.593 ms - 27[0m[39m
2026-02-16 15:43:39:4339 [35mhttp[39m: [35m[0mGET /api/setup/ward-offices [36m304[0m 6.706 ms - -[0m[39m
2026-02-16 15:43:40:4340 [35mhttp[39m: [35m[0mGET /api/admin/complaints/department/ELECTRICITY [36m304[0m 11.389 ms - -[0m[39m
2026-02-16 15:43:40:4340 [35mhttp[39m: [35m[0mGET /api/setup/teams/by-category/ELECTRICITY [36m304[0m 6.776 ms - -[0m[39m
2026-02-16 15:43:40:4340 [35mhttp[39m: [35m[0mGET /api/setup/ward-offices [36m304[0m 9.883 ms - -[0m[39m
2026-02-16 15:43:42:4342 [35mhttp[39m: [35m[0mGET /api/admin/complaints/department/PUBLIC_PROPERTY [32m200[0m 7.648 ms - 164[0m[39m
2026-02-16 15:43:42:4342 [35mhttp[39m: [35m[0mGET /api/setup/teams/by-category/PUBLIC_PROPERTY [32m200[0m 4.026 ms - 365[0m[39m
2026-02-16 15:43:42:4342 [35mhttp[39m: [35m[0mGET /api/setup/ward-offices [36m304[0m 4.842 ms - -[0m[39m
2026-02-16 15:43:44:4344 [35mhttp[39m: [35m[0mGET /api/admin/complaints/department/WASTE_MANAGEMENT [36m304[0m 11.448 ms - -[0m[39m
2026-02-16 15:43:44:4344 [35mhttp[39m: [35m[0mGET /api/setup/teams/by-category/WASTE_MANAGEMENT [36m304[0m 5.998 ms - -[0m[39m
2026-02-16 15:43:44:4344 [35mhttp[39m: [35m[0mGET /api/setup/ward-offices [36m304[0m 11.157 ms - -[0m[39m
2026-02-16 15:43:47:4347 [35mhttp[39m: [35m[0mGET /api/admin/complaints/department/POTHOLES [36m304[0m 8.294 ms - -[0m[39m
2026-02-16 15:43:47:4347 [35mhttp[39m: [35m[0mGET /api/setup/teams/by-category/POTHOLES [36m304[0m 6.028 ms - -[0m[39m
2026-02-16 15:43:47:4347 [35mhttp[39m: [35m[0mGET /api/setup/ward-offices [36m304[0m 8.635 ms - -[0m[39m
2026-02-16 15:43:48:4348 [35mhttp[39m: [35m[0mGET /api/admin/complaints/department/ELECTRICITY [36m304[0m 9.637 ms - -[0m[39m
2026-02-16 15:43:48:4348 [35mhttp[39m: [35m[0mGET /api/setup/teams/by-category/ELECTRICITY [36m304[0m 5.838 ms - -[0m[39m
2026-02-16 15:43:48:4348 [35mhttp[39m: [35m[0mGET /api/setup/ward-offices [36m304[0m 7.507 ms - -[0m[39m
2026-02-16 15:43:49:4349 [35mhttp[39m: [35m[0mGET /api/admin/complaints/department/PUBLIC_PROPERTY [36m304[0m 7.668 ms - -[0m[39m
2026-02-16 15:43:49:4349 [35mhttp[39m: [35m[0mGET /api/setup/teams/by-category/PUBLIC_PROPERTY [36m304[0m 9.872 ms - -[0m[39m
2026-02-16 15:43:49:4349 [35mhttp[39m: [35m[0mGET /api/setup/ward-offices [36m304[0m 4.188 ms - -[0m[39m
2026-02-16 15:43:50:4350 [35mhttp[39m: [35m[0mGET /api/admin/complaints/department/E_WASTE [32m200[0m 5.890 ms - 156[0m[39m
2026-02-16 15:43:50:4350 [35mhttp[39m: [35m[0mGET /api/setup/teams/by-category/E_WASTE [32m200[0m 4.500 ms - 353[0m[39m
2026-02-16 15:43:50:4350 [35mhttp[39m: [35m[0mGET /api/setup/ward-offices [36m304[0m 6.670 ms - -[0m[39m
2026-02-16 15:43:51:4351 [35mhttp[39m: [35m[0mGET /api/admin/complaints/department/SECURITY [32m200[0m 5.858 ms - 157[0m[39m
2026-02-16 15:43:51:4351 [35mhttp[39m: [35m[0mGET /api/setup/teams/by-category/SECURITY [32m200[0m 6.812 ms - 355[0m[39m
2026-02-16 15:43:51:4351 [35mhttp[39m: [35m[0mGET /api/setup/ward-offices [36m304[0m 7.852 ms - -[0m[39m
2026-02-16 15:43:58:4358 [35mhttp[39m: [35m[0mGET /api/admin/complaints/department/WASTE_MANAGEMENT [36m304[0m 16.570 ms - -[0m[39m
2026-02-16 15:43:58:4358 [35mhttp[39m: [35m[0mGET /api/setup/teams/by-category/WASTE_MANAGEMENT [36m304[0m 5.775 ms - -[0m[39m
2026-02-16 15:43:58:4358 [35mhttp[39m: [35m[0mGET /api/setup/ward-offices [36m304[0m 11.012 ms - -[0m[39m
2026-02-16 15:44:00:440 [35mhttp[39m: [35m[0mGET /api/admin/complaints/department/ELECTRICITY [36m304[0m 8.781 ms - -[0m[39m
2026-02-16 15:44:00:440 [35mhttp[39m: [35m[0mGET /api/setup/teams/by-category/ELECTRICITY [36m304[0m 4.488 ms - -[0m[39m
2026-02-16 15:44:00:440 [35mhttp[39m: [35m[0mGET /api/setup/ward-offices [36m304[0m 8.336 ms - -[0m[39m
2026-02-16 15:44:04:444 [35mhttp[39m: [35m[0mGET /api/admin/complaints/department/WASTE_MANAGEMENT [36m304[0m 11.142 ms - -[0m[39m
2026-02-16 15:44:04:444 [35mhttp[39m: [35m[0mGET /api/setup/teams/by-category/WASTE_MANAGEMENT [36m304[0m 8.783 ms - -[0m[39m
2026-02-16 15:44:04:444 [35mhttp[39m: [35m[0mGET /api/setup/ward-offices [36m304[0m 9.311 ms - -[0m[39m
2026-02-16 15:44:43:4443 [35mhttp[39m: [35m[0mGET /api/admin/complaints/department/POTHOLES [36m304[0m 7.776 ms - -[0m[39m
2026-02-16 15:44:43:4443 [35mhttp[39m: [35m[0mGET /api/setup/teams/by-category/POTHOLES [36m304[0m 5.686 ms - -[0m[39m
2026-02-16 15:44:43:4443 [35mhttp[39m: [35m[0mGET /api/setup/ward-offices [36m304[0m 7.842 ms - -[0m[39m
2026-02-16 15:45:14:4514 [35mhttp[39m: [35m[0mGET /api/admin/complaints/department/ELECTRICITY [36m304[0m 14.334 ms - -[0m[39m
2026-02-16 15:45:14:4514 [35mhttp[39m: [35m[0mGET /api/setup/teams/by-category/ELECTRICITY [36m304[0m 4.195 ms - -[0m[39m
2026-02-16 15:45:14:4514 [35mhttp[39m: [35m[0mGET /api/setup/ward-offices [36m304[0m 4.159 ms - -[0m[39m
2026-02-16 15:45:21:4521 [35mhttp[39m: [35m[0mGET /api/auth/logout [36m304[0m 0.910 ms - -[0m[39m
2026-02-16 15:45:38:4538 [35mhttp[39m: [35m[0mPOST /api/auth/admin-login [32m200[0m 108.731 ms - 474[0m[39m
2026-02-16 15:45:38:4538 [35mhttp[39m: [35m[0mGET /api/admin/complaints/department/WASTE_MANAGEMENT [36m304[0m 17.792 ms - -[0m[39m
2026-02-16 15:45:38:4538 [35mhttp[39m: [35m[0mGET /api/setup/teams/by-category/WASTE_MANAGEMENT [36m304[0m 6.132 ms - -[0m[39m
2026-02-16 15:45:38:4538 [35mhttp[39m: [35m[0mGET /api/admin/complaints/department/WASTE_MANAGEMENT [36m304[0m 10.002 ms - -[0m[39m
2026-02-16 15:45:38:4538 [35mhttp[39m: [35m[0mGET /api/setup/ward-offices [36m304[0m 15.001 ms - -[0m[39m
2026-02-16 15:45:38:4538 [35mhttp[39m: [35m[0mGET /api/setup/teams/by-category/WASTE_MANAGEMENT [36m304[0m 11.006 ms - -[0m[39m
2026-02-16 15:45:38:4538 [35mhttp[39m: [35m[0mGET /api/admin/complaints/department/WASTE_MANAGEMENT [36m304[0m 19.317 ms - -[0m[39m
2026-02-16 15:45:38:4538 [35mhttp[39m: [35m[0mGET /api/setup/ward-offices [36m304[0m 13.503 ms - -[0m[39m
2026-02-16 15:45:38:4538 [35mhttp[39m: [35m[0mGET /api/setup/teams/by-category/WASTE_MANAGEMENT [36m304[0m 13.759 ms - -[0m[39m
2026-02-16 15:45:38:4538 [35mhttp[39m: [35m[0mGET /api/admin/complaints/department/WASTE_MANAGEMENT [36m304[0m 27.693 ms - -[0m[39m
2026-02-16 15:45:38:4538 [35mhttp[39m: [35m[0mGET /api/setup/ward-offices [36m304[0m 6.623 ms - -[0m[39m
2026-02-16 15:45:38:4538 [35mhttp[39m: [35m[0mGET /api/setup/teams/by-category/WASTE_MANAGEMENT [36m304[0m 5.346 ms - -[0m[39m
2026-02-16 15:45:38:4538 [35mhttp[39m: [35m[0mGET /api/setup/ward-offices [36m304[0m 11.511 ms - -[0m[39m
2026-02-16 15:45:49:4549 [35mhttp[39m: [35m[0mGET /api/admin/complaints/department/POTHOLES [36m304[0m 12.695 ms - -[0m[39m
2026-02-16 15:45:49:4549 [35mhttp[39m: [35m[0mGET /api/setup/teams/by-category/POTHOLES [36m304[0m 6.790 ms - -[0m[39m
2026-02-16 15:45:49:4549 [35mhttp[39m: [35m[0mGET /api/setup/ward-offices [36m304[0m 10.250 ms - -[0m[39m
2026-02-16 15:45:53:4553 [35mhttp[39m: [35m[0mGET /api/admin/complaints/department/ELECTRICITY [36m304[0m 8.361 ms - -[0m[39m
2026-02-16 15:45:53:4553 [35mhttp[39m: [35m[0mGET /api/setup/teams/by-category/ELECTRICITY [36m304[0m 5.908 ms - -[0m[39m
2026-02-16 15:45:53:4553 [35mhttp[39m: [35m[0mGET /api/setup/ward-offices [36m304[0m 7.390 ms - -[0m[39m
2026-02-16 15:45:56:4556 [35mhttp[39m: [35m[0mGET /api/admin/complaints/department/PUBLIC_PROPERTY [36m304[0m 6.565 ms - -[0m[39m
2026-02-16 15:45:56:4556 [35mhttp[39m: [35m[0mGET /api/setup/teams/by-category/PUBLIC_PROPERTY [36m304[0m 8.491 ms - -[0m[39m
2026-02-16 15:45:56:4556 [35mhttp[39m: [35m[0mGET /api/setup/ward-offices [36m304[0m 5.420 ms - -[0m[39m
2026-02-16 15:46:02:462 [35mhttp[39m: [35m[0mGET /api/admin/complaints/department/E_WASTE [36m304[0m 7.056 ms - -[0m[39m
2026-02-16 15:46:02:462 [35mhttp[39m: [35m[0mGET /api/setup/teams/by-category/E_WASTE [36m304[0m 5.308 ms - -[0m[39m
2026-02-16 15:46:02:462 [35mhttp[39m: [35m[0mGET /api/setup/ward-offices [36m304[0m 8.264 ms - -[0m[39m
2026-02-16 15:46:17:4617 [35mhttp[39m: [35m[0mGET /api/admin/complaints/department/WASTE_MANAGEMENT [36m304[0m 14.518 ms - -[0m[39m
2026-02-16 15:46:17:4617 [35mhttp[39m: [35m[0mGET /api/setup/teams/by-category/WASTE_MANAGEMENT [36m304[0m 8.673 ms - -[0m[39m
2026-02-16 15:46:17:4617 [35mhttp[39m: [35m[0mGET /api/setup/ward-offices [36m304[0m 8.860 ms - -[0m[39m
2026-02-18 22:31:58:3158 [32minfo[39m: [32mMongoDB Connected: localhost[39m
2026-02-18 22:31:58:3158 [32minfo[39m: [32mServer running on port 5000[39m
2026-02-18 22:31:58:3158 [32minfo[39m: [32mEnvironment: development[39m
2026-02-18 22:32:11:3211 [35mhttp[39m: [35m[0mGET /api/auth/logout [36m304[0m 10.139 ms - -[0m[39m
2026-02-18 23:41:12:4112 [31merror[39m: [31m401 - Invalid email or password - /api/auth/login - POST - ::1[39m
2026-02-18 23:41:12:4112 [31merror[39m: [31mError: Invalid email or password[39m
[31m    at file:///C:/Users/acer/civiccare-smart-city-portal/backend/src/controllers/authController.js:51:17[39m
2026-02-18 23:41:12:4112 [35mhttp[39m: [35m[0mPOST /api/auth/login [33m401[0m 344.228 ms - 55[0m[39m
2026-02-18 23:41:40:4140 [35mhttp[39m: [35m[0mPOST /api/auth/login [32m200[0m 249.688 ms - 450[0m[39m
2026-02-18 23:41:41:4141 [35mhttp[39m: [35m[0mGET /api/complaints/user/69901574ca612f86ba796f6f [32m200[0m 117.430 ms - 722[0m[39m
2026-02-18 23:41:41:4141 [35mhttp[39m: [35m[0mGET /api/complaints/user/69901574ca612f86ba796f6f [36m304[0m 23.104 ms - -[0m[39m
2026-02-18 23:42:24:4224 [35mhttp[39m: [35m[0mGET /api/complaints/detail/69901611ca612f86ba796f78 [32m200[0m 35.237 ms - 649[0m[39m
2026-02-18 23:42:24:4224 [35mhttp[39m: [35m[0mGET /api/complaints/detail/69901611ca612f86ba796f78 [36m304[0m 14.565 ms - -[0m[39m
2026-02-18 23:42:29:4229 [35mhttp[39m: [35m[0mGET /api/complaints/user/69901574ca612f86ba796f6f [36m304[0m 20.125 ms - -[0m[39m
2026-02-18 23:42:29:4229 [35mhttp[39m: [35m[0mGET /api/complaints/user/69901574ca612f86ba796f6f [36m304[0m 21.671 ms - -[0m[39m
2026-02-18 23:42:51:4251 [35mhttp[39m: [35m[0mGET /api/auth/logout [36m304[0m 0.704 ms - -[0m[39m
2026-02-18 23:43:45:4345 [35mhttp[39m: [35m[0mPOST /api/auth/admin-login [32m200[0m 228.233 ms - 465[0m[39m
2026-02-18 23:43:45:4345 [35mhttp[39m: [35m[0mGET /api/admin/complaints/department/WASTE_MANAGEMENT [36m304[0m 97.699 ms - -[0m[39m
2026-02-18 23:43:45:4345 [35mhttp[39m: [35m[0mGET /api/admin/complaints/department/WASTE_MANAGEMENT [36m304[0m 43.061 ms - -[0m[39m
2026-02-18 23:43:45:4345 [35mhttp[39m: [35m[0mGET /api/setup/teams/by-category/WASTE_MANAGEMENT [36m304[0m 36.789 ms - -[0m[39m
2026-02-18 23:43:46:4346 [35mhttp[39m: [35m[0mGET /api/admin/complaints/department/WASTE_MANAGEMENT [36m304[0m 23.139 ms - -[0m[39m
2026-02-18 23:43:46:4346 [35mhttp[39m: [35m[0mGET /api/setup/teams/by-category/WASTE_MANAGEMENT [36m304[0m 25.248 ms - -[0m[39m
2026-02-18 23:43:46:4346 [35mhttp[39m: [35m[0mGET /api/admin/complaints/department/WASTE_MANAGEMENT [36m304[0m 38.989 ms - -[0m[39m
2026-02-18 23:43:46:4346 [35mhttp[39m: [35m[0mGET /api/setup/ward-offices [36m304[0m 35.925 ms - -[0m[39m
2026-02-18 23:43:46:4346 [35mhttp[39m: [35m[0mGET /api/setup/ward-offices [36m304[0m 9.690 ms - -[0m[39m
2026-02-18 23:43:46:4346 [35mhttp[39m: [35m[0mGET /api/setup/teams/by-category/WASTE_MANAGEMENT [36m304[0m 34.956 ms - -[0m[39m
2026-02-18 23:43:46:4346 [35mhttp[39m: [35m[0mGET /api/setup/teams/by-category/WASTE_MANAGEMENT [36m304[0m 8.341 ms - -[0m[39m
2026-02-18 23:43:46:4346 [35mhttp[39m: [35m[0mGET /api/setup/ward-offices [36m304[0m 12.252 ms - -[0m[39m
2026-02-18 23:43:46:4346 [35mhttp[39m: [35m[0mGET /api/setup/ward-offices [36m304[0m 11.489 ms - -[0m[39m
2026-02-18 23:43:58:4358 [35mhttp[39m: [35m[0mGET /api/admin/complaints/department/E_WASTE [36m304[0m 11.707 ms - -[0m[39m
2026-02-18 23:43:58:4358 [35mhttp[39m: [35m[0mGET /api/setup/teams/by-category/E_WASTE [36m304[0m 10.420 ms - -[0m[39m
2026-02-18 23:43:58:4358 [35mhttp[39m: [35m[0mGET /api/setup/ward-offices [36m304[0m 12.513 ms - -[0m[39m
2026-02-18 23:44:02:442 [35mhttp[39m: [35m[0mGET /api/admin/complaints/department/PUBLIC_PROPERTY [36m304[0m 12.030 ms - -[0m[39m
2026-02-18 23:44:02:442 [35mhttp[39m: [35m[0mGET /api/setup/teams/by-category/PUBLIC_PROPERTY [36m304[0m 7.628 ms - -[0m[39m
2026-02-18 23:44:02:442 [35mhttp[39m: [35m[0mGET /api/setup/ward-offices [36m304[0m 12.428 ms - -[0m[39m
2026-02-18 23:44:03:443 [35mhttp[39m: [35m[0mGET /api/admin/complaints/department/ELECTRICITY [36m304[0m 15.760 ms - -[0m[39m
2026-02-18 23:44:03:443 [35mhttp[39m: [35m[0mGET /api/setup/teams/by-category/ELECTRICITY [36m304[0m 7.727 ms - -[0m[39m
2026-02-18 23:44:03:443 [35mhttp[39m: [35m[0mGET /api/setup/ward-offices [36m304[0m 11.216 ms - -[0m[39m
2026-02-18 23:44:04:444 [35mhttp[39m: [35m[0mGET /api/admin/complaints/department/POTHOLES [36m304[0m 10.393 ms - -[0m[39m
2026-02-18 23:44:04:444 [35mhttp[39m: [35m[0mGET /api/setup/teams/by-category/POTHOLES [36m304[0m 7.082 ms - -[0m[39m
2026-02-18 23:44:04:444 [35mhttp[39m: [35m[0mGET /api/setup/ward-offices [36m304[0m 7.283 ms - -[0m[39m
2026-02-18 23:44:11:4411 [35mhttp[39m: [35m[0mGET /api/admin/complaints/department/ELECTRICITY [36m304[0m 11.205 ms - -[0m[39m
2026-02-18 23:44:11:4411 [35mhttp[39m: [35m[0mGET /api/setup/teams/by-category/ELECTRICITY [36m304[0m 6.354 ms - -[0m[39m
2026-02-18 23:44:11:4411 [35mhttp[39m: [35m[0mGET /api/setup/ward-offices [36m304[0m 7.980 ms - -[0m[39m
2026-02-18 23:46:13:4613 [35mhttp[39m: [35m[0mGET /api/admin/complaints/department/WASTE_MANAGEMENT [36m304[0m 17.656 ms - -[0m[39m
2026-02-18 23:46:13:4613 [35mhttp[39m: [35m[0mGET /api/setup/teams/by-category/WASTE_MANAGEMENT [36m304[0m 10.398 ms - -[0m[39m
2026-02-18 23:46:14:4614 [35mhttp[39m: [35m[0mGET /api/setup/ward-offices [36m304[0m 6.977 ms - -[0m[39m
2026-02-18 23:47:10:4710 [35mhttp[39m: [35m[0mGET /api/admin/complaints/department/WASTE_MANAGEMENT [36m304[0m 13.420 ms - -[0m[39m
2026-02-18 23:47:10:4710 [35mhttp[39m: [35m[0mGET /api/admin/complaints/department/WASTE_MANAGEMENT [36m304[0m 13.009 ms - -[0m[39m
2026-02-18 23:47:10:4710 [35mhttp[39m: [35m[0mGET /api/setup/teams/by-category/WASTE_MANAGEMENT [36m304[0m 8.298 ms - -[0m[39m
2026-02-18 23:47:10:4710 [35mhttp[39m: [35m[0mGET /api/setup/teams/by-category/WASTE_MANAGEMENT [36m304[0m 6.726 ms - -[0m[39m
2026-02-18 23:47:10:4710 [35mhttp[39m: [35m[0mGET /api/setup/ward-offices [36m304[0m 5.386 ms - -[0m[39m
2026-02-18 23:47:10:4710 [35mhttp[39m: [35m[0mGET /api/setup/ward-offices [36m304[0m 6.272 ms - -[0m[39m
2026-02-18 23:47:12:4712 [35mhttp[39m: [35m[0mGET /api/admin/complaints/department/SECURITY [32m200[0m 5.672 ms - 157[0m[39m
2026-02-18 23:47:12:4712 [35mhttp[39m: [35m[0mGET /api/admin/complaints/department/SECURITY [36m304[0m 5.688 ms - -[0m[39m
2026-02-18 23:47:12:4712 [35mhttp[39m: [35m[0mGET /api/setup/teams/by-category/SECURITY [32m200[0m 5.964 ms - 355[0m[39m
2026-02-18 23:47:12:4712 [35mhttp[39m: [35m[0mGET /api/admin/complaints/department/SECURITY [36m304[0m 8.765 ms - -[0m[39m
2026-02-18 23:47:12:4712 [35mhttp[39m: [35m[0mGET /api/setup/teams/by-category/SECURITY [36m304[0m 11.330 ms - -[0m[39m
2026-02-18 23:47:12:4712 [35mhttp[39m: [35m[0mGET /api/setup/ward-offices [36m304[0m 11.553 ms - -[0m[39m
2026-02-18 23:47:12:4712 [35mhttp[39m: [35m[0mGET /api/admin/complaints/department/SECURITY [36m304[0m 13.333 ms - -[0m[39m
2026-02-18 23:47:12:4712 [35mhttp[39m: [35m[0mGET /api/setup/teams/by-category/SECURITY [36m304[0m 9.541 ms - -[0m[39m
2026-02-18 23:47:12:4712 [35mhttp[39m: [35m[0mGET /api/setup/ward-offices [36m304[0m 8.123 ms - -[0m[39m
2026-02-18 23:47:12:4712 [35mhttp[39m: [35m[0mGET /api/setup/teams/by-category/SECURITY [36m304[0m 41.351 ms - -[0m[39m
2026-02-18 23:47:12:4712 [35mhttp[39m: [35m[0mGET /api/setup/ward-offices [36m304[0m 4.661 ms - -[0m[39m
2026-02-18 23:47:12:4712 [35mhttp[39m: [35m[0mGET /api/setup/ward-offices [36m304[0m 13.777 ms - -[0m[39m
2026-02-18 23:47:14:4714 [35mhttp[39m: [35m[0mGET /api/admin/complaints/department/SECURITY [36m304[0m 5.261 ms - -[0m[39m
2026-02-18 23:47:14:4714 [35mhttp[39m: [35m[0mGET /api/admin/complaints/department/SECURITY [36m304[0m 8.962 ms - -[0m[39m
2026-02-18 23:47:14:4714 [35mhttp[39m: [35m[0mGET /api/setup/teams/by-category/SECURITY [36m304[0m 6.453 ms - -[0m[39m
2026-02-18 23:47:14:4714 [35mhttp[39m: [35m[0mGET /api/setup/teams/by-category/SECURITY [36m304[0m 7.703 ms - -[0m[39m
2026-02-18 23:47:14:4714 [35mhttp[39m: [35m[0mGET /api/setup/ward-offices [36m304[0m 6.832 ms - -[0m[39m
2026-02-18 23:47:14:4714 [35mhttp[39m: [35m[0mGET /api/setup/ward-offices [36m304[0m 7.169 ms - -[0m[39m
2026-02-18 23:47:26:4726 [32minfo[39m: [32mMongoDB Connected: localhost[39m
2026-02-18 23:49:07:497 [35mhttp[39m: [35m[0mPOST /api/auth/admin-login [32m200[0m 259.921 ms - 467[0m[39m
2026-02-18 23:49:07:497 [35mhttp[39m: [35m[0mGET /api/admin/complaints/department/WASTE_MANAGEMENT [36m304[0m 20.348 ms - -[0m[39m
2026-02-18 23:49:07:497 [35mhttp[39m: [35m[0mGET /api/admin/complaints/department/WASTE_MANAGEMENT [36m304[0m 32.008 ms - -[0m[39m
2026-02-18 23:49:07:497 [35mhttp[39m: [35m[0mGET /api/setup/teams/by-category/WASTE_MANAGEMENT [36m304[0m 20.831 ms - -[0m[39m
2026-02-18 23:49:07:497 [35mhttp[39m: [35m[0mGET /api/setup/teams/by-category/WASTE_MANAGEMENT [36m304[0m 25.964 ms - -[0m[39m
2026-02-18 23:49:07:497 [35mhttp[39m: [35m[0mGET /api/admin/complaints/department/WASTE_MANAGEMENT [36m304[0m 40.389 ms - -[0m[39m
2026-02-18 23:49:07:497 [35mhttp[39m: [35m[0mGET /api/setup/ward-offices [36m304[0m 27.290 ms - -[0m[39m
2026-02-18 23:49:08:498 [35mhttp[39m: [35m[0mGET /api/setup/teams/by-category/WASTE_MANAGEMENT [36m304[0m 27.481 ms - -[0m[39m
2026-02-18 23:49:08:498 [35mhttp[39m: [35m[0mGET /api/setup/ward-offices [36m304[0m 27.303 ms - -[0m[39m
2026-02-18 23:49:08:498 [35mhttp[39m: [35m[0mGET /api/admin/complaints/department/WASTE_MANAGEMENT [36m304[0m 46.942 ms - -[0m[39m
2026-02-18 23:49:08:498 [35mhttp[39m: [35m[0mGET /api/setup/ward-offices [36m304[0m 17.344 ms - -[0m[39m
2026-02-18 23:49:08:498 [35mhttp[39m: [35m[0mGET /api/setup/teams/by-category/WASTE_MANAGEMENT [36m304[0m 16.232 ms - -[0m[39m
2026-02-18 23:49:08:498 [35mhttp[39m: [35m[0mGET /api/setup/ward-offices [36m304[0m 6.841 ms - -[0m[39m
2026-02-18 23:49:13:4913 [35mhttp[39m: [35m[0mGET /api/admin/complaints/department/POTHOLES [36m304[0m 17.543 ms - -[0m[39m
2026-02-18 23:49:13:4913 [35mhttp[39m: [35m[0mGET /api/setup/teams/by-category/POTHOLES [36m304[0m 7.163 ms - -[0m[39m
2026-02-18 23:49:13:4913 [35mhttp[39m: [35m[0mGET /api/setup/ward-offices [36m304[0m 8.252 ms - -[0m[39m
2026-02-18 23:49:15:4915 [35mhttp[39m: [35m[0mGET /api/admin/complaints/department/ELECTRICITY [36m304[0m 16.968 ms - -[0m[39m
2026-02-18 23:49:15:4915 [35mhttp[39m: [35m[0mGET /api/setup/teams/by-category/ELECTRICITY [36m304[0m 10.620 ms - -[0m[39m
2026-02-18 23:49:15:4915 [35mhttp[39m: [35m[0mGET /api/setup/ward-offices [36m304[0m 10.255 ms - -[0m[39m
2026-02-18 23:49:16:4916 [35mhttp[39m: [35m[0mGET /api/admin/complaints/department/PUBLIC_PROPERTY [36m304[0m 11.345 ms - -[0m[39m
2026-02-18 23:49:16:4916 [35mhttp[39m: [35m[0mGET /api/setup/teams/by-category/PUBLIC_PROPERTY [36m304[0m 10.479 ms - -[0m[39m
2026-02-18 23:49:16:4916 [35mhttp[39m: [35m[0mGET /api/setup/ward-offices [36m304[0m 8.389 ms - -[0m[39m
2026-02-18 23:49:19:4919 [35mhttp[39m: [35m[0mGET /api/admin/complaints/department/E_WASTE [36m304[0m 7.834 ms - -[0m[39m
2026-02-18 23:49:19:4919 [35mhttp[39m: [35m[0mGET /api/setup/teams/by-category/E_WASTE [36m304[0m 9.303 ms - -[0m[39m
2026-02-18 23:49:19:4919 [35mhttp[39m: [35m[0mGET /api/setup/ward-offices [36m304[0m 8.336 ms - -[0m[39m
2026-02-18 23:49:20:4920 [35mhttp[39m: [35m[0mGET /api/admin/complaints/department/SECURITY [36m304[0m 10.311 ms - -[0m[39m
2026-02-18 23:49:20:4920 [35mhttp[39m: [35m[0mGET /api/setup/teams/by-category/SECURITY [36m304[0m 8.150 ms - -[0m[39m
2026-02-18 23:49:20:4920 [35mhttp[39m: [35m[0mGET /api/setup/ward-offices [36m304[0m 9.590 ms - -[0m[39m
2026-02-18 23:49:22:4922 [35mhttp[39m: [35m[0mGET /api/admin/complaints/department/POTHOLES [36m304[0m 12.466 ms - -[0m[39m
2026-02-18 23:49:22:4922 [35mhttp[39m: [35m[0mGET /api/setup/teams/by-category/POTHOLES [36m304[0m 8.784 ms - -[0m[39m
2026-02-18 23:49:22:4922 [35mhttp[39m: [35m[0mGET /api/setup/ward-offices [36m304[0m 9.389 ms - -[0m[39m
2026-02-18 23:49:27:4927 [35mhttp[39m: [35m[0mGET /api/admin/complaints/department/WASTE_MANAGEMENT [36m304[0m 19.307 ms - -[0m[39m
2026-02-18 23:49:27:4927 [35mhttp[39m: [35m[0mGET /api/setup/teams/by-category/WASTE_MANAGEMENT [36m304[0m 8.307 ms - -[0m[39m
2026-02-18 23:49:27:4927 [35mhttp[39m: [35m[0mGET /api/setup/ward-offices [36m304[0m 8.414 ms - -[0m[39m
2026-02-18 23:49:34:4934 [35mhttp[39m: [35m[0mGET /api/admin/complaints/department/POTHOLES [36m304[0m 15.227 ms - -[0m[39m
2026-02-18 23:49:34:4934 [35mhttp[39m: [35m[0mGET /api/setup/teams/by-category/POTHOLES [36m304[0m 10.449 ms - -[0m[39m
2026-02-18 23:54:05:545 [32minfo[39m: [32mMongoDB Connected: localhost[39m
2026-02-18 23:54:41:5441 [32minfo[39m: [32mMongoDB Connected: localhost[39m
2026-02-18 23:54:41:5441 [32minfo[39m: [32mServer running on port 5000[39m
2026-02-18 23:54:41:5441 [32minfo[39m: [32mEnvironment: development[39m
2026-02-18 23:55:17:5517 [32minfo[39m: [32mMongoDB Connected: localhost[39m
2026-02-18 23:55:49:5549 [32minfo[39m: [32mMongoDB Connected: localhost[39m
2026-02-18 23:55:49:5549 [32minfo[39m: [32mServer running on port 5000[39m
2026-02-18 23:55:49:5549 [32minfo[39m: [32mEnvironment: development[39m
2026-02-18 23:56:38:5638 [32minfo[39m: [32mMongoDB Connected: localhost[39m
2026-02-18 23:56:38:5638 [32minfo[39m: [32mServer running on port 5000[39m
2026-02-18 23:56:38:5638 [32minfo[39m: [32mEnvironment: development[39m
2026-02-18 23:57:25:5725 [35mhttp[39m: [35m[0mGET /api/auth/logout [32m200[0m 7.956 ms - 52[0m[39m
2026-02-18 23:57:35:5735 [31merror[39m: [31m401 - Invalid email or password - /api/auth/admin-login - POST - ::1[39m
2026-02-18 23:57:35:5735 [31merror[39m: [31mError: Invalid email or password[39m
[31m    at file:///C:/Users/acer/civiccare-smart-city-portal/backend/src/controllers/authController.js:83:17[39m
2026-02-18 23:57:35:5735 [35mhttp[39m: [35m[0mPOST /api/auth/admin-login [33m401[0m 377.847 ms - 55[0m[39m
2026-02-18 23:58:07:587 [32minfo[39m: [32mMongoDB Connected: localhost[39m
2026-02-18 23:58:46:5846 [35mhttp[39m: [35m[0mGET /health [32m200[0m 0.433 ms - 85[0m[39m
2026-02-18 23:59:15:5915 [31merror[39m: [31m401 - Please login to access this route - /api/auth/me - GET - ::1[39m
2026-02-18 23:59:15:5915 [31merror[39m: [31mError: Please login to access this route[39m
[31m    at protect (file:///C:/Users/acer/civiccare-smart-city-portal/backend/src/middleware/auth.js:14:19)[39m
[31m    at Layer.handle [as handle_request] (C:\Users\acer\civiccare-smart-city-portal\backend\node_modules\express\lib\router\layer.js:95:5)[39m
[31m    at next (C:\Users\acer\civiccare-smart-city-portal\backend\node_modules\express\lib\router\route.js:149:13)[39m
[31m    at Route.dispatch (C:\Users\acer\civiccare-smart-city-portal\backend\node_modules\express\lib\router\route.js:119:3)[39m
[31m    at Layer.handle [as handle_request] (C:\Users\acer\civiccare-smart-city-portal\backend\node_modules\express\lib\router\layer.js:95:5)[39m
[31m    at C:\Users\acer\civiccare-smart-city-portal\backend\node_modules\express\lib\router\index.js:284:15[39m
[31m    at Function.process_params (C:\Users\acer\civiccare-smart-city-portal\backend\node_modules\express\lib\router\index.js:346:12)[39m
[31m    at next (C:\Users\acer\civiccare-smart-city-portal\backend\node_modules\express\lib\router\index.js:280:10)[39m
[31m    at Function.handle (C:\Users\acer\civiccare-smart-city-portal\backend\node_modules\express\lib\router\index.js:175:3)[39m
[31m    at router (C:\Users\acer\civiccare-smart-city-portal\backend\node_modules\express\lib\router\index.js:47:12)[39m
2026-02-18 23:59:15:5915 [35mhttp[39m: [35m[0mGET /api/auth/me [33m401[0m 1.562 ms - 63[0m[39m
2026-02-19 00:00:03:03 [35mhttp[39m: [35m[0mPOST /api/auth/login [32m200[0m 266.980 ms - 467[0m[39m
2026-02-19 00:01:08:18 [35mhttp[39m: [35m[0mPOST /api/auth/admin-login [32m200[0m 265.168 ms - 467[0m[39m
2026-02-19 00:01:08:18 [35mhttp[39m: [35m[0mGET /api/setup/teams/by-category/WASTE_MANAGEMENT [36m304[0m 72.797 ms - -[0m[39m
2026-02-19 00:01:08:18 [35mhttp[39m: [35m[0mGET /api/setup/teams/by-category/WASTE_MANAGEMENT [36m304[0m 25.188 ms - -[0m[39m
2026-02-19 00:01:08:18 [35mhttp[39m: [35m[0mGET /api/setup/ward-offices [32m200[0m 25.019 ms - 1347[0m[39m
2026-02-19 00:01:08:18 [35mhttp[39m: [35m[0mGET /api/admin/complaints/department/WASTE_MANAGEMENT [32m200[0m 149.714 ms - 1322[0m[39m
2026-02-19 00:01:08:18 [35mhttp[39m: [35m[0mGET /api/setup/teams/by-category/WASTE_MANAGEMENT [36m304[0m 32.555 ms - -[0m[39m
2026-02-19 00:01:08:18 [35mhttp[39m: [35m[0mGET /api/setup/ward-offices [36m304[0m 35.438 ms - -[0m[39m
2026-02-19 00:01:08:18 [35mhttp[39m: [35m[0mGET /api/admin/complaints/department/WASTE_MANAGEMENT [36m304[0m 47.748 ms - -[0m[39m
2026-02-19 00:01:08:18 [35mhttp[39m: [35m[0mGET /api/setup/ward-offices [36m304[0m 25.980 ms - -[0m[39m
2026-02-19 00:01:08:18 [35mhttp[39m: [35m[0mGET /api/admin/complaints/department/WASTE_MANAGEMENT [36m304[0m 31.680 ms - -[0m[39m
2026-02-19 00:01:50:150 [32minfo[39m: [32mMongoDB Connected: localhost[39m
2026-02-19 00:01:50:150 [32minfo[39m: [32mServer running on port 5000[39m
2026-02-19 00:01:50:150 [32minfo[39m: [32mEnvironment: development[39m
2026-02-19 00:02:35:235 [35mhttp[39m: [35m[0mGET /health [32m200[0m 2.512 ms - 85[0m[39m
2026-02-19 00:03:01:31 [35mhttp[39m: [35m[0mGET /api/auth/logout [36m304[0m 2.224 ms - -[0m[39m
2026-02-19 00:03:15:315 [35mhttp[39m: [35m[0mPOST /api/auth/admin-login [32m200[0m 331.910 ms - 467[0m[39m
2026-02-19 00:03:16:316 [35mhttp[39m: [35m[0mGET /api/admin/complaints/department/WASTE_MANAGEMENT [36m304[0m 111.726 ms - -[0m[39m
2026-02-19 00:03:16:316 [35mhttp[39m: [35m[0mGET /api/setup/teams/by-category/WASTE_MANAGEMENT [36m304[0m 74.271 ms - -[0m[39m
2026-02-19 00:03:16:316 [35mhttp[39m: [35m[0mGET /api/setup/teams/by-category/WASTE_MANAGEMENT [36m304[0m 55.033 ms - -[0m[39m
2026-02-19 00:03:16:316 [35mhttp[39m: [35m[0mGET /api/setup/ward-offices [36m304[0m 63.347 ms - -[0m[39m
2026-02-19 00:03:16:316 [35mhttp[39m: [35m[0mGET /api/setup/teams/by-category/WASTE_MANAGEMENT [36m304[0m 30.061 ms - -[0m[39m
2026-02-19 00:03:16:316 [35mhttp[39m: [35m[0mGET /api/setup/ward-offices [36m304[0m 21.263 ms - -[0m[39m
2026-02-19 00:03:16:316 [35mhttp[39m: [35m[0mGET /api/admin/complaints/department/WASTE_MANAGEMENT [36m304[0m 129.715 ms - -[0m[39m
2026-02-19 00:03:16:316 [35mhttp[39m: [35m[0mGET /api/setup/ward-offices [36m304[0m 22.923 ms - -[0m[39m
2026-02-19 00:03:16:316 [35mhttp[39m: [35m[0mGET /api/admin/complaints/department/WASTE_MANAGEMENT [36m304[0m 34.335 ms - -[0m[39m
2026-02-19 00:05:45:545 [32minfo[39m: [32mMongoDB Connected: localhost[39m
2026-02-19 00:05:45:545 [32minfo[39m: [32mServer running on port 5000[39m
2026-02-19 00:05:45:545 [32minfo[39m: [32mEnvironment: development[39m
2026-02-19 00:05:48:548 [32minfo[39m: [32mMongoDB Connected: localhost[39m
2026-02-19 00:05:48:548 [32minfo[39m: [32mServer running on port 5000[39m
2026-02-19 00:05:48:548 [32minfo[39m: [32mEnvironment: development[39m
2026-02-19 00:05:49:549 [32minfo[39m: [32mMongoDB Connected: localhost[39m
2026-02-19 00:05:49:549 [32minfo[39m: [32mServer running on port 5000[39m
2026-02-19 00:05:49:549 [32minfo[39m: [32mEnvironment: development[39m
2026-02-19 00:05:53:553 [32minfo[39m: [32mMongoDB Connected: localhost[39m
2026-02-19 00:05:53:553 [32minfo[39m: [32mServer running on port 5000[39m
2026-02-19 00:05:53:553 [32minfo[39m: [32mEnvironment: development[39m
2026-02-19 00:05:58:558 [32minfo[39m: [32mMongoDB Connected: localhost[39m
2026-02-19 00:05:58:558 [32minfo[39m: [32mServer running on port 5000[39m
2026-02-19 00:05:58:558 [32minfo[39m: [32mEnvironment: development[39m
2026-02-19 00:06:01:61 [32minfo[39m: [32mMongoDB Connected: localhost[39m
2026-02-19 00:06:01:61 [32minfo[39m: [32mServer running on port 5000[39m
2026-02-19 00:06:01:61 [32minfo[39m: [32mEnvironment: development[39m
2026-02-19 00:09:13:913 [32minfo[39m: [32mMongoDB Connected: localhost[39m
2026-02-19 00:09:13:913 [32minfo[39m: [32mServer running on port 5000[39m
2026-02-19 00:09:13:913 [32minfo[39m: [32mEnvironment: development[39m
2026-02-19 00:09:18:918 [35mhttp[39m: [35m[0mGET /api/setup/teams/by-category/POTHOLES [36m304[0m 59.305 ms - -[0m[39m
2026-02-19 00:09:18:918 [35mhttp[39m: [35m[0mGET /api/admin/complaints/department/POTHOLES [32m200[0m 103.591 ms - 779[0m[39m
2026-02-19 00:09:19:919 [35mhttp[39m: [35m[0mGET /api/setup/ward-offices [36m304[0m 20.657 ms - -[0m[39m
2026-02-19 00:09:31:931 [35mhttp[39m: [35m[0mGET /api/admin/complaints/department/E_WASTE [36m304[0m 29.957 ms - -[0m[39m
2026-02-19 00:09:31:931 [35mhttp[39m: [35m[0mGET /api/setup/teams/by-category/E_WASTE [36m304[0m 27.813 ms - -[0m[39m
2026-02-19 00:09:31:931 [35mhttp[39m: [35m[0mGET /api/setup/ward-offices [36m304[0m 11.983 ms - -[0m[39m
2026-02-19 00:09:41:941 [35mhttp[39m: [35m[0mGET /api/admin/complaints/department/SECURITY [36m304[0m 16.859 ms - -[0m[39m
2026-02-19 00:09:41:941 [35mhttp[39m: [35m[0mGET /api/setup/teams/by-category/SECURITY [36m304[0m 14.665 ms - -[0m[39m
2026-02-19 00:09:41:941 [35mhttp[39m: [35m[0mGET /api/setup/ward-offices [36m304[0m 10.284 ms - -[0m[39m
2026-02-19 00:09:42:942 [35mhttp[39m: [35m[0mGET /api/auth/logout [36m304[0m 1.031 ms - -[0m[39m
2026-02-19 00:09:55:955 [35mhttp[39m: [35m[0mPOST /api/auth/admin-login [32m200[0m 332.517 ms - 350[0m[39m
2026-02-19 00:09:55:955 [35mhttp[39m: [35m[0mGET /api/setup/teams/by-category/WASTE_MANAGEMENT [36m304[0m 23.205 ms - -[0m[39m
2026-02-19 00:09:55:955 [35mhttp[39m: [35m[0mGET /api/setup/teams/by-category/WASTE_MANAGEMENT [36m304[0m 19.700 ms - -[0m[39m
2026-02-19 00:09:55:955 [35mhttp[39m: [35m[0mGET /api/setup/ward-offices [36m304[0m 21.285 ms - -[0m[39m
2026-02-19 00:09:55:955 [35mhttp[39m: [35m[0mGET /api/admin/complaints/department/WASTE_MANAGEMENT [36m304[0m 78.538 ms - -[0m[39m
2026-02-19 00:09:55:955 [35mhttp[39m: [35m[0mGET /api/setup/teams/by-category/WASTE_MANAGEMENT [36m304[0m 31.019 ms - -[0m[39m
2026-02-19 00:09:55:955 [35mhttp[39m: [35m[0mGET /api/setup/ward-offices [36m304[0m 27.085 ms - -[0m[39m
2026-02-19 00:09:55:955 [35mhttp[39m: [35m[0mGET /api/admin/complaints/department/WASTE_MANAGEMENT [36m304[0m 35.063 ms - -[0m[39m
2026-02-19 00:09:55:955 [35mhttp[39m: [35m[0mGET /api/setup/ward-offices [36m304[0m 14.847 ms - -[0m[39m
2026-02-19 00:09:55:955 [35mhttp[39m: [35m[0mGET /api/admin/complaints/department/WASTE_MANAGEMENT [36m304[0m 22.316 ms - -[0m[39m
2026-02-19 00:10:16:1016 [32minfo[39m: [32mMongoDB Connected: localhost[39m
2026-02-19 00:10:16:1016 [32minfo[39m: [32mServer running on port 5000[39m
2026-02-19 00:10:16:1016 [32minfo[39m: [32mEnvironment: development[39m
2026-02-19 00:10:19:1019 [32minfo[39m: [32mMongoDB Connected: localhost[39m
2026-02-19 00:10:51:1051 [32minfo[39m: [32mMongoDB Connected: localhost[39m
2026-02-19 00:10:51:1051 [32minfo[39m: [32mServer running on port 5000[39m
2026-02-19 00:10:51:1051 [32minfo[39m: [32mEnvironment: development[39m
2026-02-19 00:12:56:1256 [35mhttp[39m: [35m[0mGET /api/setup/teams/by-category/WASTE_MANAGEMENT [36m304[0m 31.993 ms - -[0m[39m
2026-02-19 00:12:56:1256 [35mhttp[39m: [35m[0mGET /api/setup/teams/by-category/WASTE_MANAGEMENT [36m304[0m 17.064 ms - -[0m[39m
2026-02-19 00:12:56:1256 [35mhttp[39m: [35m[0mGET /api/admin/complaints/department/WASTE_MANAGEMENT [36m304[0m 84.005 ms - -[0m[39m
2026-02-19 00:12:56:1256 [35mhttp[39m: [35m[0mGET /api/setup/ward-offices [36m304[0m 22.212 ms - -[0m[39m
2026-02-19 00:12:56:1256 [35mhttp[39m: [35m[0mGET /api/setup/ward-offices [36m304[0m 19.385 ms - -[0m[39m
2026-02-19 00:12:56:1256 [35mhttp[39m: [35m[0mGET /api/admin/complaints/department/WASTE_MANAGEMENT [36m304[0m 34.113 ms - -[0m[39m
2026-02-19 00:12:59:1259 [35mhttp[39m: [35m[0mGET /api/setup/teams/by-category/WASTE_MANAGEMENT [36m304[0m 14.461 ms - -[0m[39m
2026-02-19 00:12:59:1259 [35mhttp[39m: [35m[0mGET /api/admin/complaints/department/WASTE_MANAGEMENT [36m304[0m 23.000 ms - -[0m[39m
2026-02-19 00:12:59:1259 [35mhttp[39m: [35m[0mGET /api/setup/teams/by-category/WASTE_MANAGEMENT [36m304[0m 19.503 ms - -[0m[39m
2026-02-19 00:12:59:1259 [35mhttp[39m: [35m[0mGET /api/setup/ward-offices [36m304[0m 18.906 ms - -[0m[39m
2026-02-19 00:12:59:1259 [35mhttp[39m: [35m[0mGET /api/admin/complaints/department/WASTE_MANAGEMENT [36m304[0m 30.964 ms - -[0m[39m
2026-02-19 00:12:59:1259 [35mhttp[39m: [35m[0mGET /api/setup/teams/by-category/WASTE_MANAGEMENT [36m304[0m 18.226 ms - -[0m[39m
2026-02-19 00:12:59:1259 [35mhttp[39m: [35m[0mGET /api/admin/complaints/department/WASTE_MANAGEMENT [36m304[0m 20.215 ms - -[0m[39m
2026-02-19 00:12:59:1259 [35mhttp[39m: [35m[0mGET /api/setup/ward-offices [36m304[0m 9.890 ms - -[0m[39m
2026-02-19 00:12:59:1259 [35mhttp[39m: [35m[0mGET /api/setup/ward-offices [36m304[0m 3.945 ms - -[0m[39m
2026-02-19 00:13:08:138 [35mhttp[39m: [35m[0mGET /api/admin/complaints/department/WASTE_MANAGEMENT [36m304[0m 18.653 ms - -[0m[39m
2026-02-19 00:13:08:138 [35mhttp[39m: [35m[0mGET /api/setup/teams/by-category/WASTE_MANAGEMENT [36m304[0m 13.693 ms - -[0m[39m
2026-02-19 00:13:08:138 [35mhttp[39m: [35m[0mGET /api/setup/teams/by-category/WASTE_MANAGEMENT [36m304[0m 12.844 ms - -[0m[39m
2026-02-19 00:13:08:138 [35mhttp[39m: [35m[0mGET /api/admin/complaints/department/WASTE_MANAGEMENT [36m304[0m 24.271 ms - -[0m[39m
2026-02-19 00:13:08:138 [35mhttp[39m: [35m[0mGET /api/setup/ward-offices [36m304[0m 12.652 ms - -[0m[39m
2026-02-19 00:13:08:138 [35mhttp[39m: [35m[0mGET /api/setup/ward-offices [36m304[0m 8.973 ms - -[0m[39m
2026-02-19 00:13:11:1311 [35mhttp[39m: [35m[0mGET /api/setup/teams/by-category/WASTE_MANAGEMENT [36m304[0m 8.299 ms - -[0m[39m
2026-02-19 00:13:11:1311 [35mhttp[39m: [35m[0mGET /api/admin/complaints/department/WASTE_MANAGEMENT [36m304[0m 17.875 ms - -[0m[39m
2026-02-19 00:13:11:1311 [35mhttp[39m: [35m[0mGET /api/setup/teams/by-category/WASTE_MANAGEMENT [36m304[0m 9.356 ms - -[0m[39m
2026-02-19 00:13:11:1311 [35mhttp[39m: [35m[0mGET /api/admin/complaints/department/WASTE_MANAGEMENT [36m304[0m 18.089 ms - -[0m[39m
2026-02-19 00:13:11:1311 [35mhttp[39m: [35m[0mGET /api/setup/ward-offices [36m304[0m 7.747 ms - -[0m[39m
2026-02-19 00:13:11:1311 [35mhttp[39m: [35m[0mGET /api/setup/ward-offices [36m304[0m 6.067 ms - -[0m[39m
2026-02-19 00:13:16:1316 [35mhttp[39m: [35m[0mGET /api/setup/teams/by-category/WASTE_MANAGEMENT [36m304[0m 11.545 ms - -[0m[39m
2026-02-19 00:13:16:1316 [35mhttp[39m: [35m[0mGET /api/admin/complaints/department/WASTE_MANAGEMENT [36m304[0m 18.655 ms - -[0m[39m
2026-02-19 00:13:16:1316 [35mhttp[39m: [35m[0mGET /api/setup/teams/by-category/WASTE_MANAGEMENT [36m304[0m 12.243 ms - -[0m[39m
2026-02-19 00:13:16:1316 [35mhttp[39m: [35m[0mGET /api/admin/complaints/department/WASTE_MANAGEMENT [36m304[0m 22.408 ms - -[0m[39m
2026-02-19 00:13:16:1316 [35mhttp[39m: [35m[0mGET /api/setup/ward-offices [36m304[0m 12.240 ms - -[0m[39m
2026-02-19 00:13:16:1316 [35mhttp[39m: [35m[0mGET /api/setup/ward-offices [36m304[0m 5.919 ms - -[0m[39m
2026-02-19 00:14:44:1444 [32minfo[39m: [32mMongoDB Connected: localhost[39m
2026-02-19 00:15:17:1517 [32minfo[39m: [32mMongoDB Connected: localhost[39m
2026-02-19 00:15:17:1517 [32minfo[39m: [32mServer running on port 5000[39m
2026-02-19 00:15:17:1517 [32minfo[39m: [32mEnvironment: development[39m
2026-02-19 00:16:53:1653 [32minfo[39m: [32mMongoDB Connected: localhost[39m
2026-02-19 00:17:43:1743 [32minfo[39m: [32mMongoDB Connected: localhost[39m
2026-02-19 00:17:52:1752 [35mhttp[39m: [35m[0mGET /api/auth/logout [36m304[0m 11.321 ms - -[0m[39m
2026-02-19 00:18:01:181 [35mhttp[39m: [35m[0mPOST /api/auth/admin-login [32m200[0m 363.355 ms - 350[0m[39m
2026-02-19 00:18:01:181 [35mhttp[39m: [35m[0mGET /api/setup/teams/by-category/WASTE_MANAGEMENT [36m304[0m 36.485 ms - -[0m[39m
2026-02-19 00:18:01:181 [35mhttp[39m: [35m[0mGET /api/admin/complaints/department/WASTE_MANAGEMENT [36m304[0m 72.054 ms - -[0m[39m
2026-02-19 00:18:01:181 [35mhttp[39m: [35m[0mGET /api/setup/ward-offices [36m304[0m 26.229 ms - -[0m[39m
2026-02-19 00:18:01:181 [35mhttp[39m: [35m[0mGET /api/admin/complaints/department/WASTE_MANAGEMENT [36m304[0m 36.861 ms - -[0m[39m
2026-02-19 00:18:01:181 [35mhttp[39m: [35m[0mGET /api/setup/teams/by-category/WASTE_MANAGEMENT [36m304[0m 81.163 ms - -[0m[39m
2026-02-19 00:18:01:181 [35mhttp[39m: [35m[0mGET /api/admin/complaints/department/WASTE_MANAGEMENT [36m304[0m 40.794 ms - -[0m[39m
2026-02-19 00:18:01:181 [35mhttp[39m: [35m[0mGET /api/setup/teams/by-category/WASTE_MANAGEMENT [36m304[0m 30.441 ms - -[0m[39m
2026-02-19 00:18:01:181 [35mhttp[39m: [35m[0mGET /api/setup/ward-offices [36m304[0m 18.153 ms - -[0m[39m
2026-02-19 00:18:01:181 [35mhttp[39m: [35m[0mGET /api/setup/ward-offices [36m304[0m 12.348 ms - -[0m[39m
2026-02-19 00:18:24:1824 [31merror[39m: [31m400 - Invalid category - /api/admin/complaints/department/WATER - GET - ::1[39m
2026-02-19 00:18:24:1824 [31merror[39m: [31mError: Invalid category[39m
[31m    at file:///C:/Users/acer/civiccare-smart-city-portal/backend/src/controllers/adminController.js:140:17[39m
[31m    at file:///C:/Users/acer/civiccare-smart-city-portal/backend/src/utils/errorUtils.js:5:19[39m
[31m    at Layer.handle [as handle_request] (C:\Users\acer\civiccare-smart-city-portal\backend\node_modules\express\lib\router\layer.js:95:5)[39m
[31m    at next (C:\Users\acer\civiccare-smart-city-portal\backend\node_modules\express\lib\router\route.js:149:13)[39m
[31m    at Route.dispatch (C:\Users\acer\civiccare-smart-city-portal\backend\node_modules\express\lib\router\route.js:119:3)[39m
[31m    at Layer.handle [as handle_request] (C:\Users\acer\civiccare-smart-city-portal\backend\node_modules\express\lib\router\layer.js:95:5)[39m
[31m    at C:\Users\acer\civiccare-smart-city-portal\backend\node_modules\express\lib\router\index.js:284:15[39m
[31m    at param (C:\Users\acer\civiccare-smart-city-portal\backend\node_modules\express\lib\router\index.js:365:14)[39m
[31m    at param (C:\Users\acer\civiccare-smart-city-portal\backend\node_modules\express\lib\router\index.js:376:14)[39m
[31m    at Function.process_params (C:\Users\acer\civiccare-smart-city-portal\backend\node_modules\express\lib\router\index.js:421:3)[39m
2026-02-19 00:18:24:1824 [35mhttp[39m: [35m[0mGET /api/admin/complaints/department/WATER [33m400[0m 9.784 ms - 46[0m[39m
2026-02-19 00:18:24:1824 [35mhttp[39m: [35m[0mGET /api/setup/teams/by-category/WATER [32m200[0m 12.041 ms - 27[0m[39m
2026-02-19 00:18:24:1824 [35mhttp[39m: [35m[0mGET /api/setup/ward-offices [36m304[0m 7.874 ms - -[0m[39m
2026-02-19 00:18:39:1839 [35mhttp[39m: [35m[0mGET /api/setup/teams/by-category/WASTE_MANAGEMENT [36m304[0m 18.889 ms - -[0m[39m
2026-02-19 00:18:39:1839 [35mhttp[39m: [35m[0mGET /api/admin/complaints/department/WASTE_MANAGEMENT [36m304[0m 32.408 ms - -[0m[39m
2026-02-19 00:18:39:1839 [35mhttp[39m: [35m[0mGET /api/setup/teams/by-category/WASTE_MANAGEMENT [36m304[0m 28.741 ms - -[0m[39m
2026-02-19 00:18:40:1840 [35mhttp[39m: [35m[0mGET /api/setup/ward-offices [36m304[0m 24.621 ms - -[0m[39m
2026-02-19 00:18:40:1840 [35mhttp[39m: [35m[0mGET /api/admin/complaints/department/WASTE_MANAGEMENT [36m304[0m 44.171 ms - -[0m[39m
2026-02-19 00:18:40:1840 [35mhttp[39m: [35m[0mGET /api/setup/teams/by-category/WASTE_MANAGEMENT [36m304[0m 26.069 ms - -[0m[39m
2026-02-19 00:18:40:1840 [35mhttp[39m: [35m[0mGET /api/setup/ward-offices [36m304[0m 26.075 ms - -[0m[39m
2026-02-19 00:18:40:1840 [35mhttp[39m: [35m[0mGET /api/admin/complaints/department/WASTE_MANAGEMENT [36m304[0m 37.136 ms - -[0m[39m
2026-02-19 00:18:40:1840 [35mhttp[39m: [35m[0mGET /api/setup/ward-offices [36m304[0m 10.584 ms - -[0m[39m
2026-02-19 00:18:55:1855 [31merror[39m: [31m403 - Access denied. Admin privileges required. - /api/auth/admin-login - POST - ::1[39m
2026-02-19 00:18:55:1855 [31merror[39m: [31mError: Access denied. Admin privileges required.[39m
[31m    at file:///C:/Users/acer/civiccare-smart-city-portal/backend/src/controllers/authController.js:159:17[39m
[31m    at process.processTicksAndRejections (node:internal/process/task_queues:105:5)[39m
2026-02-19 00:18:55:1855 [35mhttp[39m: [35m[0mPOST /api/auth/admin-login [33m403[0m 8.630 ms - 71[0m[39m
2026-02-19 00:19:09:199 [35mhttp[39m: [35m[0mPOST /api/auth/admin-login [32m200[0m 216.576 ms - 341[0m[39m
2026-02-19 00:19:09:199 [35mhttp[39m: [35m[0mGET /api/setup/teams/by-category/WASTE_MANAGEMENT [36m304[0m 21.069 ms - -[0m[39m
2026-02-19 00:19:09:199 [35mhttp[39m: [35m[0mGET /api/admin/complaints/department/WASTE_MANAGEMENT [36m304[0m 34.222 ms - -[0m[39m
2026-02-19 00:19:09:199 [35mhttp[39m: [35m[0mGET /api/setup/teams/by-category/WASTE_MANAGEMENT [36m304[0m 28.386 ms - -[0m[39m
2026-02-19 00:19:09:199 [35mhttp[39m: [35m[0mGET /api/setup/ward-offices [36m304[0m 26.852 ms - -[0m[39m
2026-02-19 00:19:09:199 [35mhttp[39m: [35m[0mGET /api/admin/complaints/department/WASTE_MANAGEMENT [36m304[0m 50.557 ms - -[0m[39m
2026-02-19 00:19:09:199 [35mhttp[39m: [35m[0mGET /api/setup/teams/by-category/WASTE_MANAGEMENT [36m304[0m 22.546 ms - -[0m[39m
2026-02-19 00:19:09:199 [35mhttp[39m: [35m[0mGET /api/setup/ward-offices [36m304[0m 27.416 ms - -[0m[39m
2026-02-19 00:19:09:199 [35mhttp[39m: [35m[0mGET /api/admin/complaints/department/WASTE_MANAGEMENT [36m304[0m 44.296 ms - -[0m[39m
2026-02-19 00:19:09:199 [35mhttp[39m: [35m[0mGET /api/setup/ward-offices [36m304[0m 17.196 ms - -[0m[39m
2026-02-19 00:19:17:1917 [31merror[39m: [31m400 - Invalid category - /api/admin/complaints/department/ENVIRONMENT - GET - ::1[39m
2026-02-19 00:19:17:1917 [31merror[39m: [31mError: Invalid category[39m
[31m    at file:///C:/Users/acer/civiccare-smart-city-portal/backend/src/controllers/adminController.js:140:17[39m
[31m    at file:///C:/Users/acer/civiccare-smart-city-portal/backend/src/utils/errorUtils.js:5:19[39m
[31m    at Layer.handle [as handle_request] (C:\Users\acer\civiccare-smart-city-portal\backend\node_modules\express\lib\router\layer.js:95:5)[39m
[31m    at next (C:\Users\acer\civiccare-smart-city-portal\backend\node_modules\express\lib\router\route.js:149:13)[39m
[31m    at Route.dispatch (C:\Users\acer\civiccare-smart-city-portal\backend\node_modules\express\lib\router\route.js:119:3)[39m
[31m    at Layer.handle [as handle_request] (C:\Users\acer\civiccare-smart-city-portal\backend\node_modules\express\lib\router\layer.js:95:5)[39m
[31m    at C:\Users\acer\civiccare-smart-city-portal\backend\node_modules\express\lib\router\index.js:284:15[39m
[31m    at param (C:\Users\acer\civiccare-smart-city-portal\backend\node_modules\express\lib\router\index.js:365:14)[39m
[31m    at param (C:\Users\acer\civiccare-smart-city-portal\backend\node_modules\express\lib\router\index.js:376:14)[39m
[31m    at Function.process_params (C:\Users\acer\civiccare-smart-city-portal\backend\node_modules\express\lib\router\index.js:421:3)[39m
2026-02-19 00:19:17:1917 [35mhttp[39m: [35m[0mGET /api/admin/complaints/department/ENVIRONMENT [33m400[0m 10.864 ms - 46[0m[39m
2026-02-19 00:19:17:1917 [35mhttp[39m: [35m[0mGET /api/setup/teams/by-category/ENVIRONMENT [32m200[0m 11.739 ms - 27[0m[39m
2026-02-19 00:19:17:1917 [35mhttp[39m: [35m[0mGET /api/setup/ward-offices [36m304[0m 10.039 ms - -[0m[39m
2026-02-19 00:22:06:226 [35mhttp[39m: [35m[0mGET /api/setup/teams/by-category/WASTE_MANAGEMENT [36m304[0m 19.339 ms - -[0m[39m
2026-02-19 00:22:06:226 [35mhttp[39m: [35m[0mGET /api/admin/complaints/department/WASTE_MANAGEMENT [36m304[0m 20.739 ms - -[0m[39m
2026-02-19 00:22:06:226 [35mhttp[39m: [35m[0mGET /api/setup/ward-offices [36m304[0m 11.415 ms - -[0m[39m
2026-02-19 00:22:09:229 [35mhttp[39m: [35m[0mGET /api/admin/complaints/department/SECURITY [36m304[0m 11.593 ms - -[0m[39m
2026-02-19 00:22:09:229 [35mhttp[39m: [35m[0mGET /api/setup/teams/by-category/SECURITY [36m304[0m 9.501 ms - -[0m[39m
2026-02-19 00:22:09:229 [35mhttp[39m: [35m[0mGET /api/setup/ward-offices [36m304[0m 10.324 ms - -[0m[39m
2026-02-19 00:22:15:2215 [35mhttp[39m: [35m[0mGET /api/setup/teams/by-category/WASTE_MANAGEMENT [36m304[0m 17.932 ms - -[0m[39m
2026-02-19 00:22:15:2215 [35mhttp[39m: [35m[0mGET /api/admin/complaints/department/WASTE_MANAGEMENT [36m304[0m 27.981 ms - -[0m[39m
2026-02-19 00:22:15:2215 [35mhttp[39m: [35m[0mGET /api/setup/ward-offices [36m304[0m 30.003 ms - -[0m[39m
2026-02-19 00:22:21:2221 [31merror[39m: [31m400 - Invalid category - /api/admin/complaints/department/WATER - GET - ::1[39m
2026-02-19 00:22:21:2221 [31merror[39m: [31mError: Invalid category[39m
[31m    at file:///C:/Users/acer/civiccare-smart-city-portal/backend/src/controllers/adminController.js:140:17[39m
[31m    at file:///C:/Users/acer/civiccare-smart-city-portal/backend/src/utils/errorUtils.js:5:19[39m
[31m    at Layer.handle [as handle_request] (C:\Users\acer\civiccare-smart-city-portal\backend\node_modules\express\lib\router\layer.js:95:5)[39m
[31m    at next (C:\Users\acer\civiccare-smart-city-portal\backend\node_modules\express\lib\router\route.js:149:13)[39m
[31m    at Route.dispatch (C:\Users\acer\civiccare-smart-city-portal\backend\node_modules\express\lib\router\route.js:119:3)[39m
[31m    at Layer.handle [as handle_request] (C:\Users\acer\civiccare-smart-city-portal\backend\node_modules\express\lib\router\layer.js:95:5)[39m
[31m    at C:\Users\acer\civiccare-smart-city-portal\backend\node_modules\express\lib\router\index.js:284:15[39m
[31m    at param (C:\Users\acer\civiccare-smart-city-portal\backend\node_modules\express\lib\router\index.js:365:14)[39m
[31m    at param (C:\Users\acer\civiccare-smart-city-portal\backend\node_modules\express\lib\router\index.js:376:14)[39m
[31m    at Function.process_params (C:\Users\acer\civiccare-smart-city-portal\backend\node_modules\express\lib\router\index.js:421:3)[39m
2026-02-19 00:22:21:2221 [35mhttp[39m: [35m[0mGET /api/admin/complaints/department/WATER [33m400[0m 14.659 ms - 46[0m[39m
2026-02-19 00:22:21:2221 [35mhttp[39m: [35m[0mGET /api/setup/teams/by-category/WATER [36m304[0m 11.853 ms - -[0m[39m
2026-02-19 00:22:21:2221 [35mhttp[39m: [35m[0mGET /api/setup/ward-offices [36m304[0m 7.920 ms - -[0m[39m
2026-02-19 00:22:38:2238 [35mhttp[39m: [35m[0mGET /api/setup/teams/by-category/WASTE_MANAGEMENT [36m304[0m 11.294 ms - -[0m[39m
2026-02-19 00:22:38:2238 [35mhttp[39m: [35m[0mGET /api/admin/complaints/department/WASTE_MANAGEMENT [36m304[0m 39.267 ms - -[0m[39m
2026-02-19 00:22:38:2238 [35mhttp[39m: [35m[0mGET /api/setup/ward-offices [36m304[0m 18.277 ms - -[0m[39m
2026-02-19 00:22:41:2241 [35mhttp[39m: [35m[0mGET /api/setup/teams/by-category/POTHOLES [36m304[0m 9.657 ms - -[0m[39m
2026-02-19 00:22:41:2241 [35mhttp[39m: [35m[0mGET /api/admin/complaints/department/POTHOLES [36m304[0m 17.390 ms - -[0m[39m
2026-02-19 00:22:41:2241 [35mhttp[39m: [35m[0mGET /api/setup/ward-offices [36m304[0m 10.474 ms - -[0m[39m
2026-02-19 00:22:46:2246 [35mhttp[39m: [35m[0mGET /api/setup/teams/by-category/WASTE_MANAGEMENT [36m304[0m 20.730 ms - -[0m[39m
2026-02-19 00:22:46:2246 [35mhttp[39m: [35m[0mGET /api/admin/complaints/department/WASTE_MANAGEMENT [36m304[0m 34.297 ms - -[0m[39m
2026-02-19 00:22:46:2246 [35mhttp[39m: [35m[0mGET /api/setup/ward-offices [36m304[0m 9.408 ms - -[0m[39m
2026-02-19 00:22:54:2254 [31merror[39m: [31m400 - Invalid category - /api/admin/complaints/department/ENVIRONMENT - GET - ::1[39m
2026-02-19 00:22:54:2254 [31merror[39m: [31mError: Invalid category[39m
[31m    at file:///C:/Users/acer/civiccare-smart-city-portal/backend/src/controllers/adminController.js:140:17[39m
[31m    at file:///C:/Users/acer/civiccare-smart-city-portal/backend/src/utils/errorUtils.js:5:19[39m
[31m    at Layer.handle [as handle_request] (C:\Users\acer\civiccare-smart-city-portal\backend\node_modules\express\lib\router\layer.js:95:5)[39m
[31m    at next (C:\Users\acer\civiccare-smart-city-portal\backend\node_modules\express\lib\router\route.js:149:13)[39m
[31m    at Route.dispatch (C:\Users\acer\civiccare-smart-city-portal\backend\node_modules\express\lib\router\route.js:119:3)[39m
[31m    at Layer.handle [as handle_request] (C:\Users\acer\civiccare-smart-city-portal\backend\node_modules\express\lib\router\layer.js:95:5)[39m
[31m    at C:\Users\acer\civiccare-smart-city-portal\backend\node_modules\express\lib\router\index.js:284:15[39m
[31m    at param (C:\Users\acer\civiccare-smart-city-portal\backend\node_modules\express\lib\router\index.js:365:14)[39m
[31m    at param (C:\Users\acer\civiccare-smart-city-portal\backend\node_modules\express\lib\router\index.js:376:14)[39m
[31m    at Function.process_params (C:\Users\acer\civiccare-smart-city-portal\backend\node_modules\express\lib\router\index.js:421:3)[39m
2026-02-19 00:22:54:2254 [35mhttp[39m: [35m[0mGET /api/admin/complaints/department/ENVIRONMENT [33m400[0m 8.149 ms - 46[0m[39m
2026-02-19 00:22:54:2254 [35mhttp[39m: [35m[0mGET /api/setup/teams/by-category/ENVIRONMENT [36m304[0m 9.072 ms - -[0m[39m
2026-02-19 00:22:54:2254 [35mhttp[39m: [35m[0mGET /api/setup/ward-offices [36m304[0m 9.838 ms - -[0m[39m
2026-02-19 00:24:09:249 [32minfo[39m: [32mMongoDB Connected: localhost[39m
2026-02-19 00:24:11:2411 [32minfo[39m: [32mMongoDB Connected: localhost[39m
2026-02-19 00:24:25:2425 [31merror[39m: [31m400 - Invalid category - /api/admin/complaints/department/ENVIRONMENT - GET - ::1[39m
2026-02-19 00:24:25:2425 [31merror[39m: [31mError: Invalid category[39m
[31m    at file:///C:/Users/acer/civiccare-smart-city-portal/backend/src/controllers/adminController.js:140:17[39m
[31m    at file:///C:/Users/acer/civiccare-smart-city-portal/backend/src/utils/errorUtils.js:5:19[39m
[31m    at Layer.handle [as handle_request] (C:\Users\acer\civiccare-smart-city-portal\backend\node_modules\express\lib\router\layer.js:95:5)[39m
[31m    at next (C:\Users\acer\civiccare-smart-city-portal\backend\node_modules\express\lib\router\route.js:149:13)[39m
[31m    at Route.dispatch (C:\Users\acer\civiccare-smart-city-portal\backend\node_modules\express\lib\router\route.js:119:3)[39m
[31m    at Layer.handle [as handle_request] (C:\Users\acer\civiccare-smart-city-portal\backend\node_modules\express\lib\router\layer.js:95:5)[39m
[31m    at C:\Users\acer\civiccare-smart-city-portal\backend\node_modules\express\lib\router\index.js:284:15[39m
[31m    at param (C:\Users\acer\civiccare-smart-city-portal\backend\node_modules\express\lib\router\index.js:365:14)[39m
[31m    at param (C:\Users\acer\civiccare-smart-city-portal\backend\node_modules\express\lib\router\index.js:376:14)[39m
[31m    at Function.process_params (C:\Users\acer\civiccare-smart-city-portal\backend\node_modules\express\lib\router\index.js:421:3)[39m
2026-02-19 00:24:25:2425 [35mhttp[39m: [35m[0mGET /api/admin/complaints/department/ENVIRONMENT [33m400[0m 6.193 ms - 46[0m[39m
2026-02-19 00:24:25:2425 [35mhttp[39m: [35m[0mGET /api/setup/teams/by-category/ENVIRONMENT [36m304[0m 9.410 ms - -[0m[39m
2026-02-19 00:24:25:2425 [31merror[39m: [31m400 - Invalid category - /api/admin/complaints/department/ENVIRONMENT - GET - ::1[39m
2026-02-19 00:24:25:2425 [31merror[39m: [31mError: Invalid category[39m
[31m    at file:///C:/Users/acer/civiccare-smart-city-portal/backend/src/controllers/adminController.js:140:17[39m
[31m    at file:///C:/Users/acer/civiccare-smart-city-portal/backend/src/utils/errorUtils.js:5:19[39m
[31m    at Layer.handle [as handle_request] (C:\Users\acer\civiccare-smart-city-portal\backend\node_modules\express\lib\router\layer.js:95:5)[39m
[31m    at next (C:\Users\acer\civiccare-smart-city-portal\backend\node_modules\express\lib\router\route.js:149:13)[39m
[31m    at Route.dispatch (C:\Users\acer\civiccare-smart-city-portal\backend\node_modules\express\lib\router\route.js:119:3)[39m
[31m    at Layer.handle [as handle_request] (C:\Users\acer\civiccare-smart-city-portal\backend\node_modules\express\lib\router\layer.js:95:5)[39m
[31m    at C:\Users\acer\civiccare-smart-city-portal\backend\node_modules\express\lib\router\index.js:284:15[39m
[31m    at param (C:\Users\acer\civiccare-smart-city-portal\backend\node_modules\express\lib\router\index.js:365:14)[39m
[31m    at param (C:\Users\acer\civiccare-smart-city-portal\backend\node_modules\express\lib\router\index.js:376:14)[39m
[31m    at Function.process_params (C:\Users\acer\civiccare-smart-city-portal\backend\node_modules\express\lib\router\index.js:421:3)[39m
2026-02-19 00:24:25:2425 [35mhttp[39m: [35m[0mGET /api/admin/complaints/department/ENVIRONMENT [33m400[0m 7.205 ms - 46[0m[39m
2026-02-19 00:24:25:2425 [35mhttp[39m: [35m[0mGET /api/setup/teams/by-category/ENVIRONMENT [36m304[0m 3.593 ms - -[0m[39m
2026-02-19 00:24:25:2425 [35mhttp[39m: [35m[0mGET /api/setup/ward-offices [36m304[0m 5.507 ms - -[0m[39m
2026-02-19 00:24:25:2425 [35mhttp[39m: [35m[0mGET /api/setup/ward-offices [36m304[0m 3.047 ms - -[0m[39m
2026-02-19 00:24:40:2440 [31merror[39m: [31m400 - Invalid category - /api/admin/complaints/department/ENVIRONMENT - GET - ::1[39m
2026-02-19 00:24:40:2440 [31merror[39m: [31mError: Invalid category[39m
[31m    at file:///C:/Users/acer/civiccare-smart-city-portal/backend/src/controllers/adminController.js:140:17[39m
[31m    at file:///C:/Users/acer/civiccare-smart-city-portal/backend/src/utils/errorUtils.js:5:19[39m
[31m    at Layer.handle [as handle_request] (C:\Users\acer\civiccare-smart-city-portal\backend\node_modules\express\lib\router\layer.js:95:5)[39m
[31m    at next (C:\Users\acer\civiccare-smart-city-portal\backend\node_modules\express\lib\router\route.js:149:13)[39m
[31m    at Route.dispatch (C:\Users\acer\civiccare-smart-city-portal\backend\node_modules\express\lib\router\route.js:119:3)[39m
[31m    at Layer.handle [as handle_request] (C:\Users\acer\civiccare-smart-city-portal\backend\node_modules\express\lib\router\layer.js:95:5)[39m
[31m    at C:\Users\acer\civiccare-smart-city-portal\backend\node_modules\express\lib\router\index.js:284:15[39m
[31m    at param (C:\Users\acer\civiccare-smart-city-portal\backend\node_modules\express\lib\router\index.js:365:14)[39m
[31m    at param (C:\Users\acer\civiccare-smart-city-portal\backend\node_modules\express\lib\router\index.js:376:14)[39m
[31m    at Function.process_params (C:\Users\acer\civiccare-smart-city-portal\backend\node_modules\express\lib\router\index.js:421:3)[39m
2026-02-19 00:24:40:2440 [35mhttp[39m: [35m[0mGET /api/admin/complaints/department/ENVIRONMENT [33m400[0m 4.500 ms - 46[0m[39m
2026-02-19 00:24:40:2440 [35mhttp[39m: [35m[0mGET /api/setup/teams/by-category/ENVIRONMENT [36m304[0m 5.253 ms - -[0m[39m
2026-02-19 00:24:40:2440 [31merror[39m: [31m400 - Invalid category - /api/admin/complaints/department/ENVIRONMENT - GET - ::1[39m
2026-02-19 00:24:40:2440 [31merror[39m: [31mError: Invalid category[39m
[31m    at file:///C:/Users/acer/civiccare-smart-city-portal/backend/src/controllers/adminController.js:140:17[39m
[31m    at file:///C:/Users/acer/civiccare-smart-city-portal/backend/src/utils/errorUtils.js:5:19[39m
[31m    at Layer.handle [as handle_request] (C:\Users\acer\civiccare-smart-city-portal\backend\node_modules\express\lib\router\layer.js:95:5)[39m
[31m    at next (C:\Users\acer\civiccare-smart-city-portal\backend\node_modules\express\lib\router\route.js:149:13)[39m
[31m    at Route.dispatch (C:\Users\acer\civiccare-smart-city-portal\backend\node_modules\express\lib\router\route.js:119:3)[39m
[31m    at Layer.handle [as handle_request] (C:\Users\acer\civiccare-smart-city-portal\backend\node_modules\express\lib\router\layer.js:95:5)[39m
[31m    at C:\Users\acer\civiccare-smart-city-portal\backend\node_modules\express\lib\router\index.js:284:15[39m
[31m    at param (C:\Users\acer\civiccare-smart-city-portal\backend\node_modules\express\lib\router\index.js:365:14)[39m
[31m    at param (C:\Users\acer\civiccare-smart-city-portal\backend\node_modules\express\lib\router\index.js:376:14)[39m
[31m    at Function.process_params (C:\Users\acer\civiccare-smart-city-portal\backend\node_modules\express\lib\router\index.js:421:3)[39m
2026-02-19 00:24:40:2440 [35mhttp[39m: [35m[0mGET /api/admin/complaints/department/ENVIRONMENT [33m400[0m 6.059 ms - 46[0m[39m
2026-02-19 00:24:40:2440 [35mhttp[39m: [35m[0mGET /api/setup/teams/by-category/ENVIRONMENT [36m304[0m 5.729 ms - -[0m[39m
2026-02-19 00:24:40:2440 [35mhttp[39m: [35m[0mGET /api/setup/ward-offices [36m304[0m 4.838 ms - -[0m[39m
2026-02-19 00:24:40:2440 [35mhttp[39m: [35m[0mGET /api/setup/ward-offices [36m304[0m 4.818 ms - -[0m[39m
2026-02-19 00:24:57:2457 [31merror[39m: [31m400 - Invalid category - /api/admin/complaints/department/ENVIRONMENT - GET - ::1[39m
2026-02-19 00:24:57:2457 [31merror[39m: [31mError: Invalid category[39m
[31m    at file:///C:/Users/acer/civiccare-smart-city-portal/backend/src/controllers/adminController.js:140:17[39m
[31m    at file:///C:/Users/acer/civiccare-smart-city-portal/backend/src/utils/errorUtils.js:5:19[39m
[31m    at Layer.handle [as handle_request] (C:\Users\acer\civiccare-smart-city-portal\backend\node_modules\express\lib\router\layer.js:95:5)[39m
[31m    at next (C:\Users\acer\civiccare-smart-city-portal\backend\node_modules\express\lib\router\route.js:149:13)[39m
[31m    at Route.dispatch (C:\Users\acer\civiccare-smart-city-portal\backend\node_modules\express\lib\router\route.js:119:3)[39m
[31m    at Layer.handle [as handle_request] (C:\Users\acer\civiccare-smart-city-portal\backend\node_modules\express\lib\router\layer.js:95:5)[39m
[31m    at C:\Users\acer\civiccare-smart-city-portal\backend\node_modules\express\lib\router\index.js:284:15[39m
[31m    at param (C:\Users\acer\civiccare-smart-city-portal\backend\node_modules\express\lib\router\index.js:365:14)[39m
[31m    at param (C:\Users\acer\civiccare-smart-city-portal\backend\node_modules\express\lib\router\index.js:376:14)[39m
[31m    at Function.process_params (C:\Users\acer\civiccare-smart-city-portal\backend\node_modules\express\lib\router\index.js:421:3)[39m
2026-02-19 00:24:57:2457 [35mhttp[39m: [35m[0mGET /api/admin/complaints/department/ENVIRONMENT [33m400[0m 7.030 ms - 46[0m[39m
2026-02-19 00:24:57:2457 [35mhttp[39m: [35m[0mGET /api/setup/teams/by-category/ENVIRONMENT [36m304[0m 8.905 ms - -[0m[39m
2026-02-19 00:24:57:2457 [31merror[39m: [31m400 - Invalid category - /api/admin/complaints/department/ENVIRONMENT - GET - ::1[39m
2026-02-19 00:24:57:2457 [31merror[39m: [31mError: Invalid category[39m
[31m    at file:///C:/Users/acer/civiccare-smart-city-portal/backend/src/controllers/adminController.js:140:17[39m
[31m    at file:///C:/Users/acer/civiccare-smart-city-portal/backend/src/utils/errorUtils.js:5:19[39m
[31m    at Layer.handle [as handle_request] (C:\Users\acer\civiccare-smart-city-portal\backend\node_modules\express\lib\router\layer.js:95:5)[39m
[31m    at next (C:\Users\acer\civiccare-smart-city-portal\backend\node_modules\express\lib\router\route.js:149:13)[39m
[31m    at Route.dispatch (C:\Users\acer\civiccare-smart-city-portal\backend\node_modules\express\lib\router\route.js:119:3)[39m
[31m    at Layer.handle [as handle_request] (C:\Users\acer\civiccare-smart-city-portal\backend\node_modules\express\lib\router\layer.js:95:5)[39m
[31m    at C:\Users\acer\civiccare-smart-city-portal\backend\node_modules\express\lib\router\index.js:284:15[39m
[31m    at param (C:\Users\acer\civiccare-smart-city-portal\backend\node_modules\express\lib\router\index.js:365:14)[39m
[31m    at param (C:\Users\acer\civiccare-smart-city-portal\backend\node_modules\express\lib\router\index.js:376:14)[39m
[31m    at Function.process_params (C:\Users\acer\civiccare-smart-city-portal\backend\node_modules\express\lib\router\index.js:421:3)[39m
2026-02-19 00:24:57:2457 [35mhttp[39m: [35m[0mGET /api/admin/complaints/department/ENVIRONMENT [33m400[0m 3.579 ms - 46[0m[39m
2026-02-19 00:24:57:2457 [35mhttp[39m: [35m[0mGET /api/setup/teams/by-category/ENVIRONMENT [36m304[0m 2.835 ms - -[0m[39m
2026-02-19 00:24:57:2457 [35mhttp[39m: [35m[0mGET /api/setup/ward-offices [36m304[0m 3.790 ms - -[0m[39m
2026-02-19 00:24:57:2457 [35mhttp[39m: [35m[0mGET /api/setup/ward-offices [36m304[0m 3.400 ms - -[0m[39m
2026-02-19 00:25:02:252 [35mhttp[39m: [35m[0mGET /api/setup/teams/by-category/WASTE_MANAGEMENT [36m304[0m 4.882 ms - -[0m[39m
2026-02-19 00:25:02:252 [35mhttp[39m: [35m[0mGET /api/admin/complaints/department/WASTE_MANAGEMENT [36m304[0m 10.059 ms - -[0m[39m
2026-02-19 00:25:02:252 [35mhttp[39m: [35m[0mGET /api/setup/teams/by-category/WASTE_MANAGEMENT [36m304[0m 14.826 ms - -[0m[39m
2026-02-19 00:25:02:252 [35mhttp[39m: [35m[0mGET /api/setup/ward-offices [36m304[0m 12.283 ms - -[0m[39m
2026-02-19 00:25:02:252 [35mhttp[39m: [35m[0mGET /api/admin/complaints/department/WASTE_MANAGEMENT [36m304[0m 20.977 ms - -[0m[39m
2026-02-19 00:25:02:252 [35mhttp[39m: [35m[0mGET /api/setup/teams/by-category/WASTE_MANAGEMENT [36m304[0m 10.323 ms - -[0m[39m
2026-02-19 00:25:02:252 [35mhttp[39m: [35m[0mGET /api/admin/complaints/department/WASTE_MANAGEMENT [36m304[0m 15.042 ms - -[0m[39m
2026-02-19 00:25:02:252 [35mhttp[39m: [35m[0mGET /api/setup/ward-offices [36m304[0m 5.002 ms - -[0m[39m
2026-02-19 00:25:02:252 [35mhttp[39m: [35m[0mGET /api/setup/ward-offices [36m304[0m 4.850 ms - -[0m[39m
2026-02-19 00:25:04:254 [35mhttp[39m: [35m[0mGET /api/setup/teams/by-category/WASTE_MANAGEMENT [36m304[0m 4.479 ms - -[0m[39m
2026-02-19 00:25:04:254 [35mhttp[39m: [35m[0mGET /api/admin/complaints/department/WASTE_MANAGEMENT [36m304[0m 8.211 ms - -[0m[39m
2026-02-19 00:25:04:254 [35mhttp[39m: [35m[0mGET /api/setup/ward-offices [36m304[0m 5.287 ms - -[0m[39m
2026-02-19 00:25:07:257 [35mhttp[39m: [35m[0mGET /api/setup/teams/by-category/WASTE_MANAGEMENT [36m304[0m 9.741 ms - -[0m[39m
2026-02-19 00:25:07:257 [35mhttp[39m: [35m[0mGET /api/admin/complaints/department/WASTE_MANAGEMENT [36m304[0m 16.495 ms - -[0m[39m
2026-02-19 00:25:07:257 [31merror[39m: [31m400 - Invalid category - /api/admin/complaints/department/WATER - GET - ::1[39m
2026-02-19 00:25:07:257 [31merror[39m: [31mError: Invalid category[39m
[31m    at file:///C:/Users/acer/civiccare-smart-city-portal/backend/src/controllers/adminController.js:140:17[39m
[31m    at file:///C:/Users/acer/civiccare-smart-city-portal/backend/src/utils/errorUtils.js:5:19[39m
[31m    at Layer.handle [as handle_request] (C:\Users\acer\civiccare-smart-city-portal\backend\node_modules\express\lib\router\layer.js:95:5)[39m
[31m    at next (C:\Users\acer\civiccare-smart-city-portal\backend\node_modules\express\lib\router\route.js:149:13)[39m
[31m    at Route.dispatch (C:\Users\acer\civiccare-smart-city-portal\backend\node_modules\express\lib\router\route.js:119:3)[39m
[31m    at Layer.handle [as handle_request] (C:\Users\acer\civiccare-smart-city-portal\backend\node_modules\express\lib\router\layer.js:95:5)[39m
[31m    at C:\Users\acer\civiccare-smart-city-portal\backend\node_modules\express\lib\router\index.js:284:15[39m
[31m    at param (C:\Users\acer\civiccare-smart-city-portal\backend\node_modules\express\lib\router\index.js:365:14)[39m
[31m    at param (C:\Users\acer\civiccare-smart-city-portal\backend\node_modules\express\lib\router\index.js:376:14)[39m
[31m    at Function.process_params (C:\Users\acer\civiccare-smart-city-portal\backend\node_modules\express\lib\router\index.js:421:3)[39m
2026-02-19 00:25:07:257 [35mhttp[39m: [35m[0mGET /api/admin/complaints/department/WATER [33m400[0m 8.493 ms - 46[0m[39m
2026-02-19 00:25:07:257 [31merror[39m: [31m400 - Invalid category - /api/admin/complaints/department/SANITATION - GET - ::1[39m
2026-02-19 00:25:07:257 [31merror[39m: [31mError: Invalid category[39m
[31m    at file:///C:/Users/acer/civiccare-smart-city-portal/backend/src/controllers/adminController.js:140:17[39m
[31m    at file:///C:/Users/acer/civiccare-smart-city-portal/backend/src/utils/errorUtils.js:5:19[39m
[31m    at Layer.handle [as handle_request] (C:\Users\acer\civiccare-smart-city-portal\backend\node_modules\express\lib\router\layer.js:95:5)[39m
[31m    at next (C:\Users\acer\civiccare-smart-city-portal\backend\node_modules\express\lib\router\route.js:149:13)[39m
[31m    at Route.dispatch (C:\Users\acer\civiccare-smart-city-portal\backend\node_modules\express\lib\router\route.js:119:3)[39m
[31m    at Layer.handle [as handle_request] (C:\Users\acer\civiccare-smart-city-portal\backend\node_modules\express\lib\router\layer.js:95:5)[39m
[31m    at C:\Users\acer\civiccare-smart-city-portal\backend\node_modules\express\lib\router\index.js:284:15[39m
[31m    at param (C:\Users\acer\civiccare-smart-city-portal\backend\node_modules\express\lib\router\index.js:365:14)[39m
[31m    at param (C:\Users\acer\civiccare-smart-city-portal\backend\node_modules\express\lib\router\index.js:376:14)[39m
[31m    at Function.process_params (C:\Users\acer\civiccare-smart-city-portal\backend\node_modules\express\lib\router\index.js:421:3)[39m
2026-02-19 00:25:07:257 [35mhttp[39m: [35m[0mGET /api/admin/complaints/department/SANITATION [33m400[0m 11.584 ms - 46[0m[39m
2026-02-19 00:25:07:257 [31merror[39m: [31m400 - Invalid category - /api/admin/complaints/department/ENVIRONMENT - GET - ::1[39m
2026-02-19 00:25:07:257 [31merror[39m: [31mError: Invalid category[39m
[31m    at file:///C:/Users/acer/civiccare-smart-city-portal/backend/src/controllers/adminController.js:140:17[39m
[31m    at file:///C:/Users/acer/civiccare-smart-city-portal/backend/src/utils/errorUtils.js:5:19[39m
[31m    at Layer.handle [as handle_request] (C:\Users\acer\civiccare-smart-city-portal\backend\node_modules\express\lib\router\layer.js:95:5)[39m
[31m    at next (C:\Users\acer\civiccare-smart-city-portal\backend\node_modules\express\lib\router\route.js:149:13)[39m
[31m    at Route.dispatch (C:\Users\acer\civiccare-smart-city-portal\backend\node_modules\express\lib\router\route.js:119:3)[39m
[31m    at Layer.handle [as handle_request] (C:\Users\acer\civiccare-smart-city-portal\backend\node_modules\express\lib\router\layer.js:95:5)[39m
[31m    at C:\Users\acer\civiccare-smart-city-portal\backend\node_modules\express\lib\router\index.js:284:15[39m
[31m    at param (C:\Users\acer\civiccare-smart-city-portal\backend\node_modules\express\lib\router\index.js:365:14)[39m
[31m    at param (C:\Users\acer\civiccare-smart-city-portal\backend\node_modules\express\lib\router\index.js:376:14)[39m
[31m    at Function.process_params (C:\Users\acer\civiccare-smart-city-portal\backend\node_modules\express\lib\router\index.js:421:3)[39m
2026-02-19 00:25:07:257 [35mhttp[39m: [35m[0mGET /api/admin/complaints/department/ENVIRONMENT [33m400[0m 9.325 ms - 46[0m[39m
2026-02-19 00:25:07:257 [35mhttp[39m: [35m[0mGET /api/admin/complaints/department/SECURITY [36m304[0m 17.903 ms - -[0m[39m
2026-02-19 00:25:07:257 [35mhttp[39m: [35m[0mGET /api/admin/complaints/department/ELECTRICITY [32m200[0m 22.336 ms - 780[0m[39m
2026-02-19 00:25:07:257 [35mhttp[39m: [35m[0mGET /api/admin/complaints/department/PUBLIC_PROPERTY [36m304[0m 16.295 ms - -[0m[39m
2026-02-19 00:25:07:257 [35mhttp[39m: [35m[0mGET /api/admin/complaints/department/POTHOLES [36m304[0m 48.515 ms - -[0m[39m
2026-02-19 00:25:28:2528 [32minfo[39m: [32mMongoDB Connected: localhost[39m
2026-02-19 00:29:25:2925 [32minfo[39m: [32mMongoDB Connected: localhost[39m
2026-02-19 00:31:34:3134 [32minfo[39m: [32mMongoDB Connected: localhost[39m
2026-02-19 00:31:34:3134 [32minfo[39m: [32mServer running on port 5000[39m
2026-02-19 00:31:34:3134 [32minfo[39m: [32mEnvironment: development[39m
2026-02-19 00:32:42:3242 [32minfo[39m: [32mMongoDB Connected: localhost[39m
2026-02-19 00:33:25:3325 [35mhttp[39m: [35m[0mPOST /api/auth/admin-login [32m200[0m 401.255 ms - 350[0m[39m
2026-02-19 00:33:25:3325 [35mhttp[39m: [35m[0mGET /api/setup/teams/by-category/WASTE_MANAGEMENT [32m200[0m 73.597 ms - 726[0m[39m
2026-02-19 00:33:25:3325 [35mhttp[39m: [35m[0mGET /api/admin/complaints/department/WASTE_MANAGEMENT [32m200[0m 98.141 ms - 1322[0m[39m
2026-02-19 00:33:25:3325 [35mhttp[39m: [35m[0mGET /api/setup/teams/by-category/WASTE_MANAGEMENT [36m304[0m 38.781 ms - -[0m[39m
2026-02-19 00:33:25:3325 [35mhttp[39m: [35m[0mGET /api/setup/ward-offices [32m200[0m 37.448 ms - 1347[0m[39m
2026-02-19 00:33:25:3325 [35mhttp[39m: [35m[0mGET /api/admin/complaints/department/WASTE_MANAGEMENT [36m304[0m 62.461 ms - -[0m[39m
2026-02-19 00:33:25:3325 [35mhttp[39m: [35m[0mGET /api/setup/teams/by-category/WASTE_MANAGEMENT [36m304[0m 25.960 ms - -[0m[39m
2026-02-19 00:33:25:3325 [35mhttp[39m: [35m[0mGET /api/admin/complaints/department/WASTE_MANAGEMENT [36m304[0m 27.683 ms - -[0m[39m
2026-02-19 00:33:25:3325 [35mhttp[39m: [35m[0mGET /api/admin/complaints/department/WASTE_MANAGEMENT [36m304[0m 36.421 ms - -[0m[39m
2026-02-19 00:33:25:3325 [35mhttp[39m: [35m[0mGET /api/setup/ward-offices [36m304[0m 33.818 ms - -[0m[39m
2026-02-19 00:33:26:3326 [35mhttp[39m: [35m[0mGET /api/setup/ward-offices [36m304[0m 21.387 ms - -[0m[39m
2026-02-19 00:33:26:3326 [35mhttp[39m: [35m[0mGET /api/admin/complaints/department/WASTE_MANAGEMENT [36m304[0m 36.962 ms - -[0m[39m
2026-02-19 00:33:26:3326 [35mhttp[39m: [35m[0mGET /api/admin/complaints/department/POTHOLES [32m200[0m 15.703 ms - 779[0m[39m
2026-02-19 00:33:26:3326 [35mhttp[39m: [35m[0mGET /api/admin/complaints/department/POTHOLES [36m304[0m 11.783 ms - -[0m[39m
2026-02-19 00:33:26:3326 [35mhttp[39m: [35m[0mGET /api/admin/complaints/department/ELECTRICITY [32m200[0m 14.068 ms - 780[0m[39m
2026-02-19 00:33:26:3326 [35mhttp[39m: [35m[0mGET /api/admin/complaints/department/ELECTRICITY [36m304[0m 17.565 ms - -[0m[39m
2026-02-19 00:33:26:3326 [35mhttp[39m: [35m[0mGET /api/admin/complaints/department/WATER [32m200[0m 9.560 ms - 154[0m[39m
2026-02-19 00:33:26:3326 [35mhttp[39m: [35m[0mGET /api/admin/complaints/department/WATER [36m304[0m 10.405 ms - -[0m[39m
2026-02-19 00:33:26:3326 [35mhttp[39m: [35m[0mGET /api/admin/complaints/department/SANITATION [32m200[0m 9.808 ms - 159[0m[39m
2026-02-19 00:33:26:3326 [35mhttp[39m: [35m[0mGET /api/admin/complaints/department/SANITATION [36m304[0m 10.654 ms - -[0m[39m
2026-02-19 00:33:26:3326 [35mhttp[39m: [35m[0mGET /api/admin/complaints/department/PUBLIC_PROPERTY [32m200[0m 10.602 ms - 164[0m[39m
2026-02-19 00:33:26:3326 [35mhttp[39m: [35m[0mGET /api/admin/complaints/department/PUBLIC_PROPERTY [36m304[0m 11.194 ms - -[0m[39m
2026-02-19 00:33:26:3326 [35mhttp[39m: [35m[0mGET /api/admin/complaints/department/E_WASTE [32m200[0m 10.193 ms - 156[0m[39m
2026-02-19 00:33:26:3326 [35mhttp[39m: [35m[0mGET /api/admin/complaints/department/E_WASTE [36m304[0m 8.154 ms - -[0m[39m
2026-02-19 00:33:26:3326 [35mhttp[39m: [35m[0mGET /api/admin/complaints/department/SECURITY [32m200[0m 13.680 ms - 157[0m[39m
2026-02-19 00:33:27:3327 [35mhttp[39m: [35m[0mGET /api/admin/complaints/department/SECURITY [36m304[0m 11.359 ms - -[0m[39m
2026-02-19 00:33:27:3327 [35mhttp[39m: [35m[0mGET /api/admin/complaints/department/HEALTH [32m200[0m 10.239 ms - 155[0m[39m
2026-02-19 00:33:27:3327 [35mhttp[39m: [35m[0mGET /api/admin/complaints/department/HEALTH [36m304[0m 9.913 ms - -[0m[39m
2026-02-19 00:33:27:3327 [35mhttp[39m: [35m[0mGET /api/admin/complaints/department/ENVIRONMENT [32m200[0m 13.242 ms - 160[0m[39m
2026-02-19 00:33:27:3327 [35mhttp[39m: [35m[0mGET /api/admin/complaints/department/ENVIRONMENT [36m304[0m 13.183 ms - -[0m[39m
2026-02-19 00:33:27:3327 [35mhttp[39m: [35m[0mGET /api/admin/complaints/department/TRANSPORT [32m200[0m 10.272 ms - 158[0m[39m
2026-02-19 00:33:27:3327 [35mhttp[39m: [35m[0mGET /api/admin/complaints/department/TRANSPORT [36m304[0m 11.723 ms - -[0m[39m
2026-02-19 00:33:27:3327 [35mhttp[39m: [35m[0mGET /api/admin/complaints/department/EDUCATION [32m200[0m 11.594 ms - 158[0m[39m
2026-02-19 00:33:27:3327 [35mhttp[39m: [35m[0mGET /api/admin/complaints/department/EDUCATION [36m304[0m 10.287 ms - -[0m[39m
2026-02-19 00:34:31:3431 [35mhttp[39m: [35m[0mGET /api/admin/complaints/department/ELECTRICITY [36m304[0m 15.459 ms - -[0m[39m
2026-02-19 00:35:19:3519 [35mhttp[39m: [35m[0mGET /api/setup/teams/by-category/WASTE_MANAGEMENT [36m304[0m 15.425 ms - -[0m[39m
2026-02-19 00:35:19:3519 [35mhttp[39m: [35m[0mGET /api/admin/complaints/department/WASTE_MANAGEMENT [36m304[0m 23.634 ms - -[0m[39m
2026-02-19 00:35:19:3519 [35mhttp[39m: [35m[0mGET /api/setup/ward-offices [36m304[0m 19.206 ms - -[0m[39m
2026-02-19 00:35:37:3537 [35mhttp[39m: [35m[0mGET /api/admin/complaints/department/WASTE_MANAGEMENT [36m304[0m 22.855 ms - -[0m[39m
2026-02-19 00:38:46:3846 [35mhttp[39m: [35m[0mGET /api/auth/logout [36m304[0m 1.102 ms - -[0m[39m
2026-02-19 00:38:54:3854 [32minfo[39m: [32mMongoDB Connected: localhost[39m
2026-02-19 00:38:54:3854 [32minfo[39m: [32mServer running on port 5000[39m
2026-02-19 00:38:54:3854 [32minfo[39m: [32mEnvironment: development[39m
2026-02-19 00:43:01:431 [32minfo[39m: [32mMongoDB Connected: localhost[39m
2026-02-19 00:43:01:431 [32minfo[39m: [32mServer running on port 5000[39m
2026-02-19 00:43:01:431 [32minfo[39m: [32mEnvironment: development[39m
2026-02-19 00:43:16:4316 [35mhttp[39m: [35m[0mPOST /api/auth/admin-login [32m200[0m 366.565 ms - 350[0m[39m
2026-02-19 00:43:16:4316 [35mhttp[39m: [35m[0mGET /api/setup/teams/by-category/WASTE_MANAGEMENT [36m304[0m 68.528 ms - -[0m[39m
2026-02-19 00:43:16:4316 [35mhttp[39m: [35m[0mGET /api/setup/teams/by-category/WASTE_MANAGEMENT [36m304[0m 33.770 ms - -[0m[39m
2026-02-19 00:43:16:4316 [35mhttp[39m: [35m[0mGET /api/setup/ward-offices [36m304[0m 33.629 ms - -[0m[39m
2026-02-19 00:43:16:4316 [35mhttp[39m: [35m[0mGET /api/admin/complaints/department/WASTE_MANAGEMENT [36m304[0m 154.816 ms - -[0m[39m
2026-02-19 00:43:16:4316 [35mhttp[39m: [35m[0mGET /api/setup/teams/by-category/WASTE_MANAGEMENT [36m304[0m 42.330 ms - -[0m[39m
2026-02-19 00:43:16:4316 [35mhttp[39m: [35m[0mGET /api/setup/ward-offices [36m304[0m 37.545 ms - -[0m[39m
2026-02-19 00:43:16:4316 [35mhttp[39m: [35m[0mGET /api/admin/complaints/department/WASTE_MANAGEMENT [36m304[0m 50.206 ms - -[0m[39m
2026-02-19 00:43:16:4316 [35mhttp[39m: [35m[0mGET /api/admin/complaints/department/WASTE_MANAGEMENT [36m304[0m 67.517 ms - -[0m[39m
2026-02-19 00:43:16:4316 [35mhttp[39m: [35m[0mGET /api/setup/ward-offices [36m304[0m 29.529 ms - -[0m[39m
2026-02-19 00:43:16:4316 [35mhttp[39m: [35m[0mGET /api/admin/complaints/department/WASTE_MANAGEMENT [36m304[0m 53.286 ms - -[0m[39m
2026-02-19 00:43:16:4316 [35mhttp[39m: [35m[0mGET /api/admin/complaints/department/WASTE_MANAGEMENT [36m304[0m 22.948 ms - -[0m[39m
2026-02-19 00:43:16:4316 [35mhttp[39m: [35m[0mGET /api/admin/complaints/department/POTHOLES [36m304[0m 19.242 ms - -[0m[39m
2026-02-19 00:43:17:4317 [35mhttp[39m: [35m[0mGET /api/admin/complaints/department/POTHOLES [36m304[0m 14.293 ms - -[0m[39m
2026-02-19 00:43:17:4317 [35mhttp[39m: [35m[0mGET /api/admin/complaints/department/ELECTRICITY [36m304[0m 14.146 ms - -[0m[39m
2026-02-19 00:43:17:4317 [35mhttp[39m: [35m[0mGET /api/admin/complaints/department/ELECTRICITY [36m304[0m 17.236 ms - -[0m[39m
2026-02-19 00:43:17:4317 [35mhttp[39m: [35m[0mGET /api/admin/complaints/department/WATER [36m304[0m 8.115 ms - -[0m[39m
2026-02-19 00:43:17:4317 [35mhttp[39m: [35m[0mGET /api/admin/complaints/department/WATER [36m304[0m 7.773 ms - -[0m[39m
2026-02-19 00:43:17:4317 [35mhttp[39m: [35m[0mGET /api/admin/complaints/department/SANITATION [36m304[0m 8.124 ms - -[0m[39m
2026-02-19 00:43:17:4317 [35mhttp[39m: [35m[0mGET /api/admin/complaints/department/SANITATION [36m304[0m 9.269 ms - -[0m[39m
2026-02-19 00:43:17:4317 [35mhttp[39m: [35m[0mGET /api/admin/complaints/department/PUBLIC_PROPERTY [36m304[0m 10.067 ms - -[0m[39m
2026-02-19 00:43:17:4317 [35mhttp[39m: [35m[0mGET /api/admin/complaints/department/PUBLIC_PROPERTY [36m304[0m 12.925 ms - -[0m[39m
2026-02-19 00:43:17:4317 [35mhttp[39m: [35m[0mGET /api/admin/complaints/department/E_WASTE [36m304[0m 12.170 ms - -[0m[39m
2026-02-19 00:43:17:4317 [35mhttp[39m: [35m[0mGET /api/admin/complaints/department/E_WASTE [36m304[0m 7.245 ms - -[0m[39m
2026-02-19 00:43:17:4317 [35mhttp[39m: [35m[0mGET /api/admin/complaints/department/SECURITY [36m304[0m 10.993 ms - -[0m[39m
2026-02-19 00:43:17:4317 [35mhttp[39m: [35m[0mGET /api/admin/complaints/department/SECURITY [36m304[0m 16.328 ms - -[0m[39m
2026-02-19 00:43:17:4317 [35mhttp[39m: [35m[0mGET /api/admin/complaints/department/HEALTH [36m304[0m 10.982 ms - -[0m[39m
2026-02-19 00:43:18:4318 [35mhttp[39m: [35m[0mGET /api/admin/complaints/department/HEALTH [36m304[0m 10.340 ms - -[0m[39m
2026-02-19 00:43:18:4318 [35mhttp[39m: [35m[0mGET /api/admin/complaints/department/ENVIRONMENT [36m304[0m 9.113 ms - -[0m[39m
2026-02-19 00:43:18:4318 [35mhttp[39m: [35m[0mGET /api/admin/complaints/department/ENVIRONMENT [36m304[0m 8.830 ms - -[0m[39m
2026-02-19 00:43:18:4318 [35mhttp[39m: [35m[0mGET /api/admin/complaints/department/TRANSPORT [36m304[0m 12.550 ms - -[0m[39m
2026-02-19 00:43:18:4318 [35mhttp[39m: [35m[0mGET /api/admin/complaints/department/TRANSPORT [36m304[0m 12.181 ms - -[0m[39m
2026-02-19 00:43:18:4318 [35mhttp[39m: [35m[0mGET /api/admin/complaints/department/EDUCATION [36m304[0m 9.670 ms - -[0m[39m
2026-02-19 00:43:18:4318 [35mhttp[39m: [35m[0mGET /api/admin/complaints/department/EDUCATION [36m304[0m 12.854 ms - -[0m[39m
2026-02-19 00:43:27:4327 [35mhttp[39m: [35m[0mGET /api/admin/complaints/department/WASTE_MANAGEMENT [36m304[0m 13.703 ms - -[0m[39m
2026-02-19 00:44:30:4430 [35mhttp[39m: [35m[0mGET /api/admin/complaints/department/SECURITY [36m304[0m 7.377 ms - -[0m[39m
2026-02-19 00:44:43:4443 [35mhttp[39m: [35m[0mGET /api/auth/logout [36m304[0m 1.102 ms - -[0m[39m
2026-02-19 00:44:51:4451 [35mhttp[39m: [35m[0mPOST /api/auth/login [32m200[0m 249.938 ms - 326[0m[39m
2026-02-19 00:44:51:4451 [31merror[39m: [31m403 - Not authorized to access these complaints - /api/complaints/user/undefined - GET - ::1[39m
2026-02-19 00:44:51:4451 [31merror[39m: [31mError: Not authorized to access these complaints[39m
[31m    at file:///C:/Users/acer/civiccare-smart-city-portal/backend/src/controllers/complaintController.js:45:17[39m
[31m    at file:///C:/Users/acer/civiccare-smart-city-portal/backend/src/utils/errorUtils.js:5:19[39m
[31m    at Layer.handle [as handle_request] (C:\Users\acer\civiccare-smart-city-portal\backend\node_modules\express\lib\router\layer.js:95:5)[39m
[31m    at next (C:\Users\acer\civiccare-smart-city-portal\backend\node_modules\express\lib\router\route.js:149:13)[39m
[31m    at protect (file:///C:/Users/acer/civiccare-smart-city-portal/backend/src/middleware/auth.js:29:5)[39m
[31m    at process.processTicksAndRejections (node:internal/process/task_queues:105:5)[39m
2026-02-19 00:44:51:4451 [35mhttp[39m: [35m[0mGET /api/complaints/user/undefined [33m403[0m 14.755 ms - 71[0m[39m
2026-02-19 00:44:51:4451 [31merror[39m: [31m403 - Not authorized to access these complaints - /api/complaints/user/undefined - GET - ::1[39m
2026-02-19 00:44:51:4451 [31merror[39m: [31mError: Not authorized to access these complaints[39m
[31m    at file:///C:/Users/acer/civiccare-smart-city-portal/backend/src/controllers/complaintController.js:45:17[39m
[31m    at file:///C:/Users/acer/civiccare-smart-city-portal/backend/src/utils/errorUtils.js:5:19[39m
[31m    at Layer.handle [as handle_request] (C:\Users\acer\civiccare-smart-city-portal\backend\node_modules\express\lib\router\layer.js:95:5)[39m
[31m    at next (C:\Users\acer\civiccare-smart-city-portal\backend\node_modules\express\lib\router\route.js:149:13)[39m
[31m    at protect (file:///C:/Users/acer/civiccare-smart-city-portal/backend/src/middleware/auth.js:29:5)[39m
[31m    at process.processTicksAndRejections (node:internal/process/task_queues:105:5)[39m
2026-02-19 00:44:51:4451 [35mhttp[39m: [35m[0mGET /api/complaints/user/undefined [33m403[0m 8.644 ms - 71[0m[39m
2026-02-19 00:46:34:4634 [35mhttp[39m: [35m[0mPOST /api/complaints [32m201[0m 87.798 ms - 639[0m[39m
2026-02-19 00:46:36:4636 [31merror[39m: [31m403 - Not authorized to access these complaints - /api/complaints/user/undefined - GET - ::1[39m
2026-02-19 00:46:36:4636 [31merror[39m: [31mError: Not authorized to access these complaints[39m
[31m    at file:///C:/Users/acer/civiccare-smart-city-portal/backend/src/controllers/complaintController.js:45:17[39m
[31m    at file:///C:/Users/acer/civiccare-smart-city-portal/backend/src/utils/errorUtils.js:5:19[39m
[31m    at Layer.handle [as handle_request] (C:\Users\acer\civiccare-smart-city-portal\backend\node_modules\express\lib\router\layer.js:95:5)[39m
[31m    at next (C:\Users\acer\civiccare-smart-city-portal\backend\node_modules\express\lib\router\route.js:149:13)[39m
[31m    at protect (file:///C:/Users/acer/civiccare-smart-city-portal/backend/src/middleware/auth.js:29:5)[39m
[31m    at process.processTicksAndRejections (node:internal/process/task_queues:105:5)[39m
2026-02-19 00:46:36:4636 [35mhttp[39m: [35m[0mGET /api/complaints/user/undefined [33m403[0m 7.244 ms - 71[0m[39m
2026-02-19 00:46:36:4636 [31merror[39m: [31m403 - Not authorized to access these complaints - /api/complaints/user/undefined - GET - ::1[39m
2026-02-19 00:46:36:4636 [31merror[39m: [31mError: Not authorized to access these complaints[39m
[31m    at file:///C:/Users/acer/civiccare-smart-city-portal/backend/src/controllers/complaintController.js:45:17[39m
[31m    at file:///C:/Users/acer/civiccare-smart-city-portal/backend/src/utils/errorUtils.js:5:19[39m
[31m    at Layer.handle [as handle_request] (C:\Users\acer\civiccare-smart-city-portal\backend\node_modules\express\lib\router\layer.js:95:5)[39m
[31m    at next (C:\Users\acer\civiccare-smart-city-portal\backend\node_modules\express\lib\router\route.js:149:13)[39m
[31m    at protect (file:///C:/Users/acer/civiccare-smart-city-portal/backend/src/middleware/auth.js:29:5)[39m
[31m    at process.processTicksAndRejections (node:internal/process/task_queues:105:5)[39m
2026-02-19 00:46:36:4636 [35mhttp[39m: [35m[0mGET /api/complaints/user/undefined [33m403[0m 8.392 ms - 71[0m[39m
2026-02-19 00:46:40:4640 [31merror[39m: [31m403 - Not authorized to access these complaints - /api/complaints/user/undefined - GET - ::1[39m
2026-02-19 00:46:40:4640 [31merror[39m: [31mError: Not authorized to access these complaints[39m
[31m    at file:///C:/Users/acer/civiccare-smart-city-portal/backend/src/controllers/complaintController.js:45:17[39m
[31m    at file:///C:/Users/acer/civiccare-smart-city-portal/backend/src/utils/errorUtils.js:5:19[39m
[31m    at Layer.handle [as handle_request] (C:\Users\acer\civiccare-smart-city-portal\backend\node_modules\express\lib\router\layer.js:95:5)[39m
[31m    at next (C:\Users\acer\civiccare-smart-city-portal\backend\node_modules\express\lib\router\route.js:149:13)[39m
[31m    at protect (file:///C:/Users/acer/civiccare-smart-city-portal/backend/src/middleware/auth.js:29:5)[39m
[31m    at process.processTicksAndRejections (node:internal/process/task_queues:105:5)[39m
2026-02-19 00:46:40:4640 [35mhttp[39m: [35m[0mGET /api/complaints/user/undefined [33m403[0m 10.520 ms - 71[0m[39m
2026-02-19 00:46:40:4640 [31merror[39m: [31m403 - Not authorized to access these complaints - /api/complaints/user/undefined - GET - ::1[39m
2026-02-19 00:46:40:4640 [31merror[39m: [31mError: Not authorized to access these complaints[39m
[31m    at file:///C:/Users/acer/civiccare-smart-city-portal/backend/src/controllers/complaintController.js:45:17[39m
[31m    at file:///C:/Users/acer/civiccare-smart-city-portal/backend/src/utils/errorUtils.js:5:19[39m
[31m    at Layer.handle [as handle_request] (C:\Users\acer\civiccare-smart-city-portal\backend\node_modules\express\lib\router\layer.js:95:5)[39m
[31m    at next (C:\Users\acer\civiccare-smart-city-portal\backend\node_modules\express\lib\router\route.js:149:13)[39m
[31m    at protect (file:///C:/Users/acer/civiccare-smart-city-portal/backend/src/middleware/auth.js:29:5)[39m
[31m    at process.processTicksAndRejections (node:internal/process/task_queues:105:5)[39m
2026-02-19 00:46:40:4640 [35mhttp[39m: [35m[0mGET /api/complaints/user/undefined [33m403[0m 6.428 ms - 71[0m[39m
2026-02-19 00:46:56:4656 [35mhttp[39m: [35m[0mGET /api/auth/logout [36m304[0m 0.792 ms - -[0m[39m
2026-02-19 00:47:07:477 [35mhttp[39m: [35m[0mPOST /api/auth/admin-login [32m200[0m 244.133 ms - 350[0m[39m
2026-02-19 00:47:07:477 [35mhttp[39m: [35m[0mGET /api/setup/teams/by-category/WASTE_MANAGEMENT [36m304[0m 24.649 ms - -[0m[39m
2026-02-19 00:47:07:477 [35mhttp[39m: [35m[0mGET /api/admin/complaints/department/WASTE_MANAGEMENT [36m304[0m 38.246 ms - -[0m[39m
2026-02-19 00:47:07:477 [35mhttp[39m: [35m[0mGET /api/setup/teams/by-category/WASTE_MANAGEMENT [36m304[0m 24.048 ms - -[0m[39m
2026-02-19 00:47:07:477 [35mhttp[39m: [35m[0mGET /api/setup/ward-offices [36m304[0m 30.361 ms - -[0m[39m
2026-02-19 00:47:07:477 [35mhttp[39m: [35m[0mGET /api/admin/complaints/department/WASTE_MANAGEMENT [36m304[0m 47.623 ms - -[0m[39m
2026-02-19 00:47:07:477 [35mhttp[39m: [35m[0mGET /api/setup/teams/by-category/WASTE_MANAGEMENT [36m304[0m 30.126 ms - -[0m[39m
2026-02-19 00:47:07:477 [35mhttp[39m: [35m[0mGET /api/setup/ward-offices [36m304[0m 35.644 ms - -[0m[39m
2026-02-19 00:47:07:477 [35mhttp[39m: [35m[0mGET /api/admin/complaints/department/WASTE_MANAGEMENT [36m304[0m 32.922 ms - -[0m[39m
2026-02-19 00:47:07:477 [35mhttp[39m: [35m[0mGET /api/setup/ward-offices [36m304[0m 17.825 ms - -[0m[39m
2026-02-19 00:47:07:477 [35mhttp[39m: [35m[0mGET /api/admin/complaints/department/WASTE_MANAGEMENT [36m304[0m 38.958 ms - -[0m[39m
2026-02-19 00:47:07:477 [35mhttp[39m: [35m[0mGET /api/admin/complaints/department/WASTE_MANAGEMENT [36m304[0m 21.207 ms - -[0m[39m
2026-02-19 00:47:07:477 [35mhttp[39m: [35m[0mGET /api/admin/complaints/department/POTHOLES [36m304[0m 16.176 ms - -[0m[39m
2026-02-19 00:47:07:477 [35mhttp[39m: [35m[0mGET /api/admin/complaints/department/POTHOLES [36m304[0m 16.897 ms - -[0m[39m
2026-02-19 00:47:07:477 [35mhttp[39m: [35m[0mGET /api/admin/complaints/department/ELECTRICITY [36m304[0m 13.895 ms - -[0m[39m
2026-02-19 00:47:07:477 [35mhttp[39m: [35m[0mGET /api/admin/complaints/department/ELECTRICITY [36m304[0m 12.813 ms - -[0m[39m
2026-02-19 00:47:07:477 [35mhttp[39m: [35m[0mGET /api/admin/complaints/department/WATER [36m304[0m 11.330 ms - -[0m[39m
2026-02-19 00:47:07:477 [35mhttp[39m: [35m[0mGET /api/admin/complaints/department/WATER [36m304[0m 7.382 ms - -[0m[39m
2026-02-19 00:47:07:477 [35mhttp[39m: [35m[0mGET /api/admin/complaints/department/SANITATION [36m304[0m 13.154 ms - -[0m[39m
2026-02-19 00:47:07:477 [35mhttp[39m: [35m[0mGET /api/admin/complaints/department/SANITATION [36m304[0m 12.189 ms - -[0m[39m
2026-02-19 00:47:07:477 [35mhttp[39m: [35m[0mGET /api/admin/complaints/department/PUBLIC_PROPERTY [36m304[0m 6.421 ms - -[0m[39m
2026-02-19 00:47:08:478 [35mhttp[39m: [35m[0mGET /api/admin/complaints/department/PUBLIC_PROPERTY [36m304[0m 12.243 ms - -[0m[39m
2026-02-19 00:47:08:478 [35mhttp[39m: [35m[0mGET /api/admin/complaints/department/E_WASTE [32m200[0m 12.626 ms - 766[0m[39m
2026-02-19 00:47:08:478 [35mhttp[39m: [35m[0mGET /api/admin/complaints/department/E_WASTE [36m304[0m 15.032 ms - -[0m[39m
2026-02-19 00:47:08:478 [35mhttp[39m: [35m[0mGET /api/admin/complaints/department/SECURITY [36m304[0m 9.901 ms - -[0m[39m
2026-02-19 00:47:08:478 [35mhttp[39m: [35m[0mGET /api/admin/complaints/department/SECURITY [36m304[0m 7.978 ms - -[0m[39m
2026-02-19 00:47:08:478 [35mhttp[39m: [35m[0mGET /api/admin/complaints/department/HEALTH [36m304[0m 7.232 ms - -[0m[39m
2026-02-19 00:47:08:478 [35mhttp[39m: [35m[0mGET /api/admin/complaints/department/HEALTH [36m304[0m 7.723 ms - -[0m[39m
2026-02-19 00:47:08:478 [35mhttp[39m: [35m[0mGET /api/admin/complaints/department/ENVIRONMENT [36m304[0m 8.323 ms - -[0m[39m
2026-02-19 00:47:08:478 [35mhttp[39m: [35m[0mGET /api/admin/complaints/department/ENVIRONMENT [36m304[0m 9.580 ms - -[0m[39m
2026-02-19 00:47:08:478 [35mhttp[39m: [35m[0mGET /api/admin/complaints/department/TRANSPORT [36m304[0m 9.931 ms - -[0m[39m
2026-02-19 00:47:08:478 [35mhttp[39m: [35m[0mGET /api/admin/complaints/department/TRANSPORT [36m304[0m 6.510 ms - -[0m[39m
2026-02-19 00:47:08:478 [35mhttp[39m: [35m[0mGET /api/admin/complaints/department/EDUCATION [36m304[0m 7.223 ms - -[0m[39m
2026-02-19 00:47:08:478 [35mhttp[39m: [35m[0mGET /api/admin/complaints/department/EDUCATION [36m304[0m 8.248 ms - -[0m[39m
2026-02-19 00:47:11:4711 [35mhttp[39m: [35m[0mGET /api/admin/complaints/department/E_WASTE [36m304[0m 11.622 ms - -[0m[39m
2026-02-19 13:25:17:2517 [32minfo[39m: [32mMongoDB Connected: localhost[39m
2026-02-19 13:25:17:2517 [32minfo[39m: [32mServer running on port 5000[39m
2026-02-19 13:25:17:2517 [32minfo[39m: [32mEnvironment: development[39m
2026-02-19 13:25:40:2540 [35mhttp[39m: [35m[0mPOST /api/auth/admin-login [32m200[0m 504.238 ms - 350[0m[39m
2026-02-19 13:25:40:2540 [35mhttp[39m: [35m[0mGET /api/setup/teams/by-category/WASTE_MANAGEMENT [36m304[0m 123.107 ms - -[0m[39m
2026-02-19 13:25:40:2540 [35mhttp[39m: [35m[0mGET /api/setup/teams/by-category/WASTE_MANAGEMENT [36m304[0m 65.073 ms - -[0m[39m
2026-02-19 13:25:40:2540 [35mhttp[39m: [35m[0mGET /api/setup/ward-offices [36m304[0m 61.170 ms - -[0m[39m
2026-02-19 13:25:40:2540 [35mhttp[39m: [35m[0mGET /api/setup/teams/by-category/WASTE_MANAGEMENT [36m304[0m 22.476 ms - -[0m[39m
2026-02-19 13:25:40:2540 [35mhttp[39m: [35m[0mGET /api/setup/ward-offices [36m304[0m 23.563 ms - -[0m[39m
2026-02-19 13:25:40:2540 [35mhttp[39m: [35m[0mGET /api/admin/complaints/department/WASTE_MANAGEMENT [36m304[0m 275.845 ms - -[0m[39m
2026-02-19 13:25:40:2540 [35mhttp[39m: [35m[0mGET /api/setup/ward-offices [36m304[0m 24.939 ms - -[0m[39m
2026-02-19 13:25:40:2540 [35mhttp[39m: [35m[0mGET /api/admin/complaints/department/WASTE_MANAGEMENT [36m304[0m 38.469 ms - -[0m[39m
2026-02-19 13:25:40:2540 [35mhttp[39m: [35m[0mGET /api/admin/complaints/department/WASTE_MANAGEMENT [36m304[0m 21.772 ms - -[0m[39m
2026-02-19 13:25:40:2540 [35mhttp[39m: [35m[0mGET /api/admin/complaints/department/WASTE_MANAGEMENT [36m304[0m 18.300 ms - -[0m[39m
2026-02-19 13:25:40:2540 [35mhttp[39m: [35m[0mGET /api/admin/complaints/department/WASTE_MANAGEMENT [36m304[0m 17.615 ms - -[0m[39m
2026-02-19 13:25:41:2541 [35mhttp[39m: [35m[0mGET /api/admin/complaints/department/POTHOLES [36m304[0m 17.775 ms - -[0m[39m
2026-02-19 13:25:41:2541 [35mhttp[39m: [35m[0mGET /api/admin/complaints/department/POTHOLES [36m304[0m 16.533 ms - -[0m[39m
2026-02-19 13:25:41:2541 [35mhttp[39m: [35m[0mGET /api/admin/complaints/department/ELECTRICITY [36m304[0m 16.417 ms - -[0m[39m
2026-02-19 13:25:41:2541 [35mhttp[39m: [35m[0mGET /api/admin/complaints/department/ELECTRICITY [36m304[0m 16.753 ms - -[0m[39m
2026-02-19 13:25:41:2541 [35mhttp[39m: [35m[0mGET /api/admin/complaints/department/WATER [36m304[0m 9.156 ms - -[0m[39m
2026-02-19 13:25:41:2541 [35mhttp[39m: [35m[0mGET /api/admin/complaints/department/WATER [36m304[0m 8.823 ms - -[0m[39m
2026-02-19 13:25:41:2541 [35mhttp[39m: [35m[0mGET /api/admin/complaints/department/SANITATION [36m304[0m 8.449 ms - -[0m[39m
2026-02-19 13:25:41:2541 [35mhttp[39m: [35m[0mGET /api/admin/complaints/department/SANITATION [36m304[0m 8.290 ms - -[0m[39m
2026-02-19 13:25:41:2541 [35mhttp[39m: [35m[0mGET /api/admin/complaints/department/PUBLIC_PROPERTY [36m304[0m 8.829 ms - -[0m[39m
2026-02-19 13:25:41:2541 [35mhttp[39m: [35m[0mGET /api/admin/complaints/department/PUBLIC_PROPERTY [36m304[0m 11.245 ms - -[0m[39m
2026-02-19 13:25:42:2542 [35mhttp[39m: [35m[0mGET /api/admin/complaints/department/E_WASTE [36m304[0m 14.930 ms - -[0m[39m
2026-02-19 13:25:42:2542 [35mhttp[39m: [35m[0mGET /api/admin/complaints/department/E_WASTE [36m304[0m 12.508 ms - -[0m[39m
2026-02-19 13:25:42:2542 [35mhttp[39m: [35m[0mGET /api/admin/complaints/department/SECURITY [36m304[0m 11.414 ms - -[0m[39m
2026-02-19 13:25:42:2542 [35mhttp[39m: [35m[0mGET /api/admin/complaints/department/SECURITY [36m304[0m 10.198 ms - -[0m[39m
2026-02-19 13:25:42:2542 [35mhttp[39m: [35m[0mGET /api/admin/complaints/department/HEALTH [36m304[0m 11.252 ms - -[0m[39m
2026-02-19 13:25:42:2542 [35mhttp[39m: [35m[0mGET /api/admin/complaints/department/HEALTH [36m304[0m 10.341 ms - -[0m[39m
2026-02-19 13:25:42:2542 [35mhttp[39m: [35m[0mGET /api/admin/complaints/department/ENVIRONMENT [36m304[0m 9.355 ms - -[0m[39m
2026-02-19 13:25:42:2542 [35mhttp[39m: [35m[0mGET /api/admin/complaints/department/ENVIRONMENT [36m304[0m 7.774 ms - -[0m[39m
2026-02-19 13:25:42:2542 [35mhttp[39m: [35m[0mGET /api/admin/complaints/department/TRANSPORT [36m304[0m 8.371 ms - -[0m[39m
2026-02-19 13:25:42:2542 [35mhttp[39m: [35m[0mGET /api/admin/complaints/department/TRANSPORT [36m304[0m 10.497 ms - -[0m[39m
2026-02-19 13:25:42:2542 [35mhttp[39m: [35m[0mGET /api/admin/complaints/department/EDUCATION [36m304[0m 7.865 ms - -[0m[39m
2026-02-19 13:25:42:2542 [35mhttp[39m: [35m[0mGET /api/admin/complaints/department/EDUCATION [36m304[0m 7.994 ms - -[0m[39m
2026-02-19 13:26:46:2646 [35mhttp[39m: [35m[0mGET /api/admin/complaints/department/PUBLIC_PROPERTY [36m304[0m 5.933 ms - -[0m[39m
2026-02-19 13:27:05:275 [35mhttp[39m: [35m[0mGET /api/setup/teams/by-category/WASTE_MANAGEMENT [36m304[0m 14.005 ms - -[0m[39m
2026-02-19 13:27:05:275 [35mhttp[39m: [35m[0mGET /api/admin/complaints/department/WASTE_MANAGEMENT [36m304[0m 22.331 ms - -[0m[39m
2026-02-19 13:27:05:275 [35mhttp[39m: [35m[0mGET /api/setup/ward-offices [36m304[0m 11.104 ms - -[0m[39m
2026-02-19 13:27:08:278 [35mhttp[39m: [35m[0mGET /api/admin/complaints/department/E_WASTE [36m304[0m 11.173 ms - -[0m[39m
2026-02-19 13:32:30:3230 [35mhttp[39m: [35m[0mGET /api/setup/teams/by-category/WASTE_MANAGEMENT [36m304[0m 33.349 ms - -[0m[39m
2026-02-19 13:32:30:3230 [35mhttp[39m: [35m[0mGET /api/admin/complaints/department/WASTE_MANAGEMENT [36m304[0m 49.346 ms - -[0m[39m
2026-02-19 13:32:30:3230 [35mhttp[39m: [35m[0mGET /api/setup/teams/by-category/WASTE_MANAGEMENT [36m304[0m 87.390 ms - -[0m[39m
2026-02-19 13:32:30:3230 [35mhttp[39m: [35m[0mGET /api/setup/ward-offices [36m304[0m 127.345 ms - -[0m[39m
2026-02-19 13:32:30:3230 [35mhttp[39m: [35m[0mGET /api/admin/complaints/department/WASTE_MANAGEMENT [36m304[0m 124.152 ms - -[0m[39m
2026-02-19 13:32:30:3230 [35mhttp[39m: [35m[0mGET /api/setup/teams/by-category/WASTE_MANAGEMENT [36m304[0m 28.349 ms - -[0m[39m
2026-02-19 13:32:30:3230 [35mhttp[39m: [35m[0mGET /api/setup/ward-offices [36m304[0m 16.269 ms - -[0m[39m
2026-02-19 13:32:30:3230 [35mhttp[39m: [35m[0mGET /api/admin/complaints/department/WASTE_MANAGEMENT [36m304[0m 22.521 ms - -[0m[39m
2026-02-19 13:32:31:3231 [35mhttp[39m: [35m[0mGET /api/setup/ward-offices [36m304[0m 22.898 ms - -[0m[39m
2026-02-19 13:32:31:3231 [35mhttp[39m: [35m[0mGET /api/admin/complaints/department/WASTE_MANAGEMENT [36m304[0m 23.836 ms - -[0m[39m
2026-02-19 13:32:31:3231 [35mhttp[39m: [35m[0mGET /api/admin/complaints/department/WASTE_MANAGEMENT [36m304[0m 10.394 ms - -[0m[39m
2026-02-19 13:32:31:3231 [35mhttp[39m: [35m[0mGET /api/admin/complaints/department/POTHOLES [36m304[0m 8.601 ms - -[0m[39m
2026-02-19 13:32:31:3231 [35mhttp[39m: [35m[0mGET /api/admin/complaints/department/POTHOLES [36m304[0m 8.140 ms - -[0m[39m
2026-02-19 13:32:31:3231 [35mhttp[39m: [35m[0mGET /api/admin/complaints/department/ELECTRICITY [36m304[0m 9.589 ms - -[0m[39m
2026-02-19 13:32:31:3231 [35mhttp[39m: [35m[0mGET /api/admin/complaints/department/ELECTRICITY [36m304[0m 6.673 ms - -[0m[39m
2026-02-19 13:32:31:3231 [35mhttp[39m: [35m[0mGET /api/admin/complaints/department/WATER [36m304[0m 5.444 ms - -[0m[39m
2026-02-19 13:32:31:3231 [35mhttp[39m: [35m[0mGET /api/admin/complaints/department/WATER [36m304[0m 4.518 ms - -[0m[39m
2026-02-19 13:32:31:3231 [35mhttp[39m: [35m[0mGET /api/admin/complaints/department/SANITATION [36m304[0m 4.080 ms - -[0m[39m
2026-02-19 13:32:31:3231 [35mhttp[39m: [35m[0mGET /api/admin/complaints/department/SANITATION [36m304[0m 4.454 ms - -[0m[39m
2026-02-19 13:32:31:3231 [35mhttp[39m: [35m[0mGET /api/admin/complaints/department/PUBLIC_PROPERTY [36m304[0m 5.529 ms - -[0m[39m
2026-02-19 13:32:31:3231 [35mhttp[39m: [35m[0mGET /api/admin/complaints/department/PUBLIC_PROPERTY [36m304[0m 4.861 ms - -[0m[39m
2026-02-19 13:32:31:3231 [35mhttp[39m: [35m[0mGET /api/admin/complaints/department/E_WASTE [36m304[0m 6.794 ms - -[0m[39m
2026-02-19 13:32:31:3231 [35mhttp[39m: [35m[0mGET /api/admin/complaints/department/E_WASTE [36m304[0m 6.800 ms - -[0m[39m
2026-02-19 13:32:31:3231 [35mhttp[39m: [35m[0mGET /api/admin/complaints/department/SECURITY [36m304[0m 4.244 ms - -[0m[39m
2026-02-19 13:32:31:3231 [35mhttp[39m: [35m[0mGET /api/admin/complaints/department/SECURITY [36m304[0m 4.268 ms - -[0m[39m
2026-02-19 13:32:32:3232 [35mhttp[39m: [35m[0mGET /api/admin/complaints/department/HEALTH [36m304[0m 4.242 ms - -[0m[39m
2026-02-19 13:32:32:3232 [35mhttp[39m: [35m[0mGET /api/admin/complaints/department/HEALTH [36m304[0m 3.780 ms - -[0m[39m
2026-02-19 13:32:32:3232 [35mhttp[39m: [35m[0mGET /api/admin/complaints/department/ENVIRONMENT [36m304[0m 4.209 ms - -[0m[39m
2026-02-19 13:32:32:3232 [35mhttp[39m: [35m[0mGET /api/admin/complaints/department/ENVIRONMENT [36m304[0m 4.748 ms - -[0m[39m
2026-02-19 13:32:32:3232 [35mhttp[39m: [35m[0mGET /api/admin/complaints/department/TRANSPORT [36m304[0m 7.008 ms - -[0m[39m
2026-02-19 13:32:32:3232 [35mhttp[39m: [35m[0mGET /api/admin/complaints/department/TRANSPORT [36m304[0m 4.461 ms - -[0m[39m
2026-02-19 13:32:32:3232 [35mhttp[39m: [35m[0mGET /api/admin/complaints/department/EDUCATION [36m304[0m 5.761 ms - -[0m[39m
2026-02-19 13:32:32:3232 [35mhttp[39m: [35m[0mGET /api/admin/complaints/department/EDUCATION [36m304[0m 6.521 ms - -[0m[39m
2026-02-19 13:32:44:3244 [35mhttp[39m: [35m[0mGET /api/auth/logout [36m304[0m 1.127 ms - -[0m[39m
2026-02-19 13:38:44:3844 [35mhttp[39m: [35m[0mPOST /api/auth/admin-login [32m200[0m 210.994 ms - 350[0m[39m
2026-02-19 13:38:44:3844 [35mhttp[39m: [35m[0mGET /api/setup/teams/by-category/WASTE_MANAGEMENT [36m304[0m 22.226 ms - -[0m[39m
2026-02-19 13:38:44:3844 [35mhttp[39m: [35m[0mGET /api/admin/complaints/department/WASTE_MANAGEMENT [36m304[0m 32.097 ms - -[0m[39m
2026-02-19 13:38:44:3844 [35mhttp[39m: [35m[0mGET /api/setup/teams/by-category/WASTE_MANAGEMENT [36m304[0m 26.442 ms - -[0m[39m
2026-02-19 13:38:44:3844 [35mhttp[39m: [35m[0mGET /api/setup/ward-offices [36m304[0m 30.598 ms - -[0m[39m
2026-02-19 13:38:44:3844 [35mhttp[39m: [35m[0mGET /api/admin/complaints/department/WASTE_MANAGEMENT [36m304[0m 44.678 ms - -[0m[39m
2026-02-19 13:38:44:3844 [35mhttp[39m: [35m[0mGET /api/setup/teams/by-category/WASTE_MANAGEMENT [36m304[0m 25.628 ms - -[0m[39m
2026-02-19 13:38:44:3844 [35mhttp[39m: [35m[0mGET /api/setup/ward-offices [36m304[0m 16.182 ms - -[0m[39m
2026-02-19 13:38:44:3844 [35mhttp[39m: [35m[0mGET /api/admin/complaints/department/WASTE_MANAGEMENT [36m304[0m 27.632 ms - -[0m[39m
2026-02-19 13:38:44:3844 [35mhttp[39m: [35m[0mGET /api/setup/ward-offices [36m304[0m 14.686 ms - -[0m[39m
2026-02-19 13:38:44:3844 [35mhttp[39m: [35m[0mGET /api/admin/complaints/department/WASTE_MANAGEMENT [36m304[0m 28.897 ms - -[0m[39m
2026-02-19 13:38:44:3844 [35mhttp[39m: [35m[0mGET /api/admin/complaints/department/WASTE_MANAGEMENT [36m304[0m 18.718 ms - -[0m[39m
2026-02-19 13:38:44:3844 [35mhttp[39m: [35m[0mGET /api/admin/complaints/department/POTHOLES [36m304[0m 15.373 ms - -[0m[39m
2026-02-19 13:38:44:3844 [35mhttp[39m: [35m[0mGET /api/admin/complaints/department/POTHOLES [36m304[0m 14.984 ms - -[0m[39m
2026-02-19 13:38:44:3844 [35mhttp[39m: [35m[0mGET /api/admin/complaints/department/ELECTRICITY [36m304[0m 13.135 ms - -[0m[39m
2026-02-19 13:38:44:3844 [35mhttp[39m: [35m[0mGET /api/admin/complaints/department/ELECTRICITY [36m304[0m 14.492 ms - -[0m[39m
2026-02-19 13:38:44:3844 [35mhttp[39m: [35m[0mGET /api/admin/complaints/department/WATER [36m304[0m 8.535 ms - -[0m[39m
2026-02-19 13:38:44:3844 [35mhttp[39m: [35m[0mGET /api/admin/complaints/department/WATER [36m304[0m 10.085 ms - -[0m[39m
2026-02-19 13:38:44:3844 [35mhttp[39m: [35m[0mGET /api/admin/complaints/department/SANITATION [36m304[0m 7.362 ms - -[0m[39m
2026-02-19 13:38:44:3844 [35mhttp[39m: [35m[0mGET /api/admin/complaints/department/SANITATION [36m304[0m 8.060 ms - -[0m[39m
2026-02-19 13:38:44:3844 [35mhttp[39m: [35m[0mGET /api/admin/complaints/department/PUBLIC_PROPERTY [36m304[0m 8.105 ms - -[0m[39m
2026-02-19 13:38:44:3844 [35mhttp[39m: [35m[0mGET /api/admin/complaints/department/PUBLIC_PROPERTY [36m304[0m 8.155 ms - -[0m[39m
2026-02-19 13:38:45:3845 [35mhttp[39m: [35m[0mGET /api/admin/complaints/department/E_WASTE [36m304[0m 12.326 ms - -[0m[39m
2026-02-19 13:38:45:3845 [35mhttp[39m: [35m[0mGET /api/admin/complaints/department/E_WASTE [36m304[0m 12.156 ms - -[0m[39m
2026-02-19 13:38:45:3845 [35mhttp[39m: [35m[0mGET /api/admin/complaints/department/SECURITY [36m304[0m 8.549 ms - -[0m[39m
2026-02-19 13:38:45:3845 [35mhttp[39m: [35m[0mGET /api/admin/complaints/department/SECURITY [36m304[0m 9.532 ms - -[0m[39m
2026-02-19 13:38:45:3845 [35mhttp[39m: [35m[0mGET /api/admin/complaints/department/HEALTH [36m304[0m 10.417 ms - -[0m[39m
2026-02-19 13:42:07:427 [35mhttp[39m: [35m[0mGET /api/auth/logout [36m304[0m 0.886 ms - -[0m[39m
2026-02-19 13:44:52:4452 [35mhttp[39m: [35m[0mPOST /api/auth/login [32m200[0m 199.794 ms - 326[0m[39m
2026-02-19 13:44:52:4452 [31merror[39m: [31m403 - Not authorized to access these complaints - /api/complaints/user/undefined - GET - ::1[39m
2026-02-19 13:44:52:4452 [31merror[39m: [31mError: Not authorized to access these complaints[39m
[31m    at file:///C:/Users/acer/civiccare-smart-city-portal/backend/src/controllers/complaintController.js:45:17[39m
[31m    at file:///C:/Users/acer/civiccare-smart-city-portal/backend/src/utils/errorUtils.js:5:19[39m
[31m    at Layer.handle [as handle_request] (C:\Users\acer\civiccare-smart-city-portal\backend\node_modules\express\lib\router\layer.js:95:5)[39m
[31m    at next (C:\Users\acer\civiccare-smart-city-portal\backend\node_modules\express\lib\router\route.js:149:13)[39m
[31m    at protect (file:///C:/Users/acer/civiccare-smart-city-portal/backend/src/middleware/auth.js:29:5)[39m
[31m    at process.processTicksAndRejections (node:internal/process/task_queues:105:5)[39m
2026-02-19 13:44:52:4452 [35mhttp[39m: [35m[0mGET /api/complaints/user/undefined [33m403[0m 8.893 ms - 71[0m[39m
2026-02-19 13:44:52:4452 [31merror[39m: [31m403 - Not authorized to access these complaints - /api/complaints/user/undefined - GET - ::1[39m
2026-02-19 13:44:52:4452 [31merror[39m: [31mError: Not authorized to access these complaints[39m
[31m    at file:///C:/Users/acer/civiccare-smart-city-portal/backend/src/controllers/complaintController.js:45:17[39m
[31m    at file:///C:/Users/acer/civiccare-smart-city-portal/backend/src/utils/errorUtils.js:5:19[39m
[31m    at Layer.handle [as handle_request] (C:\Users\acer\civiccare-smart-city-portal\backend\node_modules\express\lib\router\layer.js:95:5)[39m
[31m    at next (C:\Users\acer\civiccare-smart-city-portal\backend\node_modules\express\lib\router\route.js:149:13)[39m
[31m    at protect (file:///C:/Users/acer/civiccare-smart-city-portal/backend/src/middleware/auth.js:29:5)[39m
[31m    at process.processTicksAndRejections (node:internal/process/task_queues:105:5)[39m
2026-02-19 13:44:52:4452 [35mhttp[39m: [35m[0mGET /api/complaints/user/undefined [33m403[0m 9.219 ms - 71[0m[39m
2026-02-19 13:45:28:4528 [35mhttp[39m: [35m[0mPOST /api/complaints [32m201[0m 124.723 ms - 27301[0m[39m
2026-02-19 13:45:30:4530 [31merror[39m: [31m403 - Not authorized to access these complaints - /api/complaints/user/undefined - GET - ::1[39m
2026-02-19 13:45:30:4530 [31merror[39m: [31mError: Not authorized to access these complaints[39m
[31m    at file:///C:/Users/acer/civiccare-smart-city-portal/backend/src/controllers/complaintController.js:45:17[39m
[31m    at file:///C:/Users/acer/civiccare-smart-city-portal/backend/src/utils/errorUtils.js:5:19[39m
[31m    at Layer.handle [as handle_request] (C:\Users\acer\civiccare-smart-city-portal\backend\node_modules\express\lib\router\layer.js:95:5)[39m
[31m    at next (C:\Users\acer\civiccare-smart-city-portal\backend\node_modules\express\lib\router\route.js:149:13)[39m
[31m    at protect (file:///C:/Users/acer/civiccare-smart-city-portal/backend/src/middleware/auth.js:29:5)[39m
[31m    at process.processTicksAndRejections (node:internal/process/task_queues:105:5)[39m
2026-02-19 13:45:30:4530 [35mhttp[39m: [35m[0mGET /api/complaints/user/undefined [33m403[0m 8.308 ms - 71[0m[39m
2026-02-19 13:45:30:4530 [31merror[39m: [31m403 - Not authorized to access these complaints - /api/complaints/user/undefined - GET - ::1[39m
2026-02-19 13:45:30:4530 [31merror[39m: [31mError: Not authorized to access these complaints[39m
[31m    at file:///C:/Users/acer/civiccare-smart-city-portal/backend/src/controllers/complaintController.js:45:17[39m
[31m    at file:///C:/Users/acer/civiccare-smart-city-portal/backend/src/utils/errorUtils.js:5:19[39m
[31m    at Layer.handle [as handle_request] (C:\Users\acer\civiccare-smart-city-portal\backend\node_modules\express\lib\router\layer.js:95:5)[39m
[31m    at next (C:\Users\acer\civiccare-smart-city-portal\backend\node_modules\express\lib\router\route.js:149:13)[39m
[31m    at protect (file:///C:/Users/acer/civiccare-smart-city-portal/backend/src/middleware/auth.js:29:5)[39m
[31m    at process.processTicksAndRejections (node:internal/process/task_queues:105:5)[39m
2026-02-19 13:45:30:4530 [35mhttp[39m: [35m[0mGET /api/complaints/user/undefined [33m403[0m 8.375 ms - 71[0m[39m
2026-02-19 13:45:37:4537 [35mhttp[39m: [35m[0mGET /api/auth/logout [36m304[0m 0.470 ms - -[0m[39m
2026-02-19 13:45:52:4552 [35mhttp[39m: [35m[0mPOST /api/auth/admin-login [32m200[0m 199.030 ms - 350[0m[39m
2026-02-19 13:45:52:4552 [35mhttp[39m: [35m[0mGET /api/setup/teams/by-category/WASTE_MANAGEMENT [36m304[0m 12.819 ms - -[0m[39m
2026-02-19 13:45:52:4552 [35mhttp[39m: [35m[0mGET /api/admin/complaints/department/WASTE_MANAGEMENT [32m200[0m 40.983 ms - 28595[0m[39m
2026-02-19 13:45:52:4552 [35mhttp[39m: [35m[0mGET /api/setup/teams/by-category/WASTE_MANAGEMENT [36m304[0m 21.390 ms - -[0m[39m
2026-02-19 13:45:52:4552 [35mhttp[39m: [35m[0mGET /api/setup/ward-offices [36m304[0m 24.979 ms - -[0m[39m
2026-02-19 13:45:52:4552 [35mhttp[39m: [35m[0mGET /api/setup/teams/by-category/WASTE_MANAGEMENT [36m304[0m 14.893 ms - -[0m[39m
2026-02-19 13:45:52:4552 [35mhttp[39m: [35m[0mGET /api/admin/complaints/department/WASTE_MANAGEMENT [36m304[0m 30.847 ms - -[0m[39m
2026-02-19 13:45:52:4552 [35mhttp[39m: [35m[0mGET /api/setup/ward-offices [36m304[0m 13.562 ms - -[0m[39m
2026-02-19 13:45:52:4552 [35mhttp[39m: [35m[0mGET /api/admin/complaints/department/WASTE_MANAGEMENT [36m304[0m 28.634 ms - -[0m[39m
2026-02-19 13:45:52:4552 [35mhttp[39m: [35m[0mGET /api/setup/ward-offices [36m304[0m 20.597 ms - -[0m[39m
2026-02-19 13:45:53:4553 [35mhttp[39m: [35m[0mGET /api/admin/complaints/department/WASTE_MANAGEMENT [36m304[0m 19.535 ms - -[0m[39m
2026-02-19 13:45:53:4553 [35mhttp[39m: [35m[0mGET /api/admin/complaints/department/WASTE_MANAGEMENT [36m304[0m 24.290 ms - -[0m[39m
2026-02-19 13:45:53:4553 [35mhttp[39m: [35m[0mGET /api/admin/complaints/department/POTHOLES [36m304[0m 14.747 ms - -[0m[39m
2026-02-19 13:45:53:4553 [35mhttp[39m: [35m[0mGET /api/admin/complaints/department/POTHOLES [36m304[0m 14.618 ms - -[0m[39m
2026-02-19 13:45:53:4553 [35mhttp[39m: [35m[0mGET /api/admin/complaints/department/ELECTRICITY [36m304[0m 13.510 ms - -[0m[39m
2026-02-19 13:45:53:4553 [35mhttp[39m: [35m[0mGET /api/admin/complaints/department/ELECTRICITY [36m304[0m 12.816 ms - -[0m[39m
2026-02-19 13:45:53:4553 [35mhttp[39m: [35m[0mGET /api/admin/complaints/department/WATER [36m304[0m 10.721 ms - -[0m[39m
2026-02-19 13:45:53:4553 [35mhttp[39m: [35m[0mGET /api/admin/complaints/department/WATER [36m304[0m 10.036 ms - -[0m[39m
2026-02-19 13:45:53:4553 [35mhttp[39m: [35m[0mGET /api/admin/complaints/department/SANITATION [36m304[0m 8.346 ms - -[0m[39m
2026-02-19 13:45:53:4553 [35mhttp[39m: [35m[0mGET /api/admin/complaints/department/SANITATION [36m304[0m 7.107 ms - -[0m[39m
2026-02-19 13:45:53:4553 [35mhttp[39m: [35m[0mGET /api/admin/complaints/department/PUBLIC_PROPERTY [36m304[0m 8.902 ms - -[0m[39m
2026-02-19 13:45:53:4553 [35mhttp[39m: [35m[0mGET /api/admin/complaints/department/PUBLIC_PROPERTY [36m304[0m 6.295 ms - -[0m[39m
2026-02-19 13:45:53:4553 [35mhttp[39m: [35m[0mGET /api/admin/complaints/department/E_WASTE [36m304[0m 11.637 ms - -[0m[39m
2026-02-19 13:45:53:4553 [35mhttp[39m: [35m[0mGET /api/admin/complaints/department/E_WASTE [36m304[0m 13.875 ms - -[0m[39m
2026-02-19 13:45:53:4553 [35mhttp[39m: [35m[0mGET /api/admin/complaints/department/SECURITY [36m304[0m 8.212 ms - -[0m[39m
2026-02-19 13:45:54:4554 [35mhttp[39m: [35m[0mGET /api/admin/complaints/department/SECURITY [36m304[0m 8.466 ms - -[0m[39m
2026-02-19 13:45:54:4554 [35mhttp[39m: [35m[0mGET /api/admin/complaints/department/HEALTH [32m200[0m 12.692 ms - 155[0m[39m
2026-02-19 13:45:54:4554 [35mhttp[39m: [35m[0mGET /api/admin/complaints/department/HEALTH [36m304[0m 7.726 ms - -[0m[39m
2026-02-19 13:45:54:4554 [35mhttp[39m: [35m[0mGET /api/admin/complaints/department/ENVIRONMENT [32m200[0m 8.856 ms - 160[0m[39m
2026-02-19 13:45:54:4554 [35mhttp[39m: [35m[0mGET /api/admin/complaints/department/ENVIRONMENT [36m304[0m 7.600 ms - -[0m[39m
2026-02-19 13:45:54:4554 [35mhttp[39m: [35m[0mGET /api/admin/complaints/department/TRANSPORT [32m200[0m 8.664 ms - 158[0m[39m
2026-02-19 13:45:54:4554 [35mhttp[39m: [35m[0mGET /api/admin/complaints/department/TRANSPORT [36m304[0m 7.855 ms - -[0m[39m
2026-02-19 13:45:54:4554 [35mhttp[39m: [35m[0mGET /api/admin/complaints/department/EDUCATION [32m200[0m 11.790 ms - 158[0m[39m
2026-02-19 13:45:54:4554 [35mhttp[39m: [35m[0mGET /api/admin/complaints/department/EDUCATION [36m304[0m 9.777 ms - -[0m[39m
2026-02-19 13:48:28:4828 [35mhttp[39m: [35m[0mGET /api/auth/logout [36m304[0m 1.016 ms - -[0m[39m
2026-02-19 13:48:59:4859 [35mhttp[39m: [35m[0mPOST /api/auth/admin-login [32m200[0m 238.953 ms - 343[0m[39m
2026-02-19 13:48:59:4859 [35mhttp[39m: [35m[0mGET /api/setup/teams/by-category/WASTE_MANAGEMENT [36m304[0m 24.826 ms - -[0m[39m
2026-02-19 13:48:59:4859 [35mhttp[39m: [35m[0mGET /api/admin/complaints/department/WASTE_MANAGEMENT [36m304[0m 35.018 ms - -[0m[39m
2026-02-19 13:48:59:4859 [35mhttp[39m: [35m[0mGET /api/setup/teams/by-category/WASTE_MANAGEMENT [36m304[0m 34.140 ms - -[0m[39m
2026-02-19 13:48:59:4859 [35mhttp[39m: [35m[0mGET /api/setup/ward-offices [36m304[0m 31.379 ms - -[0m[39m
2026-02-19 13:48:59:4859 [35mhttp[39m: [35m[0mGET /api/admin/complaints/department/WASTE_MANAGEMENT [36m304[0m 43.207 ms - -[0m[39m
2026-02-19 13:48:59:4859 [35mhttp[39m: [35m[0mGET /api/setup/teams/by-category/WASTE_MANAGEMENT [36m304[0m 24.882 ms - -[0m[39m
2026-02-19 13:48:59:4859 [35mhttp[39m: [35m[0mGET /api/setup/ward-offices [36m304[0m 18.926 ms - -[0m[39m
2026-02-19 13:48:59:4859 [35mhttp[39m: [35m[0mGET /api/admin/complaints/department/WASTE_MANAGEMENT [36m304[0m 35.654 ms - -[0m[39m
2026-02-19 13:48:59:4859 [35mhttp[39m: [35m[0mGET /api/setup/ward-offices [36m304[0m 32.911 ms - -[0m[39m
2026-02-19 13:48:59:4859 [35mhttp[39m: [35m[0mGET /api/admin/complaints/department/WASTE_MANAGEMENT [36m304[0m 30.947 ms - -[0m[39m
2026-02-19 13:48:59:4859 [35mhttp[39m: [35m[0mGET /api/admin/complaints/department/WASTE_MANAGEMENT [36m304[0m 19.875 ms - -[0m[39m
2026-02-19 13:48:59:4859 [35mhttp[39m: [35m[0mGET /api/admin/complaints/department/POTHOLES [36m304[0m 15.303 ms - -[0m[39m
2026-02-19 13:48:59:4859 [35mhttp[39m: [35m[0mGET /api/admin/complaints/department/POTHOLES [36m304[0m 13.156 ms - -[0m[39m
2026-02-19 13:48:59:4859 [35mhttp[39m: [35m[0mGET /api/admin/complaints/department/ELECTRICITY [36m304[0m 14.960 ms - -[0m[39m
2026-02-19 13:48:59:4859 [35mhttp[39m: [35m[0mGET /api/admin/complaints/department/ELECTRICITY [36m304[0m 15.638 ms - -[0m[39m
2026-02-19 13:48:59:4859 [35mhttp[39m: [35m[0mGET /api/admin/complaints/department/WATER [36m304[0m 9.827 ms - -[0m[39m
2026-02-19 13:48:59:4859 [35mhttp[39m: [35m[0mGET /api/admin/complaints/department/WATER [36m304[0m 9.754 ms - -[0m[39m
2026-02-19 13:48:59:4859 [35mhttp[39m: [35m[0mGET /api/admin/complaints/department/SANITATION [36m304[0m 11.803 ms - -[0m[39m
2026-02-19 13:49:00:490 [35mhttp[39m: [35m[0mGET /api/admin/complaints/department/SANITATION [36m304[0m 8.942 ms - -[0m[39m
2026-02-19 13:49:00:490 [35mhttp[39m: [35m[0mGET /api/admin/complaints/department/PUBLIC_PROPERTY [36m304[0m 7.431 ms - -[0m[39m
2026-02-19 13:49:00:490 [35mhttp[39m: [35m[0mGET /api/admin/complaints/department/PUBLIC_PROPERTY [36m304[0m 8.732 ms - -[0m[39m
2026-02-19 13:49:00:490 [35mhttp[39m: [35m[0mGET /api/admin/complaints/department/E_WASTE [36m304[0m 10.680 ms - -[0m[39m
2026-02-19 13:49:00:490 [35mhttp[39m: [35m[0mGET /api/admin/complaints/department/E_WASTE [36m304[0m 13.356 ms - -[0m[39m
2026-02-19 13:49:00:490 [35mhttp[39m: [35m[0mGET /api/admin/complaints/department/SECURITY [36m304[0m 7.847 ms - -[0m[39m
2026-02-19 13:49:00:490 [35mhttp[39m: [35m[0mGET /api/admin/complaints/department/SECURITY [36m304[0m 7.589 ms - -[0m[39m
2026-02-19 13:49:00:490 [35mhttp[39m: [35m[0mGET /api/admin/complaints/department/HEALTH [36m304[0m 8.623 ms - -[0m[39m
2026-02-19 13:49:00:490 [35mhttp[39m: [35m[0mGET /api/admin/complaints/department/HEALTH [36m304[0m 9.816 ms - -[0m[39m
2026-02-19 13:49:00:490 [35mhttp[39m: [35m[0mGET /api/admin/complaints/department/ENVIRONMENT [36m304[0m 10.450 ms - -[0m[39m
2026-02-19 13:49:00:490 [35mhttp[39m: [35m[0mGET /api/admin/complaints/department/ENVIRONMENT [36m304[0m 9.240 ms - -[0m[39m
2026-02-19 13:49:00:490 [35mhttp[39m: [35m[0mGET /api/admin/complaints/department/TRANSPORT [36m304[0m 10.221 ms - -[0m[39m
2026-02-19 13:49:00:490 [35mhttp[39m: [35m[0mGET /api/admin/complaints/department/TRANSPORT [36m304[0m 8.810 ms - -[0m[39m
2026-02-19 13:49:00:490 [35mhttp[39m: [35m[0mGET /api/admin/complaints/department/EDUCATION [36m304[0m 11.165 ms - -[0m[39m
2026-02-19 13:49:01:491 [35mhttp[39m: [35m[0mGET /api/admin/complaints/department/EDUCATION [36m304[0m 7.980 ms - -[0m[39m
2026-02-19 13:49:28:4928 [35mhttp[39m: [35m[0mGET /api/admin/complaints/department/WASTE_MANAGEMENT [36m304[0m 15.853 ms - -[0m[39m
2026-02-19 13:49:40:4940 [35mhttp[39m: [35m[0mPOST /api/admin/assign-team [32m200[0m 64.609 ms - 27851[0m[39m
2026-02-19 13:49:43:4943 [35mhttp[39m: [35m[0mGET /api/admin/complaints/department/WASTE_MANAGEMENT [32m200[0m 32.941 ms - 29133[0m[39m
2026-02-19 13:50:38:5038 [35mhttp[39m: [35m[0mGET /api/auth/logout [36m304[0m 0.669 ms - -[0m[39m
2026-02-19 13:50:55:5055 [35mhttp[39m: [35m[0mPOST /api/auth/login [32m200[0m 252.828 ms - 326[0m[39m
2026-02-19 13:50:55:5055 [31merror[39m: [31m403 - Not authorized to access these complaints - /api/complaints/user/undefined - GET - ::1[39m
2026-02-19 13:50:55:5055 [31merror[39m: [31mError: Not authorized to access these complaints[39m
[31m    at file:///C:/Users/acer/civiccare-smart-city-portal/backend/src/controllers/complaintController.js:45:17[39m
[31m    at file:///C:/Users/acer/civiccare-smart-city-portal/backend/src/utils/errorUtils.js:5:19[39m
[31m    at Layer.handle [as handle_request] (C:\Users\acer\civiccare-smart-city-portal\backend\node_modules\express\lib\router\layer.js:95:5)[39m
[31m    at next (C:\Users\acer\civiccare-smart-city-portal\backend\node_modules\express\lib\router\route.js:149:13)[39m
[31m    at protect (file:///C:/Users/acer/civiccare-smart-city-portal/backend/src/middleware/auth.js:29:5)[39m
[31m    at process.processTicksAndRejections (node:internal/process/task_queues:105:5)[39m
2026-02-19 13:50:55:5055 [35mhttp[39m: [35m[0mGET /api/complaints/user/undefined [33m403[0m 6.352 ms - 71[0m[39m
2026-02-19 13:50:55:5055 [31merror[39m: [31m403 - Not authorized to access these complaints - /api/complaints/user/undefined - GET - ::1[39m
2026-02-19 13:50:55:5055 [31merror[39m: [31mError: Not authorized to access these complaints[39m
[31m    at file:///C:/Users/acer/civiccare-smart-city-portal/backend/src/controllers/complaintController.js:45:17[39m
[31m    at file:///C:/Users/acer/civiccare-smart-city-portal/backend/src/utils/errorUtils.js:5:19[39m
[31m    at Layer.handle [as handle_request] (C:\Users\acer\civiccare-smart-city-portal\backend\node_modules\express\lib\router\layer.js:95:5)[39m
[31m    at next (C:\Users\acer\civiccare-smart-city-portal\backend\node_modules\express\lib\router\route.js:149:13)[39m
[31m    at protect (file:///C:/Users/acer/civiccare-smart-city-portal/backend/src/middleware/auth.js:29:5)[39m
[31m    at process.processTicksAndRejections (node:internal/process/task_queues:105:5)[39m
2026-02-19 13:50:55:5055 [35mhttp[39m: [35m[0mGET /api/complaints/user/undefined [33m403[0m 10.623 ms - 71[0m[39m
2026-02-19 13:51:10:5110 [31merror[39m: [31m403 - Not authorized to access these complaints - /api/complaints/user/undefined?status=ASSIGNED - GET - ::1[39m
2026-02-19 13:51:10:5110 [31merror[39m: [31mError: Not authorized to access these complaints[39m
[31m    at file:///C:/Users/acer/civiccare-smart-city-portal/backend/src/controllers/complaintController.js:45:17[39m
[31m    at file:///C:/Users/acer/civiccare-smart-city-portal/backend/src/utils/errorUtils.js:5:19[39m
[31m    at Layer.handle [as handle_request] (C:\Users\acer\civiccare-smart-city-portal\backend\node_modules\express\lib\router\layer.js:95:5)[39m
[31m    at next (C:\Users\acer\civiccare-smart-city-portal\backend\node_modules\express\lib\router\route.js:149:13)[39m
[31m    at protect (file:///C:/Users/acer/civiccare-smart-city-portal/backend/src/middleware/auth.js:29:5)[39m
[31m    at process.processTicksAndRejections (node:internal/process/task_queues:105:5)[39m
2026-02-19 13:51:10:5110 [35mhttp[39m: [35m[0mGET /api/complaints/user/undefined?status=ASSIGNED [33m403[0m 7.817 ms - 71[0m[39m
2026-02-19 14:05:10:510 [35mhttp[39m: [35m[0mGET /api/auth/logout [36m304[0m 0.799 ms - -[0m[39m
2026-02-22 16:54:30:5430 [32minfo[39m: [32mMongoDB Connected: localhost[39m
2026-02-22 16:54:30:5430 [32minfo[39m: [32mServer running on port 5000[39m
2026-02-22 16:54:30:5430 [32minfo[39m: [32mEnvironment: development[39m
2026-02-22 16:55:00:550 [35mhttp[39m: [35m[0mPOST /api/auth/admin-login [32m200[0m 576.878 ms - 350[0m[39m
2026-02-22 16:55:01:551 [35mhttp[39m: [35m[0mGET /api/setup/teams/by-category/WASTE_MANAGEMENT [32m200[0m 78.441 ms - 753[0m[39m
2026-02-22 16:55:01:551 [35mhttp[39m: [35m[0mGET /api/setup/teams/by-category/WASTE_MANAGEMENT [36m304[0m 72.778 ms - -[0m[39m
2026-02-22 16:55:01:551 [35mhttp[39m: [35m[0mGET /api/setup/teams/by-category/WASTE_MANAGEMENT [36m304[0m 13.379 ms - -[0m[39m
2026-02-22 16:55:01:551 [35mhttp[39m: [35m[0mGET /api/admin/complaints/department/WASTE_MANAGEMENT [32m200[0m 226.057 ms - 29133[0m[39m
2026-02-22 16:55:01:551 [35mhttp[39m: [35m[0mGET /api/setup/ward-offices [32m200[0m 124.489 ms - 1347[0m[39m
2026-02-22 16:55:01:551 [35mhttp[39m: [35m[0mGET /api/admin/complaints/department/WASTE_MANAGEMENT [36m304[0m 49.211 ms - -[0m[39m
2026-02-22 16:55:01:551 [35mhttp[39m: [35m[0mGET /api/setup/ward-offices [36m304[0m 39.626 ms - -[0m[39m
2026-02-22 16:55:01:551 [35mhttp[39m: [35m[0mGET /api/admin/complaints/department/WASTE_MANAGEMENT [36m304[0m 50.061 ms - -[0m[39m
2026-02-22 16:55:01:551 [35mhttp[39m: [35m[0mGET /api/setup/ward-offices [36m304[0m 36.671 ms - -[0m[39m
2026-02-22 16:55:01:551 [35mhttp[39m: [35m[0mGET /api/admin/complaints/department/WASTE_MANAGEMENT [36m304[0m 26.848 ms - -[0m[39m
2026-02-22 16:55:01:551 [35mhttp[39m: [35m[0mGET /api/admin/complaints/department/WASTE_MANAGEMENT [36m304[0m 65.998 ms - -[0m[39m
2026-02-22 16:55:03:553 [35mhttp[39m: [35m[0mGET /api/admin/complaints/department/POTHOLES [32m200[0m 14.505 ms - 779[0m[39m
2026-02-22 16:55:03:553 [35mhttp[39m: [35m[0mGET /api/admin/complaints/department/POTHOLES [36m304[0m 24.237 ms - -[0m[39m
2026-02-22 16:55:03:553 [35mhttp[39m: [35m[0mGET /api/admin/complaints/department/ELECTRICITY [32m200[0m 19.237 ms - 780[0m[39m
2026-02-22 16:55:03:553 [35mhttp[39m: [35m[0mGET /api/admin/complaints/department/ELECTRICITY [36m304[0m 21.127 ms - -[0m[39m
2026-02-22 16:55:03:553 [35mhttp[39m: [35m[0mGET /api/admin/complaints/department/WATER [32m200[0m 12.811 ms - 154[0m[39m
2026-02-22 16:55:03:553 [35mhttp[39m: [35m[0mGET /api/admin/complaints/department/WATER [36m304[0m 12.108 ms - -[0m[39m
2026-02-22 16:55:03:553 [35mhttp[39m: [35m[0mGET /api/admin/complaints/department/SANITATION [32m200[0m 7.448 ms - 159[0m[39m
2026-02-22 16:55:03:553 [35mhttp[39m: [35m[0mGET /api/admin/complaints/department/SANITATION [36m304[0m 15.052 ms - -[0m[39m
2026-02-22 16:55:03:553 [35mhttp[39m: [35m[0mGET /api/admin/complaints/department/PUBLIC_PROPERTY [32m200[0m 10.916 ms - 164[0m[39m
2026-02-22 16:55:03:553 [35mhttp[39m: [35m[0mGET /api/admin/complaints/department/PUBLIC_PROPERTY [36m304[0m 11.386 ms - -[0m[39m
2026-02-22 16:55:04:554 [35mhttp[39m: [35m[0mGET /api/admin/complaints/department/E_WASTE [32m200[0m 16.374 ms - 766[0m[39m
2026-02-22 16:55:04:554 [35mhttp[39m: [35m[0mGET /api/admin/complaints/department/E_WASTE [36m304[0m 15.343 ms - -[0m[39m
2026-02-22 16:55:04:554 [35mhttp[39m: [35m[0mGET /api/admin/complaints/department/SECURITY [32m200[0m 15.144 ms - 157[0m[39m
2026-02-22 16:55:04:554 [35mhttp[39m: [35m[0mGET /api/admin/complaints/department/SECURITY [36m304[0m 15.749 ms - -[0m[39m
2026-02-22 16:55:04:554 [35mhttp[39m: [35m[0mGET /api/admin/complaints/department/HEALTH [32m200[0m 13.550 ms - 155[0m[39m
2026-02-22 16:55:04:554 [35mhttp[39m: [35m[0mGET /api/admin/complaints/department/HEALTH [36m304[0m 18.170 ms - -[0m[39m
2026-02-22 16:55:04:554 [35mhttp[39m: [35m[0mGET /api/admin/complaints/department/ENVIRONMENT [32m200[0m 12.199 ms - 160[0m[39m
2026-02-22 16:55:04:554 [35mhttp[39m: [35m[0mGET /api/admin/complaints/department/ENVIRONMENT [36m304[0m 15.041 ms - -[0m[39m
2026-02-22 16:55:04:554 [35mhttp[39m: [35m[0mGET /api/admin/complaints/department/TRANSPORT [32m200[0m 8.583 ms - 158[0m[39m
2026-02-22 16:55:04:554 [35mhttp[39m: [35m[0mGET /api/admin/complaints/department/TRANSPORT [36m304[0m 9.645 ms - -[0m[39m
2026-02-22 16:55:04:554 [35mhttp[39m: [35m[0mGET /api/admin/complaints/department/EDUCATION [32m200[0m 8.649 ms - 158[0m[39m
2026-02-22 16:55:04:554 [35mhttp[39m: [35m[0mGET /api/admin/complaints/department/EDUCATION [36m304[0m 37.239 ms - -[0m[39m
2026-02-22 17:13:49:1349 [35mhttp[39m: [35m[0mGET /api/admin/complaints/department/WASTE_MANAGEMENT [36m304[0m 13.077 ms - -[0m[39m
2026-02-22 17:13:49:1349 [35mhttp[39m: [35m[0mGET /api/admin/complaints/department/WASTE_MANAGEMENT [36m304[0m 10.203 ms - -[0m[39m
2026-02-22 17:13:50:1350 [35mhttp[39m: [35m[0mGET /api/admin/complaints/department/POTHOLES [36m304[0m 9.793 ms - -[0m[39m
2026-02-22 17:13:50:1350 [35mhttp[39m: [35m[0mGET /api/admin/complaints/department/POTHOLES [36m304[0m 6.524 ms - -[0m[39m
2026-02-22 17:13:51:1351 [35mhttp[39m: [35m[0mGET /api/admin/complaints/department/ELECTRICITY [36m304[0m 4.275 ms - -[0m[39m
2026-02-22 17:13:51:1351 [35mhttp[39m: [35m[0mGET /api/admin/complaints/department/ELECTRICITY [36m304[0m 4.428 ms - -[0m[39m
2026-02-22 17:13:52:1352 [35mhttp[39m: [35m[0mGET /api/admin/complaints/department/WATER [36m304[0m 5.438 ms - -[0m[39m
2026-02-22 17:13:52:1352 [35mhttp[39m: [35m[0mGET /api/admin/complaints/department/WATER [36m304[0m 4.087 ms - -[0m[39m
2026-02-22 17:13:53:1353 [35mhttp[39m: [35m[0mGET /api/admin/complaints/department/SANITATION [36m304[0m 5.941 ms - -[0m[39m
2026-02-22 17:13:53:1353 [35mhttp[39m: [35m[0mGET /api/admin/complaints/department/SANITATION [36m304[0m 5.391 ms - -[0m[39m
2026-02-22 17:13:54:1354 [35mhttp[39m: [35m[0mGET /api/admin/complaints/department/PUBLIC_PROPERTY [36m304[0m 3.935 ms - -[0m[39m
2026-02-22 17:13:54:1354 [35mhttp[39m: [35m[0mGET /api/admin/complaints/department/PUBLIC_PROPERTY [36m304[0m 5.381 ms - -[0m[39m
2026-02-22 17:13:55:1355 [35mhttp[39m: [35m[0mGET /api/admin/complaints/department/E_WASTE [36m304[0m 8.191 ms - -[0m[39m
2026-02-22 17:13:55:1355 [35mhttp[39m: [35m[0mGET /api/admin/complaints/department/E_WASTE [36m304[0m 7.436 ms - -[0m[39m
2026-02-22 17:13:56:1356 [35mhttp[39m: [35m[0mGET /api/admin/complaints/department/SECURITY [36m304[0m 3.785 ms - -[0m[39m
2026-02-22 17:13:56:1356 [35mhttp[39m: [35m[0mGET /api/admin/complaints/department/SECURITY [36m304[0m 4.636 ms - -[0m[39m
2026-02-22 17:13:57:1357 [35mhttp[39m: [35m[0mGET /api/admin/complaints/department/HEALTH [36m304[0m 7.128 ms - -[0m[39m
2026-02-22 17:13:57:1357 [35mhttp[39m: [35m[0mGET /api/admin/complaints/department/HEALTH [36m304[0m 8.161 ms - -[0m[39m
2026-02-22 17:13:58:1358 [35mhttp[39m: [35m[0mGET /api/admin/complaints/department/ENVIRONMENT [36m304[0m 7.563 ms - -[0m[39m
2026-02-22 17:13:58:1358 [35mhttp[39m: [35m[0mGET /api/admin/complaints/department/ENVIRONMENT [36m304[0m 3.622 ms - -[0m[39m
2026-02-22 17:13:59:1359 [35mhttp[39m: [35m[0mGET /api/admin/complaints/department/TRANSPORT [36m304[0m 15.481 ms - -[0m[39m
2026-02-22 17:13:59:1359 [35mhttp[39m: [35m[0mGET /api/admin/complaints/department/TRANSPORT [36m304[0m 3.843 ms - -[0m[39m
2026-02-22 17:14:00:140 [35mhttp[39m: [35m[0mGET /api/admin/complaints/department/EDUCATION [36m304[0m 6.417 ms - -[0m[39m
2026-02-22 17:14:00:140 [35mhttp[39m: [35m[0mGET /api/admin/complaints/department/EDUCATION [36m304[0m 5.209 ms - -[0m[39m
2026-02-22 17:17:11:1711 [35mhttp[39m: [35m[0mGET /api/admin/complaints/department/WASTE_MANAGEMENT [36m304[0m 26.526 ms - -[0m[39m
2026-02-22 17:17:11:1711 [35mhttp[39m: [35m[0mGET /api/admin/complaints/department/WASTE_MANAGEMENT [36m304[0m 21.285 ms - -[0m[39m
2026-02-22 17:17:11:1711 [35mhttp[39m: [35m[0mGET /api/admin/complaints/department/POTHOLES [36m304[0m 15.092 ms - -[0m[39m
2026-02-22 17:17:11:1711 [35mhttp[39m: [35m[0mGET /api/admin/complaints/department/POTHOLES [36m304[0m 15.565 ms - -[0m[39m
2026-02-22 17:17:11:1711 [35mhttp[39m: [35m[0mGET /api/admin/complaints/department/ELECTRICITY [36m304[0m 17.904 ms - -[0m[39m
2026-02-22 17:17:11:1711 [35mhttp[39m: [35m[0mGET /api/admin/complaints/department/ELECTRICITY [36m304[0m 17.145 ms - -[0m[39m
2026-02-22 17:17:11:1711 [35mhttp[39m: [35m[0mGET /api/admin/complaints/department/WATER [36m304[0m 11.398 ms - -[0m[39m
2026-02-22 17:17:11:1711 [35mhttp[39m: [35m[0mGET /api/admin/complaints/department/WATER [36m304[0m 12.074 ms - -[0m[39m
2026-02-22 17:17:12:1712 [35mhttp[39m: [35m[0mGET /api/admin/complaints/department/SANITATION [36m304[0m 10.147 ms - -[0m[39m
2026-02-22 17:17:12:1712 [35mhttp[39m: [35m[0mGET /api/admin/complaints/department/SANITATION [36m304[0m 8.910 ms - -[0m[39m
2026-02-22 17:17:12:1712 [35mhttp[39m: [35m[0mGET /api/admin/complaints/department/PUBLIC_PROPERTY [36m304[0m 18.218 ms - -[0m[39m
2026-02-22 17:17:12:1712 [35mhttp[39m: [35m[0mGET /api/admin/complaints/department/PUBLIC_PROPERTY [36m304[0m 12.916 ms - -[0m[39m
2026-02-22 17:17:12:1712 [35mhttp[39m: [35m[0mGET /api/admin/complaints/department/E_WASTE [36m304[0m 19.037 ms - -[0m[39m
2026-02-22 17:17:12:1712 [35mhttp[39m: [35m[0mGET /api/admin/complaints/department/E_WASTE [36m304[0m 15.111 ms - -[0m[39m
2026-02-22 17:17:12:1712 [35mhttp[39m: [35m[0mGET /api/admin/complaints/department/SECURITY [36m304[0m 12.297 ms - -[0m[39m
2026-02-22 17:17:12:1712 [35mhttp[39m: [35m[0mGET /api/admin/complaints/department/SECURITY [36m304[0m 12.467 ms - -[0m[39m
2026-02-22 17:17:12:1712 [35mhttp[39m: [35m[0mGET /api/admin/complaints/department/HEALTH [36m304[0m 9.800 ms - -[0m[39m
2026-02-22 17:17:12:1712 [35mhttp[39m: [35m[0mGET /api/admin/complaints/department/HEALTH [36m304[0m 8.333 ms - -[0m[39m
2026-02-22 17:17:12:1712 [35mhttp[39m: [35m[0mGET /api/admin/complaints/department/ENVIRONMENT [36m304[0m 9.667 ms - -[0m[39m
2026-02-22 17:17:12:1712 [35mhttp[39m: [35m[0mGET /api/admin/complaints/department/ENVIRONMENT [36m304[0m 9.453 ms - -[0m[39m
2026-02-22 17:17:12:1712 [35mhttp[39m: [35m[0mGET /api/admin/complaints/department/TRANSPORT [36m304[0m 8.666 ms - -[0m[39m
2026-02-22 17:17:12:1712 [35mhttp[39m: [35m[0mGET /api/admin/complaints/department/TRANSPORT [36m304[0m 9.729 ms - -[0m[39m
2026-02-22 17:17:13:1713 [35mhttp[39m: [35m[0mGET /api/admin/complaints/department/EDUCATION [36m304[0m 9.244 ms - -[0m[39m
2026-02-22 17:17:13:1713 [35mhttp[39m: [35m[0mGET /api/admin/complaints/department/EDUCATION [36m304[0m 9.448 ms - -[0m[39m
2026-02-22 17:17:17:1717 [35mhttp[39m: [35m[0mGET /api/setup/teams/by-category/POTHOLES [32m200[0m 24.383 ms - 27[0m[39m
2026-02-22 17:17:17:1717 [35mhttp[39m: [35m[0mGET /api/setup/ward-offices [36m304[0m 20.209 ms - -[0m[39m
2026-02-22 17:17:17:1717 [35mhttp[39m: [35m[0mGET /api/admin/complaints/department/POTHOLES [36m304[0m 33.983 ms - -[0m[39m
2026-02-22 17:17:17:1717 [35mhttp[39m: [35m[0mGET /api/setup/teams/by-category/POTHOLES [36m304[0m 24.106 ms - -[0m[39m
2026-02-22 17:17:17:1717 [35mhttp[39m: [35m[0mGET /api/setup/ward-offices [36m304[0m 24.930 ms - -[0m[39m
2026-02-22 17:17:17:1717 [35mhttp[39m: [35m[0mGET /api/admin/complaints/department/POTHOLES [36m304[0m 22.716 ms - -[0m[39m
2026-02-22 17:17:35:1735 [35mhttp[39m: [35m[0mGET /api/auth/logout [32m200[0m 2.059 ms - 52[0m[39m
2026-02-22 17:17:44:1744 [35mhttp[39m: [35m[0mPOST /api/auth/admin-login [32m200[0m 310.746 ms - 343[0m[39m
2026-02-22 17:17:44:1744 [35mhttp[39m: [35m[0mGET /api/admin/complaints/department/WASTE_MANAGEMENT [36m304[0m 32.742 ms - -[0m[39m
2026-02-22 17:17:44:1744 [35mhttp[39m: [35m[0mGET /api/admin/complaints/department/WASTE_MANAGEMENT [36m304[0m 19.738 ms - -[0m[39m
2026-02-22 17:17:44:1744 [35mhttp[39m: [35m[0mGET /api/admin/complaints/department/POTHOLES [36m304[0m 12.304 ms - -[0m[39m
2026-02-22 17:17:44:1744 [35mhttp[39m: [35m[0mGET /api/admin/complaints/department/POTHOLES [36m304[0m 13.911 ms - -[0m[39m
2026-02-22 17:17:44:1744 [35mhttp[39m: [35m[0mGET /api/admin/complaints/department/ELECTRICITY [36m304[0m 13.497 ms - -[0m[39m
2026-02-22 17:17:44:1744 [35mhttp[39m: [35m[0mGET /api/admin/complaints/department/ELECTRICITY [36m304[0m 17.055 ms - -[0m[39m
2026-02-22 17:17:44:1744 [35mhttp[39m: [35m[0mGET /api/admin/complaints/department/WATER [36m304[0m 10.377 ms - -[0m[39m
2026-02-22 17:17:44:1744 [35mhttp[39m: [35m[0mGET /api/admin/complaints/department/WATER [36m304[0m 10.921 ms - -[0m[39m
2026-02-22 17:17:44:1744 [35mhttp[39m: [35m[0mGET /api/admin/complaints/department/SANITATION [36m304[0m 10.198 ms - -[0m[39m
2026-02-22 17:17:44:1744 [35mhttp[39m: [35m[0mGET /api/admin/complaints/department/SANITATION [36m304[0m 8.359 ms - -[0m[39m
2026-02-22 17:17:44:1744 [35mhttp[39m: [35m[0mGET /api/admin/complaints/department/PUBLIC_PROPERTY [36m304[0m 11.855 ms - -[0m[39m
2026-02-22 17:17:44:1744 [35mhttp[39m: [35m[0mGET /api/admin/complaints/department/PUBLIC_PROPERTY [36m304[0m 7.881 ms - -[0m[39m
2026-02-22 17:17:45:1745 [35mhttp[39m: [35m[0mGET /api/admin/complaints/department/E_WASTE [36m304[0m 14.880 ms - -[0m[39m
2026-02-22 17:17:45:1745 [35mhttp[39m: [35m[0mGET /api/admin/complaints/department/E_WASTE [36m304[0m 15.347 ms - -[0m[39m
2026-02-22 17:17:45:1745 [35mhttp[39m: [35m[0mGET /api/admin/complaints/department/SECURITY [36m304[0m 9.045 ms - -[0m[39m
2026-02-22 17:17:45:1745 [35mhttp[39m: [35m[0mGET /api/admin/complaints/department/SECURITY [36m304[0m 11.403 ms - -[0m[39m
2026-02-22 17:17:45:1745 [35mhttp[39m: [35m[0mGET /api/admin/complaints/department/HEALTH [36m304[0m 9.148 ms - -[0m[39m
2026-02-22 17:17:45:1745 [35mhttp[39m: [35m[0mGET /api/admin/complaints/department/HEALTH [36m304[0m 9.440 ms - -[0m[39m
2026-02-22 17:17:45:1745 [35mhttp[39m: [35m[0mGET /api/admin/complaints/department/ENVIRONMENT [36m304[0m 10.435 ms - -[0m[39m
2026-02-22 17:17:45:1745 [35mhttp[39m: [35m[0mGET /api/admin/complaints/department/ENVIRONMENT [36m304[0m 10.793 ms - -[0m[39m
2026-02-22 17:17:45:1745 [35mhttp[39m: [35m[0mGET /api/admin/complaints/department/TRANSPORT [36m304[0m 8.982 ms - -[0m[39m
2026-02-22 17:17:45:1745 [35mhttp[39m: [35m[0mGET /api/admin/complaints/department/TRANSPORT [36m304[0m 10.354 ms - -[0m[39m
2026-02-22 17:17:45:1745 [35mhttp[39m: [35m[0mGET /api/admin/complaints/department/EDUCATION [36m304[0m 9.697 ms - -[0m[39m
2026-02-22 17:17:45:1745 [35mhttp[39m: [35m[0mGET /api/admin/complaints/department/EDUCATION [36m304[0m 7.678 ms - -[0m[39m
2026-02-22 17:18:03:183 [35mhttp[39m: [35m[0mGET /api/admin/complaints/department/WATER [36m304[0m 20.089 ms - -[0m[39m
2026-02-22 17:18:03:183 [35mhttp[39m: [35m[0mGET /api/setup/ward-offices [36m304[0m 17.384 ms - -[0m[39m
2026-02-22 17:18:03:183 [35mhttp[39m: [35m[0mGET /api/setup/teams/by-category/WATER [32m200[0m 15.044 ms - 27[0m[39m
2026-02-22 17:18:03:183 [35mhttp[39m: [35m[0mGET /api/admin/complaints/department/WATER [36m304[0m 17.932 ms - -[0m[39m
2026-02-22 17:18:03:183 [35mhttp[39m: [35m[0mGET /api/setup/ward-offices [36m304[0m 18.735 ms - -[0m[39m
2026-02-22 17:18:03:183 [35mhttp[39m: [35m[0mGET /api/setup/teams/by-category/WATER [36m304[0m 16.652 ms - -[0m[39m
2026-02-22 17:18:14:1814 [35mhttp[39m: [35m[0mGET /api/complaints [32m200[0m 104.907 ms - 29070[0m[39m
2026-02-22 17:18:14:1814 [35mhttp[39m: [35m[0mGET /api/complaints [36m304[0m 29.711 ms - -[0m[39m
2026-02-22 17:18:14:1814 [35mhttp[39m: [35m[0mGET /api/complaints/stats/overview [32m200[0m 67.250 ms - 340[0m[39m
2026-02-22 17:18:15:1815 [35mhttp[39m: [35m[0mGET /api/complaints/stats/overview [32m200[0m 29.530 ms - 340[0m[39m
2026-02-22 17:18:19:1819 [35mhttp[39m: [35m[0mGET /api/complaints [36m304[0m 30.352 ms - -[0m[39m
2026-02-22 17:18:20:1820 [35mhttp[39m: [35m[0mGET /api/complaints [36m304[0m 35.634 ms - -[0m[39m
2026-02-22 17:18:20:1820 [35mhttp[39m: [35m[0mGET /api/complaints/stats/overview [32m200[0m 46.651 ms - 340[0m[39m
2026-02-22 17:18:20:1820 [35mhttp[39m: [35m[0mGET /api/complaints/stats/overview [32m200[0m 32.058 ms - 340[0m[39m
2026-02-22 17:18:55:1855 [35mhttp[39m: [35m[0mGET /api/complaints [36m304[0m 21.408 ms - -[0m[39m
2026-02-22 17:18:55:1855 [35mhttp[39m: [35m[0mGET /api/complaints [36m304[0m 33.109 ms - -[0m[39m
2026-02-22 17:18:55:1855 [35mhttp[39m: [35m[0mGET /api/complaints/stats/overview [32m200[0m 44.315 ms - 340[0m[39m
2026-02-22 17:18:55:1855 [35mhttp[39m: [35m[0mGET /api/complaints/stats/overview [32m200[0m 27.865 ms - 340[0m[39m
2026-02-22 17:32:03:323 [35mhttp[39m: [35m[0mGET /api/admin/complaints/department/WASTE_MANAGEMENT [36m304[0m 27.455 ms - -[0m[39m
2026-02-22 17:32:03:323 [35mhttp[39m: [35m[0mGET /api/admin/complaints/department/WASTE_MANAGEMENT [36m304[0m 27.282 ms - -[0m[39m
2026-02-22 17:32:03:323 [35mhttp[39m: [35m[0mGET /api/admin/complaints/department/POTHOLES [36m304[0m 7.821 ms - -[0m[39m
2026-02-22 17:32:03:323 [35mhttp[39m: [35m[0mGET /api/admin/complaints/department/POTHOLES [36m304[0m 9.569 ms - -[0m[39m
2026-02-22 17:32:03:323 [35mhttp[39m: [35m[0mGET /api/admin/complaints/department/ELECTRICITY [36m304[0m 9.162 ms - -[0m[39m
2026-02-22 17:32:03:323 [35mhttp[39m: [35m[0mGET /api/admin/complaints/department/ELECTRICITY [36m304[0m 8.224 ms - -[0m[39m
2026-02-22 17:32:03:323 [35mhttp[39m: [35m[0mGET /api/admin/complaints/department/WATER [36m304[0m 4.672 ms - -[0m[39m
2026-02-22 17:32:03:323 [35mhttp[39m: [35m[0mGET /api/admin/complaints/department/WATER [36m304[0m 4.303 ms - -[0m[39m
2026-02-22 17:32:03:323 [35mhttp[39m: [35m[0mGET /api/admin/complaints/department/SANITATION [36m304[0m 4.647 ms - -[0m[39m
2026-02-22 17:32:03:323 [35mhttp[39m: [35m[0mGET /api/admin/complaints/department/SANITATION [36m304[0m 4.935 ms - -[0m[39m
2026-02-22 17:32:03:323 [35mhttp[39m: [35m[0mGET /api/admin/complaints/department/PUBLIC_PROPERTY [36m304[0m 3.688 ms - -[0m[39m
2026-02-22 17:32:03:323 [35mhttp[39m: [35m[0mGET /api/admin/complaints/department/PUBLIC_PROPERTY [36m304[0m 4.671 ms - -[0m[39m
2026-02-22 17:32:04:324 [35mhttp[39m: [35m[0mGET /api/admin/complaints/department/E_WASTE [36m304[0m 7.320 ms - -[0m[39m
2026-02-22 17:32:04:324 [35mhttp[39m: [35m[0mGET /api/admin/complaints/department/E_WASTE [36m304[0m 8.740 ms - -[0m[39m
2026-02-22 17:32:04:324 [35mhttp[39m: [35m[0mGET /api/admin/complaints/department/SECURITY [36m304[0m 4.515 ms - -[0m[39m
2026-02-22 17:32:04:324 [35mhttp[39m: [35m[0mGET /api/admin/complaints/department/SECURITY [36m304[0m 4.378 ms - -[0m[39m
2026-02-22 17:32:04:324 [35mhttp[39m: [35m[0mGET /api/admin/complaints/department/HEALTH [36m304[0m 4.814 ms - -[0m[39m
2026-02-22 17:32:04:324 [35mhttp[39m: [35m[0mGET /api/admin/complaints/department/HEALTH [36m304[0m 4.821 ms - -[0m[39m
2026-02-22 17:32:04:324 [35mhttp[39m: [35m[0mGET /api/admin/complaints/department/ENVIRONMENT [36m304[0m 3.613 ms - -[0m[39m
2026-02-22 17:32:04:324 [35mhttp[39m: [35m[0mGET /api/admin/complaints/department/ENVIRONMENT [36m304[0m 3.631 ms - -[0m[39m
2026-02-22 17:32:04:324 [35mhttp[39m: [35m[0mGET /api/admin/complaints/department/TRANSPORT [36m304[0m 2.819 ms - -[0m[39m
2026-02-22 17:32:04:324 [35mhttp[39m: [35m[0mGET /api/admin/complaints/department/TRANSPORT [36m304[0m 5.893 ms - -[0m[39m
2026-02-22 17:32:04:324 [35mhttp[39m: [35m[0mGET /api/admin/complaints/department/EDUCATION [36m304[0m 4.504 ms - -[0m[39m
2026-02-22 17:32:04:324 [35mhttp[39m: [35m[0mGET /api/admin/complaints/department/EDUCATION [36m304[0m 2.881 ms - -[0m[39m
2026-02-22 17:32:18:3218 [35mhttp[39m: [35m[0mGET /api/setup/teams/by-category/POTHOLES [36m304[0m 19.330 ms - -[0m[39m
2026-02-22 17:32:18:3218 [35mhttp[39m: [35m[0mGET /api/setup/ward-offices [36m304[0m 17.415 ms - -[0m[39m
2026-02-22 17:32:18:3218 [35mhttp[39m: [35m[0mGET /api/admin/complaints/department/POTHOLES [36m304[0m 31.094 ms - -[0m[39m
2026-02-22 17:32:18:3218 [35mhttp[39m: [35m[0mGET /api/setup/teams/by-category/POTHOLES [36m304[0m 17.315 ms - -[0m[39m
2026-02-22 17:32:18:3218 [35mhttp[39m: [35m[0mGET /api/setup/ward-offices [36m304[0m 17.378 ms - -[0m[39m
2026-02-22 17:32:18:3218 [35mhttp[39m: [35m[0mGET /api/admin/complaints/department/POTHOLES [36m304[0m 21.799 ms - -[0m[39m
2026-02-22 17:32:37:3237 [35mhttp[39m: [35m[0mPOST /api/auth/admin-login [32m200[0m 223.681 ms - 350[0m[39m
2026-02-22 17:32:37:3237 [35mhttp[39m: [35m[0mGET /api/admin/complaints/department/WASTE_MANAGEMENT [36m304[0m 25.727 ms - -[0m[39m
2026-02-22 17:32:37:3237 [35mhttp[39m: [35m[0mGET /api/admin/complaints/department/WASTE_MANAGEMENT [36m304[0m 17.382 ms - -[0m[39m
2026-02-22 17:32:37:3237 [35mhttp[39m: [35m[0mGET /api/admin/complaints/department/POTHOLES [36m304[0m 11.123 ms - -[0m[39m
2026-02-22 17:32:37:3237 [35mhttp[39m: [35m[0mGET /api/admin/complaints/department/POTHOLES [36m304[0m 13.641 ms - -[0m[39m
2026-02-22 17:32:37:3237 [35mhttp[39m: [35m[0mGET /api/admin/complaints/department/ELECTRICITY [36m304[0m 10.986 ms - -[0m[39m
2026-02-22 17:32:37:3237 [35mhttp[39m: [35m[0mGET /api/admin/complaints/department/ELECTRICITY [36m304[0m 11.766 ms - -[0m[39m
2026-02-22 17:32:37:3237 [35mhttp[39m: [35m[0mGET /api/admin/complaints/department/WATER [36m304[0m 8.504 ms - -[0m[39m
2026-02-22 17:32:37:3237 [35mhttp[39m: [35m[0mGET /api/admin/complaints/department/WATER [36m304[0m 7.399 ms - -[0m[39m
2026-02-22 17:32:37:3237 [35mhttp[39m: [35m[0mGET /api/admin/complaints/department/SANITATION [36m304[0m 6.849 ms - -[0m[39m
2026-02-22 17:32:37:3237 [35mhttp[39m: [35m[0mGET /api/admin/complaints/department/SANITATION [36m304[0m 7.551 ms - -[0m[39m
2026-02-22 17:32:37:3237 [35mhttp[39m: [35m[0mGET /api/admin/complaints/department/PUBLIC_PROPERTY [36m304[0m 7.383 ms - -[0m[39m
2026-02-22 17:32:37:3237 [35mhttp[39m: [35m[0mGET /api/admin/complaints/department/PUBLIC_PROPERTY [36m304[0m 7.091 ms - -[0m[39m
2026-02-22 17:32:38:3238 [35mhttp[39m: [35m[0mGET /api/admin/complaints/department/E_WASTE [36m304[0m 11.934 ms - -[0m[39m
2026-02-22 17:32:38:3238 [35mhttp[39m: [35m[0mGET /api/admin/complaints/department/E_WASTE [36m304[0m 11.480 ms - -[0m[39m
2026-02-22 17:32:38:3238 [35mhttp[39m: [35m[0mGET /api/admin/complaints/department/SECURITY [36m304[0m 8.491 ms - -[0m[39m
2026-02-22 17:32:38:3238 [35mhttp[39m: [35m[0mGET /api/admin/complaints/department/SECURITY [36m304[0m 9.340 ms - -[0m[39m
2026-02-22 17:32:38:3238 [35mhttp[39m: [35m[0mGET /api/admin/complaints/department/HEALTH [36m304[0m 9.228 ms - -[0m[39m
2026-02-22 17:32:38:3238 [35mhttp[39m: [35m[0mGET /api/admin/complaints/department/HEALTH [36m304[0m 9.373 ms - -[0m[39m
2026-02-22 17:32:38:3238 [35mhttp[39m: [35m[0mGET /api/admin/complaints/department/ENVIRONMENT [36m304[0m 7.576 ms - -[0m[39m
2026-02-22 17:32:38:3238 [35mhttp[39m: [35m[0mGET /api/admin/complaints/department/ENVIRONMENT [36m304[0m 10.892 ms - -[0m[39m
2026-02-22 17:32:38:3238 [35mhttp[39m: [35m[0mGET /api/admin/complaints/department/TRANSPORT [36m304[0m 7.727 ms - -[0m[39m
2026-02-22 17:32:38:3238 [35mhttp[39m: [35m[0mGET /api/admin/complaints/department/TRANSPORT [36m304[0m 6.071 ms - -[0m[39m
2026-02-22 17:32:38:3238 [35mhttp[39m: [35m[0mGET /api/admin/complaints/department/EDUCATION [36m304[0m 8.057 ms - -[0m[39m
2026-02-22 17:32:38:3238 [35mhttp[39m: [35m[0mGET /api/admin/complaints/department/EDUCATION [36m304[0m 7.254 ms - -[0m[39m
2026-02-22 17:32:39:3239 [35mhttp[39m: [35m[0mGET /api/complaints [32m200[0m 17.679 ms - 722[0m[39m
2026-02-22 17:32:39:3239 [35mhttp[39m: [35m[0mGET /api/complaints [36m304[0m 21.436 ms - -[0m[39m
2026-02-22 17:32:39:3239 [35mhttp[39m: [35m[0mGET /api/complaints/stats/overview [32m200[0m 32.395 ms - 340[0m[39m
2026-02-22 17:32:39:3239 [35mhttp[39m: [35m[0mGET /api/complaints/stats/overview [32m200[0m 28.552 ms - 340[0m[39m
2026-02-22 17:32:41:3241 [35mhttp[39m: [35m[0mGET /api/complaints [36m304[0m 15.359 ms - -[0m[39m
2026-02-22 17:32:41:3241 [35mhttp[39m: [35m[0mGET /api/complaints [36m304[0m 22.520 ms - -[0m[39m
2026-02-22 17:32:41:3241 [35mhttp[39m: [35m[0mGET /api/complaints/stats/overview [32m200[0m 33.651 ms - 340[0m[39m
2026-02-22 17:32:41:3241 [35mhttp[39m: [35m[0mGET /api/complaints/stats/overview [32m200[0m 24.550 ms - 340[0m[39m
2026-02-22 17:40:52:4052 [35mhttp[39m: [35m[0mGET /api/complaints [36m304[0m 16.647 ms - -[0m[39m
2026-02-22 17:40:52:4052 [35mhttp[39m: [35m[0mGET /api/complaints [36m304[0m 21.705 ms - -[0m[39m
2026-02-22 17:40:52:4052 [35mhttp[39m: [35m[0mGET /api/complaints/stats/overview [32m200[0m 51.486 ms - 340[0m[39m
2026-02-22 17:40:52:4052 [35mhttp[39m: [35m[0mGET /api/complaints/stats/overview [32m200[0m 20.859 ms - 340[0m[39m
2026-02-22 17:42:16:4216 [32minfo[39m: [32mMongoDB Connected: localhost[39m
2026-02-22 17:44:31:4431 [35mhttp[39m: [35m[0mPOST /api/auth/admin-login [32m200[0m 215.355 ms - 343[0m[39m
2026-02-22 17:44:31:4431 [35mhttp[39m: [35m[0mGET /api/admin/complaints/department/WASTE_MANAGEMENT [36m304[0m 16.245 ms - -[0m[39m
2026-02-22 17:44:31:4431 [35mhttp[39m: [35m[0mGET /api/admin/complaints/department/WASTE_MANAGEMENT [36m304[0m 17.393 ms - -[0m[39m
2026-02-22 17:44:31:4431 [35mhttp[39m: [35m[0mGET /api/admin/complaints/department/POTHOLES [36m304[0m 10.489 ms - -[0m[39m
2026-02-22 17:44:31:4431 [35mhttp[39m: [35m[0mGET /api/admin/complaints/department/POTHOLES [36m304[0m 9.691 ms - -[0m[39m
2026-02-22 17:44:31:4431 [35mhttp[39m: [35m[0mGET /api/admin/complaints/department/ELECTRICITY [36m304[0m 14.198 ms - -[0m[39m
2026-02-22 17:44:31:4431 [35mhttp[39m: [35m[0mGET /api/admin/complaints/department/ELECTRICITY [36m304[0m 12.905 ms - -[0m[39m
2026-02-22 17:44:31:4431 [35mhttp[39m: [35m[0mGET /api/admin/complaints/department/WATER [36m304[0m 9.838 ms - -[0m[39m
2026-02-22 17:44:31:4431 [35mhttp[39m: [35m[0mGET /api/admin/complaints/department/WATER [36m304[0m 8.692 ms - -[0m[39m
2026-02-22 17:44:31:4431 [35mhttp[39m: [35m[0mGET /api/admin/complaints/department/SANITATION [36m304[0m 9.032 ms - -[0m[39m
2026-02-22 17:44:31:4431 [35mhttp[39m: [35m[0mGET /api/admin/complaints/department/SANITATION [36m304[0m 9.178 ms - -[0m[39m
2026-02-22 17:44:31:4431 [35mhttp[39m: [35m[0mGET /api/admin/complaints/department/PUBLIC_PROPERTY [36m304[0m 7.933 ms - -[0m[39m
2026-02-22 17:44:31:4431 [35mhttp[39m: [35m[0mGET /api/admin/complaints/department/PUBLIC_PROPERTY [36m304[0m 7.071 ms - -[0m[39m
2026-02-22 17:44:32:4432 [35mhttp[39m: [35m[0mGET /api/admin/complaints/department/E_WASTE [36m304[0m 10.609 ms - -[0m[39m
2026-02-22 17:44:32:4432 [35mhttp[39m: [35m[0mGET /api/admin/complaints/department/E_WASTE [36m304[0m 13.700 ms - -[0m[39m
2026-02-22 17:44:32:4432 [35mhttp[39m: [35m[0mGET /api/admin/complaints/department/SECURITY [36m304[0m 9.745 ms - -[0m[39m
2026-02-22 17:44:32:4432 [35mhttp[39m: [35m[0mGET /api/admin/complaints/department/SECURITY [36m304[0m 9.348 ms - -[0m[39m
2026-02-22 17:44:32:4432 [35mhttp[39m: [35m[0mGET /api/admin/complaints/department/HEALTH [36m304[0m 8.871 ms - -[0m[39m
2026-02-22 17:44:32:4432 [35mhttp[39m: [35m[0mGET /api/admin/complaints/department/HEALTH [36m304[0m 6.943 ms - -[0m[39m
2026-02-22 17:44:32:4432 [35mhttp[39m: [35m[0mGET /api/admin/complaints/department/ENVIRONMENT [36m304[0m 8.835 ms - -[0m[39m
2026-02-22 17:44:32:4432 [35mhttp[39m: [35m[0mGET /api/admin/complaints/department/ENVIRONMENT [36m304[0m 5.054 ms - -[0m[39m
2026-02-22 17:44:32:4432 [35mhttp[39m: [35m[0mGET /api/admin/complaints/department/TRANSPORT [36m304[0m 9.285 ms - -[0m[39m
2026-02-22 17:44:32:4432 [35mhttp[39m: [35m[0mGET /api/admin/complaints/department/TRANSPORT [36m304[0m 6.849 ms - -[0m[39m
2026-02-22 17:44:32:4432 [35mhttp[39m: [35m[0mGET /api/admin/complaints/department/EDUCATION [36m304[0m 6.620 ms - -[0m[39m
2026-02-22 17:44:32:4432 [35mhttp[39m: [35m[0mGET /api/admin/complaints/department/EDUCATION [36m304[0m 9.598 ms - -[0m[39m
2026-02-22 17:44:39:4439 [35mhttp[39m: [35m[0mGET /api/admin/complaints/department/ENVIRONMENT [36m304[0m 16.840 ms - -[0m[39m
2026-02-22 17:44:39:4439 [35mhttp[39m: [35m[0mGET /api/setup/teams/by-category/ENVIRONMENT [32m200[0m 15.892 ms - 27[0m[39m
2026-02-22 17:44:39:4439 [35mhttp[39m: [35m[0mGET /api/setup/ward-offices [36m304[0m 19.119 ms - -[0m[39m
2026-02-22 17:44:39:4439 [35mhttp[39m: [35m[0mGET /api/admin/complaints/department/ENVIRONMENT [36m304[0m 20.899 ms - -[0m[39m
2026-02-22 17:44:39:4439 [35mhttp[39m: [35m[0mGET /api/setup/teams/by-category/ENVIRONMENT [36m304[0m 16.046 ms - -[0m[39m
2026-02-22 17:44:39:4439 [35mhttp[39m: [35m[0mGET /api/setup/ward-offices [36m304[0m 12.878 ms - -[0m[39m
2026-02-22 17:44:57:4457 [35mhttp[39m: [35m[0mGET /api/admin/complaints/department/WASTE_MANAGEMENT [36m304[0m 23.328 ms - -[0m[39m
2026-02-22 17:44:57:4457 [35mhttp[39m: [35m[0mGET /api/admin/complaints/department/WASTE_MANAGEMENT [36m304[0m 14.381 ms - -[0m[39m
2026-02-22 17:48:09:489 [35mhttp[39m: [35m[0mPOST /api/auth/admin-login [32m200[0m 290.062 ms - 343[0m[39m
2026-02-22 17:48:09:489 [35mhttp[39m: [35m[0mGET /api/admin/complaints/department/WASTE_MANAGEMENT [32m200[0m 30.278 ms - 29133[0m[39m
2026-02-22 17:48:09:489 [35mhttp[39m: [35m[0mGET /api/admin/complaints/department/WASTE_MANAGEMENT [36m304[0m 23.350 ms - -[0m[39m
2026-02-22 17:48:09:489 [35mhttp[39m: [35m[0mGET /api/admin/complaints/department/POTHOLES [32m200[0m 16.579 ms - 779[0m[39m
2026-02-22 17:48:09:489 [35mhttp[39m: [35m[0mGET /api/admin/complaints/department/POTHOLES [36m304[0m 17.389 ms - -[0m[39m
2026-02-22 17:48:10:4810 [35mhttp[39m: [35m[0mGET /api/admin/complaints/department/ELECTRICITY [32m200[0m 14.837 ms - 780[0m[39m
2026-02-22 17:48:10:4810 [35mhttp[39m: [35m[0mGET /api/admin/complaints/department/ELECTRICITY [36m304[0m 13.239 ms - -[0m[39m
2026-02-22 17:48:10:4810 [35mhttp[39m: [35m[0mGET /api/admin/complaints/department/WATER [32m200[0m 8.026 ms - 154[0m[39m
2026-02-22 17:48:10:4810 [35mhttp[39m: [35m[0mGET /api/admin/complaints/department/WATER [36m304[0m 10.272 ms - -[0m[39m
2026-02-22 17:48:10:4810 [35mhttp[39m: [35m[0mGET /api/admin/complaints/department/SANITATION [32m200[0m 8.557 ms - 159[0m[39m
2026-02-22 17:48:10:4810 [35mhttp[39m: [35m[0mGET /api/admin/complaints/department/SANITATION [36m304[0m 8.109 ms - -[0m[39m
2026-02-22 17:48:10:4810 [35mhttp[39m: [35m[0mGET /api/admin/complaints/department/PUBLIC_PROPERTY [32m200[0m 8.852 ms - 164[0m[39m
2026-02-22 17:48:10:4810 [35mhttp[39m: [35m[0mGET /api/admin/complaints/department/PUBLIC_PROPERTY [36m304[0m 7.575 ms - -[0m[39m
2026-02-22 17:48:10:4810 [35mhttp[39m: [35m[0mGET /api/admin/complaints/department/E_WASTE [32m200[0m 13.249 ms - 766[0m[39m
2026-02-22 17:48:10:4810 [35mhttp[39m: [35m[0mGET /api/admin/complaints/department/E_WASTE [36m304[0m 13.505 ms - -[0m[39m
2026-02-22 17:48:10:4810 [35mhttp[39m: [35m[0mGET /api/admin/complaints/department/SECURITY [32m200[0m 11.791 ms - 157[0m[39m
2026-02-22 17:48:10:4810 [35mhttp[39m: [35m[0mGET /api/admin/complaints/department/SECURITY [36m304[0m 7.476 ms - -[0m[39m
2026-02-22 17:48:10:4810 [35mhttp[39m: [35m[0mGET /api/admin/complaints/department/HEALTH [32m200[0m 11.172 ms - 155[0m[39m
2026-02-22 17:48:10:4810 [35mhttp[39m: [35m[0mGET /api/admin/complaints/department/HEALTH [36m304[0m 7.334 ms - -[0m[39m
2026-02-22 17:48:11:4811 [35mhttp[39m: [35m[0mGET /api/admin/complaints/department/ENVIRONMENT [32m200[0m 9.282 ms - 160[0m[39m
2026-02-22 17:48:11:4811 [35mhttp[39m: [35m[0mGET /api/admin/complaints/department/ENVIRONMENT [36m304[0m 9.397 ms - -[0m[39m
2026-02-22 17:48:11:4811 [35mhttp[39m: [35m[0mGET /api/admin/complaints/department/TRANSPORT [32m200[0m 8.849 ms - 158[0m[39m
2026-02-22 17:48:11:4811 [35mhttp[39m: [35m[0mGET /api/admin/complaints/department/TRANSPORT [36m304[0m 9.065 ms - -[0m[39m
2026-02-22 17:48:11:4811 [35mhttp[39m: [35m[0mGET /api/admin/complaints/department/EDUCATION [32m200[0m 10.371 ms - 158[0m[39m
2026-02-22 17:48:11:4811 [35mhttp[39m: [35m[0mGET /api/admin/complaints/department/EDUCATION [36m304[0m 9.635 ms - -[0m[39m
2026-02-22 17:58:03:583 [32minfo[39m: [32mMongoDB Connected: localhost[39m
2026-02-22 17:58:05:585 [32minfo[39m: [32mMongoDB Connected: localhost[39m
2026-02-22 17:58:09:589 [32minfo[39m: [32mMongoDB Connected: localhost[39m
2026-02-22 17:58:14:5814 [32minfo[39m: [32mMongoDB Connected: localhost[39m
2026-02-22 17:58:18:5818 [32minfo[39m: [32mMongoDB Connected: localhost[39m
2026-02-22 17:58:32:5832 [32minfo[39m: [32mMongoDB Connected: localhost[39m
2026-02-22 17:58:34:5834 [32minfo[39m: [32mMongoDB Connected: localhost[39m
2026-02-22 17:58:51:5851 [32minfo[39m: [32mMongoDB Connected: localhost[39m
2026-02-22 17:59:16:5916 [32minfo[39m: [32mMongoDB Connected: localhost[39m
2026-02-22 17:59:19:5919 [32minfo[39m: [32mMongoDB Connected: localhost[39m
2026-02-22 17:59:36:5936 [32minfo[39m: [32mMongoDB Connected: localhost[39m
2026-02-22 17:59:37:5937 [32minfo[39m: [32mMongoDB Connected: localhost[39m
2026-02-22 17:59:39:5939 [32minfo[39m: [32mMongoDB Connected: localhost[39m
2026-02-22 18:00:48:048 [32minfo[39m: [32mMongoDB Connected: localhost[39m
2026-02-22 18:00:49:049 [32minfo[39m: [32mMongoDB Connected: localhost[39m
2026-02-22 18:00:55:055 [32minfo[39m: [32mMongoDB Connected: localhost[39m
2026-02-22 18:00:57:057 [32minfo[39m: [32mMongoDB Connected: localhost[39m
2026-02-22 18:00:59:059 [32minfo[39m: [32mMongoDB Connected: localhost[39m
2026-02-22 18:01:01:11 [32minfo[39m: [32mMongoDB Connected: localhost[39m
2026-02-22 18:01:05:15 [32minfo[39m: [32mMongoDB Connected: localhost[39m
2026-02-22 18:01:16:116 [32minfo[39m: [32mMongoDB Connected: localhost[39m
2026-02-22 18:01:20:120 [32minfo[39m: [32mMongoDB Connected: localhost[39m
2026-02-22 18:03:58:358 [32minfo[39m: [32mMongoDB Connected: localhost[39m
2026-02-22 18:04:01:41 [32minfo[39m: [32mMongoDB Connected: localhost[39m
2026-02-22 18:06:51:651 [35mhttp[39m: [35m[0mGET /api/admin/complaints/department/WASTE_MANAGEMENT [36m304[0m 27.319 ms - -[0m[39m
2026-02-22 18:06:51:651 [35mhttp[39m: [35m[0mGET /api/admin/complaints/department/WASTE_MANAGEMENT [36m304[0m 24.465 ms - -[0m[39m
2026-02-22 18:06:51:651 [35mhttp[39m: [35m[0mGET /api/admin/complaints/department/POTHOLES [36m304[0m 19.583 ms - -[0m[39m
2026-02-22 18:06:51:651 [35mhttp[39m: [35m[0mGET /api/admin/complaints/department/POTHOLES [36m304[0m 17.303 ms - -[0m[39m
2026-02-22 18:06:51:651 [35mhttp[39m: [35m[0mGET /api/admin/complaints/department/ELECTRICITY [36m304[0m 10.192 ms - -[0m[39m
2026-02-22 18:06:51:651 [35mhttp[39m: [35m[0mGET /api/admin/complaints/department/ELECTRICITY [36m304[0m 13.284 ms - -[0m[39m
2026-02-22 18:06:51:651 [35mhttp[39m: [35m[0mGET /api/admin/complaints/department/WATER [36m304[0m 9.236 ms - -[0m[39m
2026-02-22 18:06:51:651 [35mhttp[39m: [35m[0mGET /api/admin/complaints/department/WATER [36m304[0m 9.329 ms - -[0m[39m
2026-02-22 18:06:51:651 [35mhttp[39m: [35m[0mGET /api/admin/complaints/department/SANITATION [36m304[0m 13.357 ms - -[0m[39m
2026-02-22 18:06:51:651 [35mhttp[39m: [35m[0mGET /api/admin/complaints/department/SANITATION [36m304[0m 11.227 ms - -[0m[39m
2026-02-22 18:06:52:652 [35mhttp[39m: [35m[0mGET /api/admin/complaints/department/PUBLIC_PROPERTY [36m304[0m 15.159 ms - -[0m[39m
2026-02-22 18:06:52:652 [35mhttp[39m: [35m[0mGET /api/admin/complaints/department/PUBLIC_PROPERTY [36m304[0m 9.535 ms - -[0m[39m
2026-02-22 18:06:52:652 [35mhttp[39m: [35m[0mGET /api/admin/complaints/department/E_WASTE [36m304[0m 23.613 ms - -[0m[39m
2026-02-22 18:06:52:652 [35mhttp[39m: [35m[0mGET /api/admin/complaints/department/E_WASTE [36m304[0m 19.031 ms - -[0m[39m
2026-02-22 18:06:52:652 [35mhttp[39m: [35m[0mGET /api/admin/complaints/department/SECURITY [36m304[0m 13.231 ms - -[0m[39m
2026-02-22 18:06:52:652 [35mhttp[39m: [35m[0mGET /api/admin/complaints/department/SECURITY [36m304[0m 14.082 ms - -[0m[39m
2026-02-22 18:06:52:652 [35mhttp[39m: [35m[0mGET /api/admin/complaints/department/HEALTH [36m304[0m 12.489 ms - -[0m[39m
2026-02-22 18:06:52:652 [35mhttp[39m: [35m[0mGET /api/admin/complaints/department/HEALTH [36m304[0m 12.314 ms - -[0m[39m
2026-02-22 18:06:52:652 [35mhttp[39m: [35m[0mGET /api/admin/complaints/department/ENVIRONMENT [36m304[0m 11.529 ms - -[0m[39m
2026-02-22 18:06:52:652 [35mhttp[39m: [35m[0mGET /api/admin/complaints/department/ENVIRONMENT [36m304[0m 11.210 ms - -[0m[39m
2026-02-22 18:06:52:652 [35mhttp[39m: [35m[0mGET /api/admin/complaints/department/TRANSPORT [36m304[0m 8.442 ms - -[0m[39m
2026-02-22 18:06:52:652 [35mhttp[39m: [35m[0mGET /api/admin/complaints/department/TRANSPORT [36m304[0m 8.614 ms - -[0m[39m
2026-02-22 18:06:52:652 [35mhttp[39m: [35m[0mGET /api/admin/complaints/department/EDUCATION [36m304[0m 9.077 ms - -[0m[39m
2026-02-22 18:06:52:652 [35mhttp[39m: [35m[0mGET /api/admin/complaints/department/EDUCATION [36m304[0m 9.907 ms - -[0m[39m
2026-02-22 18:06:54:654 [35mhttp[39m: [35m[0mGET /api/auth/logout [32m200[0m 1.437 ms - 52[0m[39m
2026-02-22 18:19:55:1955 [35mhttp[39m: [35m[0mPOST /api/auth/admin-login [32m200[0m 178.162 ms - 350[0m[39m
2026-02-22 18:19:55:1955 [35mhttp[39m: [35m[0mGET /api/admin/complaints/department/WASTE_MANAGEMENT [36m304[0m 24.388 ms - -[0m[39m
2026-02-22 18:19:55:1955 [35mhttp[39m: [35m[0mGET /api/admin/complaints/department/WASTE_MANAGEMENT [36m304[0m 12.889 ms - -[0m[39m
2026-02-22 18:19:55:1955 [35mhttp[39m: [35m[0mGET /api/admin/complaints/department/POTHOLES [36m304[0m 12.324 ms - -[0m[39m
2026-02-22 18:19:55:1955 [35mhttp[39m: [35m[0mGET /api/admin/complaints/department/POTHOLES [36m304[0m 12.240 ms - -[0m[39m
2026-02-22 18:19:55:1955 [35mhttp[39m: [35m[0mGET /api/admin/complaints/department/ELECTRICITY [36m304[0m 9.315 ms - -[0m[39m
2026-02-22 18:19:55:1955 [35mhttp[39m: [35m[0mGET /api/admin/complaints/department/ELECTRICITY [36m304[0m 13.151 ms - -[0m[39m
2026-02-22 18:19:55:1955 [35mhttp[39m: [35m[0mGET /api/admin/complaints/department/WATER [36m304[0m 5.110 ms - -[0m[39m
2026-02-22 18:19:55:1955 [35mhttp[39m: [35m[0mGET /api/admin/complaints/department/WATER [36m304[0m 7.162 ms - -[0m[39m
2026-02-22 18:19:55:1955 [35mhttp[39m: [35m[0mGET /api/admin/complaints/department/SANITATION [36m304[0m 7.136 ms - -[0m[39m
2026-02-22 18:19:55:1955 [35mhttp[39m: [35m[0mGET /api/admin/complaints/department/SANITATION [36m304[0m 7.799 ms - -[0m[39m
2026-02-22 18:19:56:1956 [35mhttp[39m: [35m[0mGET /api/admin/complaints/department/PUBLIC_PROPERTY [36m304[0m 6.246 ms - -[0m[39m
2026-02-22 18:19:56:1956 [35mhttp[39m: [35m[0mGET /api/admin/complaints/department/PUBLIC_PROPERTY [36m304[0m 6.990 ms - -[0m[39m
2026-02-22 18:19:56:1956 [35mhttp[39m: [35m[0mGET /api/admin/complaints/department/E_WASTE [36m304[0m 12.568 ms - -[0m[39m
2026-02-22 18:19:56:1956 [35mhttp[39m: [35m[0mGET /api/admin/complaints/department/E_WASTE [36m304[0m 7.135 ms - -[0m[39m
2026-02-22 18:19:56:1956 [35mhttp[39m: [35m[0mGET /api/admin/complaints/department/SECURITY [36m304[0m 6.527 ms - -[0m[39m
2026-02-22 18:19:56:1956 [35mhttp[39m: [35m[0mGET /api/admin/complaints/department/SECURITY [36m304[0m 3.471 ms - -[0m[39m
2026-02-22 18:19:56:1956 [35mhttp[39m: [35m[0mGET /api/admin/complaints/department/HEALTH [36m304[0m 4.461 ms - -[0m[39m
2026-02-22 18:19:56:1956 [35mhttp[39m: [35m[0mGET /api/admin/complaints/department/HEALTH [36m304[0m 5.506 ms - -[0m[39m
2026-02-22 18:19:56:1956 [35mhttp[39m: [35m[0mGET /api/admin/complaints/department/ENVIRONMENT [36m304[0m 8.312 ms - -[0m[39m
2026-02-22 18:19:56:1956 [35mhttp[39m: [35m[0mGET /api/admin/complaints/department/ENVIRONMENT [36m304[0m 8.575 ms - -[0m[39m
2026-02-22 18:19:56:1956 [35mhttp[39m: [35m[0mGET /api/admin/complaints/department/TRANSPORT [36m304[0m 6.477 ms - -[0m[39m
2026-02-22 18:19:56:1956 [35mhttp[39m: [35m[0mGET /api/admin/complaints/department/TRANSPORT [36m304[0m 8.666 ms - -[0m[39m
2026-02-22 18:19:56:1956 [35mhttp[39m: [35m[0mGET /api/admin/complaints/department/EDUCATION [36m304[0m 5.645 ms - -[0m[39m
2026-02-22 18:19:56:1956 [35mhttp[39m: [35m[0mGET /api/admin/complaints/department/EDUCATION [36m304[0m 8.357 ms - -[0m[39m
2026-02-22 18:20:08:208 [35mhttp[39m: [35m[0mGET /api/complaints [36m304[0m 19.561 ms - -[0m[39m
2026-02-22 18:20:08:208 [35mhttp[39m: [35m[0mGET /api/complaints [36m304[0m 21.000 ms - -[0m[39m
2026-02-22 18:20:08:208 [35mhttp[39m: [35m[0mGET /api/complaints/stats/overview [32m200[0m 33.145 ms - 340[0m[39m
2026-02-22 18:20:08:208 [35mhttp[39m: [35m[0mGET /api/complaints/stats/overview [32m200[0m 27.899 ms - 340[0m[39m
2026-02-22 18:20:15:2015 [35mhttp[39m: [35m[0mGET /api/auth/logout [36m304[0m 0.250 ms - -[0m[39m
2026-02-22 18:23:22:2322 [32minfo[39m: [32mMongoDB Connected: localhost[39m
2026-02-22 18:24:11:2411 [35mhttp[39m: [35m[0mPOST /api/auth/admin-login [32m200[0m 115.680 ms - 343[0m[39m
2026-02-22 18:24:11:2411 [35mhttp[39m: [35m[0mGET /api/admin/complaints/department/WASTE_MANAGEMENT [36m304[0m 26.273 ms - -[0m[39m
2026-02-22 18:24:12:2412 [35mhttp[39m: [35m[0mGET /api/admin/complaints/department/WASTE_MANAGEMENT [36m304[0m 13.030 ms - -[0m[39m
2026-02-22 18:24:12:2412 [35mhttp[39m: [35m[0mGET /api/admin/complaints/department/POTHOLES [36m304[0m 5.926 ms - -[0m[39m
2026-02-22 18:24:12:2412 [35mhttp[39m: [35m[0mGET /api/admin/complaints/department/POTHOLES [36m304[0m 7.579 ms - -[0m[39m
2026-02-22 18:24:12:2412 [35mhttp[39m: [35m[0mGET /api/admin/complaints/department/ELECTRICITY [36m304[0m 9.840 ms - -[0m[39m
2026-02-22 18:24:12:2412 [35mhttp[39m: [35m[0mGET /api/admin/complaints/department/ELECTRICITY [36m304[0m 10.041 ms - -[0m[39m
2026-02-22 18:24:12:2412 [35mhttp[39m: [35m[0mGET /api/admin/complaints/department/WATER [36m304[0m 6.829 ms - -[0m[39m
2026-02-22 18:24:12:2412 [35mhttp[39m: [35m[0mGET /api/admin/complaints/department/WATER [36m304[0m 6.795 ms - -[0m[39m
2026-02-22 18:24:12:2412 [35mhttp[39m: [35m[0mGET /api/admin/complaints/department/SANITATION [36m304[0m 5.578 ms - -[0m[39m
2026-02-22 18:24:12:2412 [35mhttp[39m: [35m[0mGET /api/admin/complaints/department/SANITATION [36m304[0m 6.630 ms - -[0m[39m
2026-02-22 18:24:12:2412 [35mhttp[39m: [35m[0mGET /api/admin/complaints/department/PUBLIC_PROPERTY [36m304[0m 5.227 ms - -[0m[39m
2026-02-22 18:24:12:2412 [35mhttp[39m: [35m[0mGET /api/admin/complaints/department/PUBLIC_PROPERTY [36m304[0m 4.153 ms - -[0m[39m
2026-02-22 18:24:12:2412 [35mhttp[39m: [35m[0mGET /api/admin/complaints/department/E_WASTE [36m304[0m 11.367 ms - -[0m[39m
2026-02-22 18:24:12:2412 [35mhttp[39m: [35m[0mGET /api/admin/complaints/department/E_WASTE [36m304[0m 8.710 ms - -[0m[39m
2026-02-22 18:24:12:2412 [35mhttp[39m: [35m[0mGET /api/admin/complaints/department/SECURITY [36m304[0m 5.946 ms - -[0m[39m
2026-02-22 18:24:12:2412 [35mhttp[39m: [35m[0mGET /api/admin/complaints/department/SECURITY [36m304[0m 6.938 ms - -[0m[39m
2026-02-22 18:24:13:2413 [35mhttp[39m: [35m[0mGET /api/admin/complaints/department/HEALTH [36m304[0m 6.717 ms - -[0m[39m
2026-02-22 18:24:13:2413 [35mhttp[39m: [35m[0mGET /api/admin/complaints/department/HEALTH [36m304[0m 6.901 ms - -[0m[39m
2026-02-22 18:24:13:2413 [35mhttp[39m: [35m[0mGET /api/admin/complaints/department/ENVIRONMENT [36m304[0m 6.271 ms - -[0m[39m
2026-02-22 18:24:13:2413 [35mhttp[39m: [35m[0mGET /api/admin/complaints/department/ENVIRONMENT [36m304[0m 6.576 ms - -[0m[39m
2026-02-22 18:24:13:2413 [35mhttp[39m: [35m[0mGET /api/admin/complaints/department/TRANSPORT [36m304[0m 6.552 ms - -[0m[39m
2026-02-22 18:24:13:2413 [35mhttp[39m: [35m[0mGET /api/admin/complaints/department/TRANSPORT [36m304[0m 6.857 ms - -[0m[39m
2026-02-22 18:24:13:2413 [35mhttp[39m: [35m[0mGET /api/admin/complaints/department/EDUCATION [36m304[0m 6.692 ms - -[0m[39m
2026-02-22 18:24:13:2413 [35mhttp[39m: [35m[0mGET /api/admin/complaints/department/EDUCATION [36m304[0m 5.659 ms - -[0m[39m
2026-02-22 18:24:23:2423 [35mhttp[39m: [35m[0mGET /api/complaints [32m200[0m 16.602 ms - 29070[0m[39m
2026-02-22 18:24:23:2423 [35mhttp[39m: [35m[0mGET /api/complaints [36m304[0m 17.745 ms - -[0m[39m
2026-02-22 18:24:23:2423 [35mhttp[39m: [35m[0mGET /api/complaints/stats/overview [32m200[0m 22.394 ms - 340[0m[39m
2026-02-22 18:24:23:2423 [35mhttp[39m: [35m[0mGET /api/complaints/stats/overview [32m200[0m 15.295 ms - 340[0m[39m
2026-02-22 18:24:46:2446 [35mhttp[39m: [35m[0mGET /api/admin/complaints/department/WASTE_MANAGEMENT [36m304[0m 13.469 ms - -[0m[39m
2026-02-22 18:24:46:2446 [35mhttp[39m: [35m[0mGET /api/admin/complaints/department/WASTE_MANAGEMENT [36m304[0m 8.295 ms - -[0m[39m
2026-02-22 18:24:46:2446 [35mhttp[39m: [35m[0mGET /api/admin/complaints/department/POTHOLES [36m304[0m 8.586 ms - -[0m[39m
2026-02-22 18:24:46:2446 [35mhttp[39m: [35m[0mGET /api/admin/complaints/department/POTHOLES [36m304[0m 6.001 ms - -[0m[39m
2026-02-22 18:24:47:2447 [35mhttp[39m: [35m[0mGET /api/admin/complaints/department/ELECTRICITY [36m304[0m 11.018 ms - -[0m[39m
2026-02-22 18:24:47:2447 [35mhttp[39m: [35m[0mGET /api/admin/complaints/department/ELECTRICITY [36m304[0m 8.489 ms - -[0m[39m
2026-02-22 18:24:47:2447 [35mhttp[39m: [35m[0mGET /api/admin/complaints/department/WATER [36m304[0m 5.143 ms - -[0m[39m
2026-02-22 18:24:47:2447 [35mhttp[39m: [35m[0mGET /api/admin/complaints/department/WATER [36m304[0m 4.813 ms - -[0m[39m
2026-02-22 18:24:47:2447 [35mhttp[39m: [35m[0mGET /api/admin/complaints/department/SANITATION [36m304[0m 5.160 ms - -[0m[39m
2026-02-22 18:24:47:2447 [35mhttp[39m: [35m[0mGET /api/admin/complaints/department/SANITATION [36m304[0m 4.757 ms - -[0m[39m
2026-02-22 18:24:47:2447 [35mhttp[39m: [35m[0mGET /api/admin/complaints/department/PUBLIC_PROPERTY [36m304[0m 7.238 ms - -[0m[39m
2026-02-22 18:24:47:2447 [35mhttp[39m: [35m[0mGET /api/admin/complaints/department/PUBLIC_PROPERTY [36m304[0m 9.011 ms - -[0m[39m
2026-02-22 18:24:47:2447 [35mhttp[39m: [35m[0mGET /api/admin/complaints/department/E_WASTE [36m304[0m 7.883 ms - -[0m[39m
2026-02-22 18:24:47:2447 [35mhttp[39m: [35m[0mGET /api/admin/complaints/department/E_WASTE [36m304[0m 5.966 ms - -[0m[39m
2026-02-22 18:24:47:2447 [35mhttp[39m: [35m[0mGET /api/admin/complaints/department/SECURITY [36m304[0m 8.029 ms - -[0m[39m
2026-02-22 18:24:47:2447 [35mhttp[39m: [35m[0mGET /api/admin/complaints/department/SECURITY [36m304[0m 5.307 ms - -[0m[39m
2026-02-22 18:24:47:2447 [35mhttp[39m: [35m[0mGET /api/admin/complaints/department/HEALTH [36m304[0m 6.210 ms - -[0m[39m
2026-02-22 18:24:47:2447 [35mhttp[39m: [35m[0mGET /api/admin/complaints/department/HEALTH [36m304[0m 6.037 ms - -[0m[39m
2026-02-22 18:24:47:2447 [35mhttp[39m: [35m[0mGET /api/admin/complaints/department/ENVIRONMENT [36m304[0m 7.291 ms - -[0m[39m
2026-02-22 18:24:47:2447 [35mhttp[39m: [35m[0mGET /api/admin/complaints/department/ENVIRONMENT [36m304[0m 5.327 ms - -[0m[39m
2026-02-22 18:24:48:2448 [35mhttp[39m: [35m[0mGET /api/admin/complaints/department/TRANSPORT [36m304[0m 3.946 ms - -[0m[39m
2026-02-22 18:24:48:2448 [35mhttp[39m: [35m[0mGET /api/admin/complaints/department/TRANSPORT [36m304[0m 4.368 ms - -[0m[39m
2026-02-22 18:24:48:2448 [35mhttp[39m: [35m[0mGET /api/admin/complaints/department/EDUCATION [36m304[0m 6.954 ms - -[0m[39m
2026-02-22 18:24:48:2448 [35mhttp[39m: [35m[0mGET /api/admin/complaints/department/EDUCATION [36m304[0m 5.251 ms - -[0m[39m
2026-02-22 18:24:58:2458 [35mhttp[39m: [35m[0mGET /api/auth/logout [36m304[0m 0.356 ms - -[0m[39m
2026-02-22 18:26:03:263 [35mhttp[39m: [35m[0mPOST /api/auth/login [32m200[0m 103.397 ms - 326[0m[39m
2026-02-22 18:26:04:264 [31merror[39m: [31m403 - Not authorized to access these complaints - /api/complaints/user/undefined - GET - ::1[39m
2026-02-22 18:26:04:264 [31merror[39m: [31mError: Not authorized to access these complaints[39m
[31m    at file:///C:/Users/acer/civiccare-smart-city-portal/backend/src/controllers/complaintController.js:45:17[39m
[31m    at file:///C:/Users/acer/civiccare-smart-city-portal/backend/src/utils/errorUtils.js:5:19[39m
[31m    at Layer.handle [as handle_request] (C:\Users\acer\civiccare-smart-city-portal\backend\node_modules\express\lib\router\layer.js:95:5)[39m
[31m    at next (C:\Users\acer\civiccare-smart-city-portal\backend\node_modules\express\lib\router\route.js:149:13)[39m
[31m    at protect (file:///C:/Users/acer/civiccare-smart-city-portal/backend/src/middleware/auth.js:29:5)[39m
[31m    at process.processTicksAndRejections (node:internal/process/task_queues:105:5)[39m
2026-02-22 18:26:04:264 [35mhttp[39m: [35m[0mGET /api/complaints/user/undefined [33m403[0m 8.845 ms - 71[0m[39m
2026-02-22 18:26:04:264 [31merror[39m: [31m403 - Not authorized to access these complaints - /api/complaints/user/undefined - GET - ::1[39m
2026-02-22 18:26:04:264 [31merror[39m: [31mError: Not authorized to access these complaints[39m
[31m    at file:///C:/Users/acer/civiccare-smart-city-portal/backend/src/controllers/complaintController.js:45:17[39m
[31m    at file:///C:/Users/acer/civiccare-smart-city-portal/backend/src/utils/errorUtils.js:5:19[39m
[31m    at Layer.handle [as handle_request] (C:\Users\acer\civiccare-smart-city-portal\backend\node_modules\express\lib\router\layer.js:95:5)[39m
[31m    at next (C:\Users\acer\civiccare-smart-city-portal\backend\node_modules\express\lib\router\route.js:149:13)[39m
[31m    at protect (file:///C:/Users/acer/civiccare-smart-city-portal/backend/src/middleware/auth.js:29:5)[39m
[31m    at process.processTicksAndRejections (node:internal/process/task_queues:105:5)[39m
2026-02-22 18:26:04:264 [35mhttp[39m: [35m[0mGET /api/complaints/user/undefined [33m403[0m 3.924 ms - 71[0m[39m
2026-02-22 18:27:32:2732 [35mhttp[39m: [35m[0mPOST /api/complaints [32m201[0m 97.115 ms - 15333[0m[39m
2026-02-22 18:27:34:2734 [31merror[39m: [31m403 - Not authorized to access these complaints - /api/complaints/user/undefined - GET - ::1[39m
2026-02-22 18:27:34:2734 [31merror[39m: [31mError: Not authorized to access these complaints[39m
[31m    at file:///C:/Users/acer/civiccare-smart-city-portal/backend/src/controllers/complaintController.js:45:17[39m
[31m    at file:///C:/Users/acer/civiccare-smart-city-portal/backend/src/utils/errorUtils.js:5:19[39m
[31m    at Layer.handle [as handle_request] (C:\Users\acer\civiccare-smart-city-portal\backend\node_modules\express\lib\router\layer.js:95:5)[39m
[31m    at next (C:\Users\acer\civiccare-smart-city-portal\backend\node_modules\express\lib\router\route.js:149:13)[39m
[31m    at protect (file:///C:/Users/acer/civiccare-smart-city-portal/backend/src/middleware/auth.js:29:5)[39m
[31m    at process.processTicksAndRejections (node:internal/process/task_queues:105:5)[39m
2026-02-22 18:27:34:2734 [35mhttp[39m: [35m[0mGET /api/complaints/user/undefined [33m403[0m 8.260 ms - 71[0m[39m
2026-02-22 18:27:34:2734 [31merror[39m: [31m403 - Not authorized to access these complaints - /api/complaints/user/undefined - GET - ::1[39m
2026-02-22 18:27:34:2734 [31merror[39m: [31mError: Not authorized to access these complaints[39m
[31m    at file:///C:/Users/acer/civiccare-smart-city-portal/backend/src/controllers/complaintController.js:45:17[39m
[31m    at file:///C:/Users/acer/civiccare-smart-city-portal/backend/src/utils/errorUtils.js:5:19[39m
[31m    at Layer.handle [as handle_request] (C:\Users\acer\civiccare-smart-city-portal\backend\node_modules\express\lib\router\layer.js:95:5)[39m
[31m    at next (C:\Users\acer\civiccare-smart-city-portal\backend\node_modules\express\lib\router\route.js:149:13)[39m
[31m    at protect (file:///C:/Users/acer/civiccare-smart-city-portal/backend/src/middleware/auth.js:29:5)[39m
[31m    at process.processTicksAndRejections (node:internal/process/task_queues:105:5)[39m
2026-02-22 18:27:34:2734 [35mhttp[39m: [35m[0mGET /api/complaints/user/undefined [33m403[0m 3.508 ms - 71[0m[39m
2026-02-22 18:29:24:2924 [32minfo[39m: [32mMongoDB Connected: localhost[39m
2026-02-22 18:29:25:2925 [32minfo[39m: [32mMongoDB Connected: localhost[39m
2026-02-22 18:29:33:2933 [31merror[39m: [31m403 - Not authorized to access these complaints - /api/complaints/user/undefined - GET - ::1[39m
2026-02-22 18:29:33:2933 [31merror[39m: [31mError: Not authorized to access these complaints[39m
[31m    at file:///C:/Users/acer/civiccare-smart-city-portal/backend/src/controllers/complaintController.js:45:17[39m
[31m    at file:///C:/Users/acer/civiccare-smart-city-portal/backend/src/utils/errorUtils.js:5:19[39m
[31m    at Layer.handle [as handle_request] (C:\Users\acer\civiccare-smart-city-portal\backend\node_modules\express\lib\router\layer.js:95:5)[39m
[31m    at next (C:\Users\acer\civiccare-smart-city-portal\backend\node_modules\express\lib\router\route.js:149:13)[39m
[31m    at protect (file:///C:/Users/acer/civiccare-smart-city-portal/backend/src/middleware/auth.js:29:5)[39m
[31m    at process.processTicksAndRejections (node:internal/process/task_queues:105:5)[39m
2026-02-22 18:29:33:2933 [35mhttp[39m: [35m[0mGET /api/complaints/user/undefined [33m403[0m 10.118 ms - 71[0m[39m
2026-02-22 18:29:33:2933 [31merror[39m: [31m403 - Not authorized to access these complaints - /api/complaints/user/undefined - GET - ::1[39m
2026-02-22 18:29:33:2933 [31merror[39m: [31mError: Not authorized to access these complaints[39m
[31m    at file:///C:/Users/acer/civiccare-smart-city-portal/backend/src/controllers/complaintController.js:45:17[39m
[31m    at file:///C:/Users/acer/civiccare-smart-city-portal/backend/src/utils/errorUtils.js:5:19[39m
[31m    at Layer.handle [as handle_request] (C:\Users\acer\civiccare-smart-city-portal\backend\node_modules\express\lib\router\layer.js:95:5)[39m
[31m    at next (C:\Users\acer\civiccare-smart-city-portal\backend\node_modules\express\lib\router\route.js:149:13)[39m
[31m    at protect (file:///C:/Users/acer/civiccare-smart-city-portal/backend/src/middleware/auth.js:29:5)[39m
[31m    at process.processTicksAndRejections (node:internal/process/task_queues:105:5)[39m
2026-02-22 18:29:33:2933 [35mhttp[39m: [35m[0mGET /api/complaints/user/undefined [33m403[0m 6.284 ms - 71[0m[39m
2026-02-22 18:30:33:3033 [32minfo[39m: [32mMongoDB Connected: localhost[39m
2026-02-22 18:30:42:3042 [32minfo[39m: [32mMongoDB Connected: localhost[39m
2026-02-22 18:30:49:3049 [31merror[39m: [31m403 - Not authorized to access these complaints - /api/complaints/user/undefined - GET - ::1[39m
2026-02-22 18:30:49:3049 [31merror[39m: [31mError: Not authorized to access these complaints[39m
[31m    at file:///C:/Users/acer/civiccare-smart-city-portal/backend/src/controllers/complaintController.js:45:17[39m
[31m    at file:///C:/Users/acer/civiccare-smart-city-portal/backend/src/utils/errorUtils.js:5:19[39m
[31m    at Layer.handle [as handle_request] (C:\Users\acer\civiccare-smart-city-portal\backend\node_modules\express\lib\router\layer.js:95:5)[39m
[31m    at next (C:\Users\acer\civiccare-smart-city-portal\backend\node_modules\express\lib\router\route.js:149:13)[39m
[31m    at protect (file:///C:/Users/acer/civiccare-smart-city-portal/backend/src/middleware/auth.js:29:5)[39m
[31m    at process.processTicksAndRejections (node:internal/process/task_queues:105:5)[39m
2026-02-22 18:30:49:3049 [35mhttp[39m: [35m[0mGET /api/complaints/user/undefined [33m403[0m 11.875 ms - 71[0m[39m
2026-02-22 18:30:49:3049 [31merror[39m: [31m403 - Not authorized to access these complaints - /api/complaints/user/undefined - GET - ::1[39m
2026-02-22 18:30:49:3049 [31merror[39m: [31mError: Not authorized to access these complaints[39m
[31m    at file:///C:/Users/acer/civiccare-smart-city-portal/backend/src/controllers/complaintController.js:45:17[39m
[31m    at file:///C:/Users/acer/civiccare-smart-city-portal/backend/src/utils/errorUtils.js:5:19[39m
[31m    at Layer.handle [as handle_request] (C:\Users\acer\civiccare-smart-city-portal\backend\node_modules\express\lib\router\layer.js:95:5)[39m
[31m    at next (C:\Users\acer\civiccare-smart-city-portal\backend\node_modules\express\lib\router\route.js:149:13)[39m
[31m    at protect (file:///C:/Users/acer/civiccare-smart-city-portal/backend/src/middleware/auth.js:29:5)[39m
[31m    at process.processTicksAndRejections (node:internal/process/task_queues:105:5)[39m
2026-02-22 18:30:49:3049 [35mhttp[39m: [35m[0mGET /api/complaints/user/undefined [33m403[0m 4.816 ms - 71[0m[39m
2026-02-22 18:30:58:3058 [31merror[39m: [31m403 - Not authorized to access these complaints - /api/complaints/user/undefined - GET - ::1[39m
2026-02-22 18:30:58:3058 [31merror[39m: [31mError: Not authorized to access these complaints[39m
[31m    at file:///C:/Users/acer/civiccare-smart-city-portal/backend/src/controllers/complaintController.js:45:17[39m
[31m    at file:///C:/Users/acer/civiccare-smart-city-portal/backend/src/utils/errorUtils.js:5:19[39m
[31m    at Layer.handle [as handle_request] (C:\Users\acer\civiccare-smart-city-portal\backend\node_modules\express\lib\router\layer.js:95:5)[39m
[31m    at next (C:\Users\acer\civiccare-smart-city-portal\backend\node_modules\express\lib\router\route.js:149:13)[39m
[31m    at protect (file:///C:/Users/acer/civiccare-smart-city-portal/backend/src/middleware/auth.js:29:5)[39m
[31m    at process.processTicksAndRejections (node:internal/process/task_queues:105:5)[39m
2026-02-22 18:30:58:3058 [35mhttp[39m: [35m[0mGET /api/complaints/user/undefined [33m403[0m 5.418 ms - 71[0m[39m
2026-02-22 18:30:58:3058 [31merror[39m: [31m403 - Not authorized to access these complaints - /api/complaints/user/undefined - GET - ::1[39m
2026-02-22 18:30:58:3058 [31merror[39m: [31mError: Not authorized to access these complaints[39m
[31m    at file:///C:/Users/acer/civiccare-smart-city-portal/backend/src/controllers/complaintController.js:45:17[39m
[31m    at file:///C:/Users/acer/civiccare-smart-city-portal/backend/src/utils/errorUtils.js:5:19[39m
[31m    at Layer.handle [as handle_request] (C:\Users\acer\civiccare-smart-city-portal\backend\node_modules\express\lib\router\layer.js:95:5)[39m
[31m    at next (C:\Users\acer\civiccare-smart-city-portal\backend\node_modules\express\lib\router\route.js:149:13)[39m
[31m    at protect (file:///C:/Users/acer/civiccare-smart-city-portal/backend/src/middleware/auth.js:29:5)[39m
[31m    at process.processTicksAndRejections (node:internal/process/task_queues:105:5)[39m
2026-02-22 18:30:58:3058 [35mhttp[39m: [35m[0mGET /api/complaints/user/undefined [33m403[0m 8.354 ms - 71[0m[39m
2026-02-22 18:31:11:3111 [35mhttp[39m: [35m[0mGET /api/auth/logout [36m304[0m 0.542 ms - -[0m[39m
2026-02-22 18:31:28:3128 [35mhttp[39m: [35m[0mPOST /api/auth/admin-login [32m200[0m 181.668 ms - 343[0m[39m
2026-02-22 18:31:28:3128 [35mhttp[39m: [35m[0mGET /api/admin/complaints/department/WASTE_MANAGEMENT [36m304[0m 24.506 ms - -[0m[39m
2026-02-22 18:31:28:3128 [35mhttp[39m: [35m[0mGET /api/admin/complaints/department/WASTE_MANAGEMENT [36m304[0m 13.026 ms - -[0m[39m
2026-02-22 18:31:28:3128 [35mhttp[39m: [35m[0mGET /api/admin/complaints/department/POTHOLES [36m304[0m 12.626 ms - -[0m[39m
2026-02-22 18:31:28:3128 [35mhttp[39m: [35m[0mGET /api/admin/complaints/department/POTHOLES [36m304[0m 9.562 ms - -[0m[39m
2026-02-22 18:31:28:3128 [35mhttp[39m: [35m[0mGET /api/admin/complaints/department/ELECTRICITY [36m304[0m 12.003 ms - -[0m[39m
2026-02-22 18:31:28:3128 [35mhttp[39m: [35m[0mGET /api/admin/complaints/department/ELECTRICITY [36m304[0m 11.272 ms - -[0m[39m
2026-02-22 18:31:29:3129 [35mhttp[39m: [35m[0mGET /api/admin/complaints/department/WATER [36m304[0m 8.522 ms - -[0m[39m
2026-02-22 18:31:29:3129 [35mhttp[39m: [35m[0mGET /api/admin/complaints/department/WATER [36m304[0m 8.632 ms - -[0m[39m
2026-02-22 18:31:29:3129 [35mhttp[39m: [35m[0mGET /api/admin/complaints/department/SANITATION [36m304[0m 9.946 ms - -[0m[39m
2026-02-22 18:31:29:3129 [35mhttp[39m: [35m[0mGET /api/admin/complaints/department/SANITATION [36m304[0m 7.528 ms - -[0m[39m
2026-02-22 18:31:29:3129 [35mhttp[39m: [35m[0mGET /api/admin/complaints/department/PUBLIC_PROPERTY [32m200[0m 9.664 ms - 15468[0m[39m
2026-02-22 18:31:29:3129 [35mhttp[39m: [35m[0mGET /api/admin/complaints/department/PUBLIC_PROPERTY [36m304[0m 10.041 ms - -[0m[39m
2026-02-22 18:31:29:3129 [35mhttp[39m: [35m[0mGET /api/admin/complaints/department/E_WASTE [36m304[0m 11.393 ms - -[0m[39m
2026-02-22 18:31:29:3129 [35mhttp[39m: [35m[0mGET /api/admin/complaints/department/E_WASTE [36m304[0m 10.676 ms - -[0m[39m
2026-02-22 18:31:29:3129 [35mhttp[39m: [35m[0mGET /api/admin/complaints/department/SECURITY [36m304[0m 11.190 ms - -[0m[39m
2026-02-22 18:31:29:3129 [35mhttp[39m: [35m[0mGET /api/admin/complaints/department/SECURITY [36m304[0m 18.608 ms - -[0m[39m
2026-02-22 18:31:29:3129 [35mhttp[39m: [35m[0mGET /api/admin/complaints/department/HEALTH [36m304[0m 22.691 ms - -[0m[39m
2026-02-22 18:31:29:3129 [35mhttp[39m: [35m[0mGET /api/admin/complaints/department/HEALTH [36m304[0m 17.744 ms - -[0m[39m
2026-02-22 18:31:29:3129 [35mhttp[39m: [35m[0mGET /api/admin/complaints/department/ENVIRONMENT [36m304[0m 8.136 ms - -[0m[39m
2026-02-22 18:31:29:3129 [35mhttp[39m: [35m[0mGET /api/admin/complaints/department/ENVIRONMENT [36m304[0m 8.069 ms - -[0m[39m
2026-02-22 18:31:30:3130 [35mhttp[39m: [35m[0mGET /api/admin/complaints/department/TRANSPORT [36m304[0m 7.219 ms - -[0m[39m
2026-02-22 18:31:30:3130 [35mhttp[39m: [35m[0mGET /api/admin/complaints/department/TRANSPORT [36m304[0m 7.604 ms - -[0m[39m
2026-02-22 18:31:30:3130 [35mhttp[39m: [35m[0mGET /api/admin/complaints/department/EDUCATION [36m304[0m 9.675 ms - -[0m[39m
2026-02-22 18:31:30:3130 [35mhttp[39m: [35m[0mGET /api/admin/complaints/department/EDUCATION [36m304[0m 6.831 ms - -[0m[39m
2026-02-22 18:31:32:3132 [35mhttp[39m: [35m[0mGET /api/setup/ward-offices [32m200[0m 15.861 ms - 1347[0m[39m
2026-02-22 18:31:32:3132 [35mhttp[39m: [35m[0mGET /api/setup/teams/by-category/E_WASTE [32m200[0m 14.352 ms - 353[0m[39m
2026-02-22 18:31:32:3132 [35mhttp[39m: [35m[0mGET /api/admin/complaints/department/E_WASTE [36m304[0m 28.775 ms - -[0m[39m
2026-02-22 18:31:32:3132 [35mhttp[39m: [35m[0mGET /api/setup/ward-offices [36m304[0m 21.706 ms - -[0m[39m
2026-02-22 18:31:32:3132 [35mhttp[39m: [35m[0mGET /api/setup/teams/by-category/E_WASTE [36m304[0m 21.399 ms - -[0m[39m
2026-02-22 18:31:32:3132 [35mhttp[39m: [35m[0mGET /api/admin/complaints/department/E_WASTE [36m304[0m 19.108 ms - -[0m[39m
2026-02-22 18:31:34:3134 [35mhttp[39m: [35m[0mGET /api/setup/teams/by-category/E_WASTE [36m304[0m 22.536 ms - -[0m[39m
2026-02-22 18:31:34:3134 [35mhttp[39m: [35m[0mGET /api/admin/complaints/department/E_WASTE [36m304[0m 33.488 ms - -[0m[39m
2026-02-22 18:31:44:3144 [32minfo[39m: [32mMongoDB Connected: localhost[39m
2026-02-22 18:31:51:3151 [32minfo[39m: [32mMongoDB Connected: localhost[39m
2026-02-22 18:32:11:3211 [32minfo[39m: [32mMongoDB Connected: localhost[39m
2026-02-22 18:32:13:3213 [32minfo[39m: [32mMongoDB Connected: localhost[39m
2026-02-22 18:33:30:3330 [32minfo[39m: [32mMongoDB Connected: localhost[39m
2026-02-22 18:33:33:3333 [32minfo[39m: [32mMongoDB Connected: localhost[39m
2026-02-22 18:33:35:3335 [32minfo[39m: [32mMongoDB Connected: localhost[39m
2026-02-22 18:35:19:3519 [32minfo[39m: [32mMongoDB Connected: localhost[39m
2026-02-22 18:35:23:3523 [32minfo[39m: [32mMongoDB Connected: localhost[39m
2026-02-22 18:35:37:3537 [32minfo[39m: [32mMongoDB Connected: localhost[39m
2026-02-22 18:35:39:3539 [32minfo[39m: [32mMongoDB Connected: localhost[39m
2026-02-22 18:36:02:362 [32minfo[39m: [32mMongoDB Connected: localhost[39m
2026-02-22 18:37:09:379 [32minfo[39m: [32mMongoDB Connected: localhost[39m
2026-02-22 18:38:12:3812 [32minfo[39m: [32mMongoDB Connected: localhost[39m
2026-02-22 18:38:26:3826 [32minfo[39m: [32mMongoDB Connected: localhost[39m
2026-02-22 18:38:36:3836 [32minfo[39m: [32mMongoDB Connected: localhost[39m
2026-02-22 18:38:41:3841 [32minfo[39m: [32mMongoDB Connected: localhost[39m
2026-02-22 18:38:43:3843 [32minfo[39m: [32mMongoDB Connected: localhost[39m
2026-02-22 18:42:22:4222 [31merror[39m: [31m403 - Access denied. Admin privileges required. - /api/auth/admin-login - POST - ::1[39m
2026-02-22 18:42:22:4222 [31merror[39m: [31mError: Access denied. Admin privileges required.[39m
[31m    at file:///C:/Users/acer/civiccare-smart-city-portal/backend/src/controllers/authController.js:159:17[39m
[31m    at process.processTicksAndRejections (node:internal/process/task_queues:105:5)[39m
2026-02-22 18:42:22:4222 [35mhttp[39m: [35m[0mPOST /api/auth/admin-login [33m403[0m 4.687 ms - 71[0m[39m
2026-02-22 18:42:27:4227 [35mhttp[39m: [35m[0mPOST /api/auth/login [32m200[0m 185.952 ms - 326[0m[39m
2026-02-22 18:42:40:4240 [35mhttp[39m: [35m[0mPOST /api/auth/login [32m200[0m 117.722 ms - 326[0m[39m
2026-02-22 18:42:48:4248 [35mhttp[39m: [35m[0mGET /api/auth/logout [32m200[0m 0.174 ms - 52[0m[39m
2026-02-22 18:42:57:4257 [35mhttp[39m: [35m[0mPOST /api/auth/login [32m200[0m 114.268 ms - 326[0m[39m
2026-02-22 18:43:06:436 [35mhttp[39m: [35m[0mPOST /api/auth/login [32m200[0m 121.200 ms - 326[0m[39m
2026-02-22 18:43:26:4326 [35mhttp[39m: [35m[0mPOST /api/auth/login [32m200[0m 106.999 ms - 326[0m[39m
2026-02-22 18:43:41:4341 [35mhttp[39m: [35m[0mGET /api/auth/logout [36m304[0m 0.505 ms - -[0m[39m
2026-02-22 18:43:51:4351 [35mhttp[39m: [35m[0mPOST /api/auth/admin-login [32m200[0m 147.587 ms - 350[0m[39m
2026-02-22 18:43:52:4352 [35mhttp[39m: [35m[0mGET /api/admin/complaints/department/WASTE_MANAGEMENT [32m200[0m 14.371 ms - 29133[0m[39m
2026-02-22 18:43:52:4352 [35mhttp[39m: [35m[0mGET /api/admin/complaints/department/WASTE_MANAGEMENT [36m304[0m 11.105 ms - -[0m[39m
2026-02-22 18:43:52:4352 [35mhttp[39m: [35m[0mGET /api/admin/complaints/department/POTHOLES [32m200[0m 9.126 ms - 779[0m[39m
2026-02-22 18:43:52:4352 [35mhttp[39m: [35m[0mGET /api/admin/complaints/department/POTHOLES [36m304[0m 7.271 ms - -[0m[39m
2026-02-22 18:43:52:4352 [35mhttp[39m: [35m[0mGET /api/admin/complaints/department/ELECTRICITY [32m200[0m 9.569 ms - 780[0m[39m
2026-02-22 18:43:52:4352 [35mhttp[39m: [35m[0mGET /api/admin/complaints/department/ELECTRICITY [36m304[0m 10.130 ms - -[0m[39m
2026-02-22 18:43:52:4352 [35mhttp[39m: [35m[0mGET /api/admin/complaints/department/WATER [32m200[0m 6.579 ms - 154[0m[39m
2026-02-22 18:43:52:4352 [35mhttp[39m: [35m[0mGET /api/admin/complaints/department/WATER [36m304[0m 7.084 ms - -[0m[39m
2026-02-22 18:43:52:4352 [35mhttp[39m: [35m[0mGET /api/admin/complaints/department/SANITATION [32m200[0m 8.404 ms - 159[0m[39m
2026-02-22 18:43:52:4352 [35mhttp[39m: [35m[0mGET /api/admin/complaints/department/SANITATION [36m304[0m 7.369 ms - -[0m[39m
2026-02-22 18:43:52:4352 [35mhttp[39m: [35m[0mGET /api/admin/complaints/department/PUBLIC_PROPERTY [32m200[0m 9.923 ms - 15468[0m[39m
2026-02-22 18:43:52:4352 [35mhttp[39m: [35m[0mGET /api/admin/complaints/department/PUBLIC_PROPERTY [36m304[0m 8.754 ms - -[0m[39m
2026-02-22 18:43:52:4352 [35mhttp[39m: [35m[0mGET /api/admin/complaints/department/E_WASTE [32m200[0m 7.619 ms - 766[0m[39m
2026-02-22 18:43:52:4352 [35mhttp[39m: [35m[0mGET /api/admin/complaints/department/E_WASTE [36m304[0m 6.973 ms - -[0m[39m
2026-02-22 18:43:52:4352 [35mhttp[39m: [35m[0mGET /api/admin/complaints/department/SECURITY [32m200[0m 3.460 ms - 157[0m[39m
2026-02-22 18:43:52:4352 [35mhttp[39m: [35m[0mGET /api/admin/complaints/department/SECURITY [36m304[0m 4.071 ms - -[0m[39m
2026-02-22 18:43:53:4353 [35mhttp[39m: [35m[0mGET /api/admin/complaints/department/HEALTH [32m200[0m 7.002 ms - 155[0m[39m
2026-02-22 18:43:53:4353 [35mhttp[39m: [35m[0mGET /api/admin/complaints/department/HEALTH [36m304[0m 6.033 ms - -[0m[39m
2026-02-22 18:43:53:4353 [35mhttp[39m: [35m[0mGET /api/admin/complaints/department/ENVIRONMENT [32m200[0m 3.314 ms - 160[0m[39m
2026-02-22 18:43:53:4353 [35mhttp[39m: [35m[0mGET /api/admin/complaints/department/ENVIRONMENT [36m304[0m 3.482 ms - -[0m[39m
2026-02-22 18:43:53:4353 [35mhttp[39m: [35m[0mGET /api/admin/complaints/department/TRANSPORT [32m200[0m 5.303 ms - 158[0m[39m
2026-02-22 18:43:53:4353 [35mhttp[39m: [35m[0mGET /api/admin/complaints/department/TRANSPORT [36m304[0m 4.122 ms - -[0m[39m
2026-02-22 18:43:53:4353 [35mhttp[39m: [35m[0mGET /api/admin/complaints/department/EDUCATION [32m200[0m 7.301 ms - 158[0m[39m
2026-02-22 18:43:53:4353 [35mhttp[39m: [35m[0mGET /api/admin/complaints/department/EDUCATION [36m304[0m 6.064 ms - -[0m[39m
2026-02-22 18:43:58:4358 [35mhttp[39m: [35m[0mGET /api/complaints [32m200[0m 16.083 ms - 722[0m[39m
2026-02-22 18:43:58:4358 [35mhttp[39m: [35m[0mGET /api/complaints [36m304[0m 15.106 ms - -[0m[39m
2026-02-22 18:43:58:4358 [35mhttp[39m: [35m[0mGET /api/complaints/stats/overview [32m200[0m 26.718 ms - 376[0m[39m
2026-02-22 18:43:58:4358 [35mhttp[39m: [35m[0mGET /api/complaints/stats/overview [32m200[0m 30.952 ms - 376[0m[39m
2026-02-22 18:44:16:4416 [35mhttp[39m: [35m[0mGET /api/auth/logout [36m304[0m 0.230 ms - -[0m[39m
2026-02-22 18:45:39:4539 [35mhttp[39m: [35m[0mPOST /api/auth/login [32m200[0m 118.776 ms - 326[0m[39m
2026-02-22 18:53:49:5349 [35mhttp[39m: [35m[0mGET /api/auth/logout [36m304[0m 0.748 ms - -[0m[39m
2026-02-22 18:56:10:5610 [35mhttp[39m: [35m[0mPOST /api/auth/login [32m200[0m 184.305 ms - 326[0m[39m
2026-02-22 18:59:10:5910 [32minfo[39m: [32mMongoDB Connected: localhost[39m
2026-02-22 18:59:23:5923 [32minfo[39m: [32mMongoDB Connected: localhost[39m
2026-02-22 18:59:46:5946 [32minfo[39m: [32mMongoDB Connected: localhost[39m
2026-02-22 19:00:11:011 [32minfo[39m: [32mMongoDB Connected: localhost[39m
2026-02-22 19:00:11:011 [32minfo[39m: [32mServer running on port 5000[39m
2026-02-22 19:00:11:011 [32minfo[39m: [32mEnvironment: development[39m
2026-02-22 19:00:51:051 [35mhttp[39m: [35m[0mGET /api/auth/logout [36m304[0m 2.397 ms - -[0m[39m
2026-02-22 19:00:58:058 [35mhttp[39m: [35m[0mPOST /api/auth/login [32m200[0m 240.718 ms - 380[0m[39m
2026-02-22 19:00:59:059 [31merror[39m: [31m500 - Schema hasn't been registered for model "Team".[39m
[31mUse mongoose.model(name, schema) - /api/complaints/user/69901574ca612f86ba796f6f - GET - ::1[39m
2026-02-22 19:00:59:059 [31merror[39m: [31mMissingSchemaError: Schema hasn't been registered for model "Team".[39m
[31mUse mongoose.model(name, schema)[39m
[31m    at NativeConnection.model (C:\Users\acer\civiccare-smart-city-portal\backend\node_modules\mongoose\lib\connection.js:1497:13)[39m
[31m    at _getModelFromConn (C:\Users\acer\civiccare-smart-city-portal\backend\node_modules\mongoose\lib\helpers\populate\getModelsMapForPopulate.js:579:15)[39m
[31m    at addModelNamesToMap (C:\Users\acer\civiccare-smart-city-portal\backend\node_modules\mongoose\lib\helpers\populate\getModelsMapForPopulate.js:507:17)[39m
[31m    at getModelsMapForPopulate (C:\Users\acer\civiccare-smart-city-portal\backend\node_modules\mongoose\lib\helpers\populate\getModelsMapForPopulate.js:208:7)[39m
[31m    at _populatePath (C:\Users\acer\civiccare-smart-city-portal\backend\node_modules\mongoose\lib\model.js:4491:21)[39m
[31m    at Function.populate (C:\Users\acer\civiccare-smart-city-portal\backend\node_modules\mongoose\lib\model.js:4458:21)[39m
[31m    at model.Query._find (C:\Users\acer\civiccare-smart-city-portal\backend\node_modules\mongoose\lib\query.js:2456:20)[39m
[31m    at process.processTicksAndRejections (node:internal/process/task_queues:105:5)[39m
[31m    at async model.Query.exec (C:\Users\acer\civiccare-smart-city-portal\backend\node_modules\mongoose\lib\query.js:4627:63)[39m
[31m    at async file:///C:/Users/acer/civiccare-smart-city-portal/backend/src/controllers/complaintController.js:60:22[39m
2026-02-22 19:00:59:059 [35mhttp[39m: [35m[0mGET /api/complaints/user/69901574ca612f86ba796f6f [31m500[0m 55.882 ms - 113[0m[39m
2026-02-22 19:00:59:059 [31merror[39m: [31m500 - Schema hasn't been registered for model "Team".[39m
[31mUse mongoose.model(name, schema) - /api/complaints/user/69901574ca612f86ba796f6f - GET - ::1[39m
2026-02-22 19:00:59:059 [31merror[39m: [31mMissingSchemaError: Schema hasn't been registered for model "Team".[39m
[31mUse mongoose.model(name, schema)[39m
[31m    at NativeConnection.model (C:\Users\acer\civiccare-smart-city-portal\backend\node_modules\mongoose\lib\connection.js:1497:13)[39m
[31m    at _getModelFromConn (C:\Users\acer\civiccare-smart-city-portal\backend\node_modules\mongoose\lib\helpers\populate\getModelsMapForPopulate.js:579:15)[39m
[31m    at addModelNamesToMap (C:\Users\acer\civiccare-smart-city-portal\backend\node_modules\mongoose\lib\helpers\populate\getModelsMapForPopulate.js:507:17)[39m
[31m    at getModelsMapForPopulate (C:\Users\acer\civiccare-smart-city-portal\backend\node_modules\mongoose\lib\helpers\populate\getModelsMapForPopulate.js:208:7)[39m
[31m    at _populatePath (C:\Users\acer\civiccare-smart-city-portal\backend\node_modules\mongoose\lib\model.js:4491:21)[39m
[31m    at Function.populate (C:\Users\acer\civiccare-smart-city-portal\backend\node_modules\mongoose\lib\model.js:4458:21)[39m
[31m    at model.Query._find (C:\Users\acer\civiccare-smart-city-portal\backend\node_modules\mongoose\lib\query.js:2456:20)[39m
[31m    at process.processTicksAndRejections (node:internal/process/task_queues:105:5)[39m
[31m    at async model.Query.exec (C:\Users\acer\civiccare-smart-city-portal\backend\node_modules\mongoose\lib\query.js:4627:63)[39m
[31m    at async file:///C:/Users/acer/civiccare-smart-city-portal/backend/src/controllers/complaintController.js:60:22[39m
2026-02-22 19:00:59:059 [35mhttp[39m: [35m[0mGET /api/complaints/user/69901574ca612f86ba796f6f [31m500[0m 25.665 ms - 113[0m[39m
2026-02-22 19:01:28:128 [32minfo[39m: [32mMongoDB Connected: localhost[39m
2026-02-22 19:01:38:138 [31merror[39m: [31m500 - Schema hasn't been registered for model "Team".[39m
[31mUse mongoose.model(name, schema) - /api/complaints/user/69901574ca612f86ba796f6f - GET - ::1[39m
2026-02-22 19:01:38:138 [31merror[39m: [31mMissingSchemaError: Schema hasn't been registered for model "Team".[39m
[31mUse mongoose.model(name, schema)[39m
[31m    at NativeConnection.model (C:\Users\acer\civiccare-smart-city-portal\backend\node_modules\mongoose\lib\connection.js:1497:13)[39m
[31m    at _getModelFromConn (C:\Users\acer\civiccare-smart-city-portal\backend\node_modules\mongoose\lib\helpers\populate\getModelsMapForPopulate.js:579:15)[39m
[31m    at addModelNamesToMap (C:\Users\acer\civiccare-smart-city-portal\backend\node_modules\mongoose\lib\helpers\populate\getModelsMapForPopulate.js:507:17)[39m
[31m    at getModelsMapForPopulate (C:\Users\acer\civiccare-smart-city-portal\backend\node_modules\mongoose\lib\helpers\populate\getModelsMapForPopulate.js:208:7)[39m
[31m    at _populatePath (C:\Users\acer\civiccare-smart-city-portal\backend\node_modules\mongoose\lib\model.js:4491:21)[39m
[31m    at Function.populate (C:\Users\acer\civiccare-smart-city-portal\backend\node_modules\mongoose\lib\model.js:4458:21)[39m
[31m    at model.Query._find (C:\Users\acer\civiccare-smart-city-portal\backend\node_modules\mongoose\lib\query.js:2456:20)[39m
[31m    at process.processTicksAndRejections (node:internal/process/task_queues:105:5)[39m
[31m    at async model.Query.exec (C:\Users\acer\civiccare-smart-city-portal\backend\node_modules\mongoose\lib\query.js:4627:63)[39m
[31m    at async file:///C:/Users/acer/civiccare-smart-city-portal/backend/src/controllers/complaintController.js:60:22[39m
2026-02-22 19:01:38:138 [35mhttp[39m: [35m[0mGET /api/complaints/user/69901574ca612f86ba796f6f [31m500[0m 19.970 ms - 113[0m[39m
2026-02-22 19:01:38:138 [31merror[39m: [31m500 - Schema hasn't been registered for model "Team".[39m
[31mUse mongoose.model(name, schema) - /api/complaints/user/69901574ca612f86ba796f6f - GET - ::1[39m
2026-02-22 19:01:38:138 [31merror[39m: [31mMissingSchemaError: Schema hasn't been registered for model "Team".[39m
[31mUse mongoose.model(name, schema)[39m
[31m    at NativeConnection.model (C:\Users\acer\civiccare-smart-city-portal\backend\node_modules\mongoose\lib\connection.js:1497:13)[39m
[31m    at _getModelFromConn (C:\Users\acer\civiccare-smart-city-portal\backend\node_modules\mongoose\lib\helpers\populate\getModelsMapForPopulate.js:579:15)[39m
[31m    at addModelNamesToMap (C:\Users\acer\civiccare-smart-city-portal\backend\node_modules\mongoose\lib\helpers\populate\getModelsMapForPopulate.js:507:17)[39m
[31m    at getModelsMapForPopulate (C:\Users\acer\civiccare-smart-city-portal\backend\node_modules\mongoose\lib\helpers\populate\getModelsMapForPopulate.js:208:7)[39m
[31m    at _populatePath (C:\Users\acer\civiccare-smart-city-portal\backend\node_modules\mongoose\lib\model.js:4491:21)[39m
[31m    at Function.populate (C:\Users\acer\civiccare-smart-city-portal\backend\node_modules\mongoose\lib\model.js:4458:21)[39m
[31m    at model.Query._find (C:\Users\acer\civiccare-smart-city-portal\backend\node_modules\mongoose\lib\query.js:2456:20)[39m
[31m    at process.processTicksAndRejections (node:internal/process/task_queues:105:5)[39m
[31m    at async model.Query.exec (C:\Users\acer\civiccare-smart-city-portal\backend\node_modules\mongoose\lib\query.js:4627:63)[39m
[31m    at async file:///C:/Users/acer/civiccare-smart-city-portal/backend/src/controllers/complaintController.js:60:22[39m
2026-02-22 19:01:38:138 [35mhttp[39m: [35m[0mGET /api/complaints/user/69901574ca612f86ba796f6f [31m500[0m 20.136 ms - 113[0m[39m
2026-02-22 19:02:06:26 [32minfo[39m: [32mMongoDB Connected: localhost[39m
2026-02-22 19:02:06:26 [32minfo[39m: [32mServer running on port 5000[39m
2026-02-22 19:02:06:26 [32minfo[39m: [32mEnvironment: development[39m
2026-02-22 19:05:03:53 [32minfo[39m: [32mMongoDB Connected: localhost[39m
2026-02-22 19:05:06:56 [32minfo[39m: [32mMongoDB Connected: localhost[39m
2026-02-22 19:05:07:57 [32minfo[39m: [32mMongoDB Connected: localhost[39m
2026-02-22 19:05:11:511 [32minfo[39m: [32mMongoDB Connected: localhost[39m
2026-02-22 19:05:21:521 [32minfo[39m: [32mMongoDB Connected: localhost[39m
2026-02-22 19:05:45:545 [32minfo[39m: [32mMongoDB Connected: localhost[39m
2026-02-22 19:05:45:545 [32minfo[39m: [32mServer running on port 5000[39m
2026-02-22 19:05:45:545 [32minfo[39m: [32mEnvironment: development[39m
2026-02-22 19:06:06:66 [35mhttp[39m: [35m[0mGET /api/complaints/user/69901574ca612f86ba796f6f [32m200[0m 83.774 ms - 45038[0m[39m
2026-02-22 19:06:06:66 [35mhttp[39m: [35m[0mGET /api/complaints/user/69901574ca612f86ba796f6f [36m304[0m 36.079 ms - -[0m[39m
2026-02-22 19:06:14:614 [35mhttp[39m: [35m[0mGET /api/auth/logout [36m304[0m 1.050 ms - -[0m[39m
2026-02-22 19:07:47:747 [31merror[39m: [31m401 - Invalid email or password - /api/auth/login - POST - ::1[39m
2026-02-22 19:07:47:747 [31merror[39m: [31mError: Invalid email or password[39m
[31m    at file:///C:/Users/acer/civiccare-smart-city-portal/backend/src/controllers/authController.js:89:17[39m
[31m    at process.processTicksAndRejections (node:internal/process/task_queues:105:5)[39m
2026-02-22 19:07:48:748 [35mhttp[39m: [35m[0mPOST /api/auth/login [33m401[0m 36.996 ms - 55[0m[39m
2026-02-22 19:09:47:947 [35mhttp[39m: [35m[0mPOST /api/auth/register [32m201[0m 188.277 ms - 368[0m[39m
2026-02-22 19:09:47:947 [35mhttp[39m: [35m[0mGET /api/complaints/user/699b072318453ef33866f1d6 [32m200[0m 37.609 ms - 102[0m[39m
2026-02-22 19:09:47:947 [35mhttp[39m: [35m[0mGET /api/complaints/user/699b072318453ef33866f1d6 [36m304[0m 14.661 ms - -[0m[39m
2026-02-22 19:11:09:119 [31merror[39m: [31m500 - Complaint validation failed: title: Please provide complaint title - /api/complaints - POST - ::1[39m
2026-02-22 19:11:09:119 [31merror[39m: [31mValidationError: Complaint validation failed: title: Please provide complaint title[39m
[31m    at Document.invalidate (C:\Users\acer\civiccare-smart-city-portal\backend\node_modules\mongoose\lib\document.js:3373:32)[39m
[31m    at C:\Users\acer\civiccare-smart-city-portal\backend\node_modules\mongoose\lib\document.js:3134:17[39m
[31m    at C:\Users\acer\civiccare-smart-city-portal\backend\node_modules\mongoose\lib\schemaType.js:1446:9[39m
[31m    at process.processTicksAndRejections (node:internal/process/task_queues:85:11)[39m
2026-02-22 19:11:09:119 [35mhttp[39m: [35m[0mPOST /api/complaints [31m500[0m 20.820 ms - 96[0m[39m
2026-02-22 19:11:12:1112 [31merror[39m: [31m500 - Complaint validation failed: title: Please provide complaint title - /api/complaints - POST - ::1[39m
2026-02-22 19:11:12:1112 [31merror[39m: [31mValidationError: Complaint validation failed: title: Please provide complaint title[39m
[31m    at Document.invalidate (C:\Users\acer\civiccare-smart-city-portal\backend\node_modules\mongoose\lib\document.js:3373:32)[39m
[31m    at C:\Users\acer\civiccare-smart-city-portal\backend\node_modules\mongoose\lib\document.js:3134:17[39m
[31m    at C:\Users\acer\civiccare-smart-city-portal\backend\node_modules\mongoose\lib\schemaType.js:1446:9[39m
[31m    at process.processTicksAndRejections (node:internal/process/task_queues:85:11)[39m
2026-02-22 19:11:12:1112 [35mhttp[39m: [35m[0mPOST /api/complaints [31m500[0m 12.291 ms - 96[0m[39m
2026-02-22 19:11:44:1144 [31merror[39m: [31m500 - Complaint validation failed: title: Please provide complaint title - /api/complaints - POST - ::1[39m
2026-02-22 19:11:44:1144 [31merror[39m: [31mValidationError: Complaint validation failed: title: Please provide complaint title[39m
[31m    at Document.invalidate (C:\Users\acer\civiccare-smart-city-portal\backend\node_modules\mongoose\lib\document.js:3373:32)[39m
[31m    at C:\Users\acer\civiccare-smart-city-portal\backend\node_modules\mongoose\lib\document.js:3134:17[39m
[31m    at C:\Users\acer\civiccare-smart-city-portal\backend\node_modules\mongoose\lib\schemaType.js:1446:9[39m
[31m    at process.processTicksAndRejections (node:internal/process/task_queues:85:11)[39m
2026-02-22 19:11:44:1144 [35mhttp[39m: [35m[0mPOST /api/complaints [31m500[0m 12.657 ms - 96[0m[39m
2026-02-22 19:13:03:133 [31merror[39m: [31m500 - Complaint validation failed: title: Please provide complaint title - /api/complaints - POST - ::1[39m
2026-02-22 19:13:03:133 [31merror[39m: [31mValidationError: Complaint validation failed: title: Please provide complaint title[39m
[31m    at Document.invalidate (C:\Users\acer\civiccare-smart-city-portal\backend\node_modules\mongoose\lib\document.js:3373:32)[39m
[31m    at C:\Users\acer\civiccare-smart-city-portal\backend\node_modules\mongoose\lib\document.js:3134:17[39m
[31m    at C:\Users\acer\civiccare-smart-city-portal\backend\node_modules\mongoose\lib\schemaType.js:1446:9[39m
[31m    at process.processTicksAndRejections (node:internal/process/task_queues:85:11)[39m
2026-02-22 19:13:03:133 [35mhttp[39m: [35m[0mPOST /api/complaints [31m500[0m 9.919 ms - 96[0m[39m
2026-02-22 19:13:25:1325 [35mhttp[39m: [35m[0mGET /api/auth/logout [36m304[0m 0.279 ms - -[0m[39m
2026-02-22 19:13:40:1340 [35mhttp[39m: [35m[0mPOST /api/auth/login [32m200[0m 270.401 ms - 368[0m[39m
2026-02-22 19:13:40:1340 [35mhttp[39m: [35m[0mGET /api/complaints/user/699b072318453ef33866f1d6 [36m304[0m 14.954 ms - -[0m[39m
2026-02-22 19:13:40:1340 [35mhttp[39m: [35m[0mGET /api/complaints/user/699b072318453ef33866f1d6 [36m304[0m 8.588 ms - -[0m[39m
2026-02-22 19:13:57:1357 [35mhttp[39m: [35m[0mGET /api/auth/logout [36m304[0m 0.342 ms - -[0m[39m
2026-02-22 19:14:06:146 [32minfo[39m: [32mMongoDB Connected: localhost[39m
2026-02-22 19:14:09:149 [32minfo[39m: [32mMongoDB Connected: localhost[39m
2026-02-22 19:14:52:1452 [32minfo[39m: [32mMongoDB Connected: localhost[39m
2026-02-22 19:15:25:1525 [32minfo[39m: [32mMongoDB Connected: localhost[39m
2026-02-22 19:15:25:1525 [32minfo[39m: [32mServer running on port 5000[39m
2026-02-22 19:15:25:1525 [32minfo[39m: [32mEnvironment: development[39m
2026-02-22 19:16:37:1637 [35mhttp[39m: [35m[0mPOST /api/auth/login [32m200[0m 161.005 ms - 368[0m[39m
2026-02-22 19:16:38:1638 [35mhttp[39m: [35m[0mGET /api/complaints/user/699b072318453ef33866f1d6 [36m304[0m 38.289 ms - -[0m[39m
2026-02-22 19:16:38:1638 [35mhttp[39m: [35m[0mGET /api/complaints/user/699b072318453ef33866f1d6 [36m304[0m 13.325 ms - -[0m[39m
2026-02-22 19:17:54:1754 [35mhttp[39m: [35m[0mPOST /api/complaints [32m201[0m 56.516 ms - 630[0m[39m
2026-02-22 19:17:56:1756 [35mhttp[39m: [35m[0mGET /api/complaints/user/699b072318453ef33866f1d6 [32m200[0m 16.247 ms - 703[0m[39m
2026-02-22 19:17:56:1756 [35mhttp[39m: [35m[0mGET /api/complaints/user/699b072318453ef33866f1d6 [36m304[0m 14.569 ms - -[0m[39m
2026-02-22 19:18:12:1812 [35mhttp[39m: [35m[0mGET /api/auth/logout [36m304[0m 1.038 ms - -[0m[39m
2026-02-22 19:18:24:1824 [35mhttp[39m: [35m[0mPOST /api/auth/admin-login [32m200[0m 103.136 ms - 397[0m[39m
2026-02-22 19:18:25:1825 [35mhttp[39m: [35m[0mGET /api/admin/complaints/department/WASTE_MANAGEMENT [32m200[0m 45.693 ms - 29958[0m[39m
2026-02-22 19:18:25:1825 [35mhttp[39m: [35m[0mGET /api/admin/complaints/department/WASTE_MANAGEMENT [32m200[0m 16.335 ms - 29958[0m[39m
2026-02-22 19:18:25:1825 [35mhttp[39m: [35m[0mGET /api/admin/complaints/department/POTHOLES [32m200[0m 19.875 ms - 933[0m[39m
2026-02-22 19:18:25:1825 [35mhttp[39m: [35m[0mGET /api/admin/complaints/department/POTHOLES [36m304[0m 8.001 ms - -[0m[39m
2026-02-22 19:18:25:1825 [35mhttp[39m: [35m[0mGET /api/admin/complaints/department/ELECTRICITY [32m200[0m 9.571 ms - 934[0m[39m
2026-02-22 19:18:25:1825 [35mhttp[39m: [35m[0mGET /api/admin/complaints/department/ELECTRICITY [36m304[0m 13.398 ms - -[0m[39m
2026-02-22 19:18:25:1825 [35mhttp[39m: [35m[0mGET /api/admin/complaints/department/WATER [36m304[0m 6.451 ms - -[0m[39m
2026-02-22 19:18:25:1825 [35mhttp[39m: [35m[0mGET /api/admin/complaints/department/WATER [36m304[0m 6.228 ms - -[0m[39m
2026-02-22 19:18:25:1825 [35mhttp[39m: [35m[0mGET /api/admin/complaints/department/SANITATION [36m304[0m 8.913 ms - -[0m[39m
2026-02-22 19:18:25:1825 [35mhttp[39m: [35m[0mGET /api/admin/complaints/department/SANITATION [36m304[0m 6.033 ms - -[0m[39m
2026-02-22 19:18:25:1825 [35mhttp[39m: [35m[0mGET /api/admin/complaints/department/PUBLIC_PROPERTY [32m200[0m 12.973 ms - 16224[0m[39m
2026-02-22 19:18:25:1825 [35mhttp[39m: [35m[0mGET /api/admin/complaints/department/PUBLIC_PROPERTY [36m304[0m 9.870 ms - -[0m[39m
2026-02-22 19:18:25:1825 [35mhttp[39m: [35m[0mGET /api/admin/complaints/department/E_WASTE [32m200[0m 10.196 ms - 920[0m[39m
2026-02-22 19:18:25:1825 [35mhttp[39m: [35m[0mGET /api/admin/complaints/department/E_WASTE [36m304[0m 6.840 ms - -[0m[39m
2026-02-22 19:18:26:1826 [35mhttp[39m: [35m[0mGET /api/admin/complaints/department/SECURITY [36m304[0m 5.533 ms - -[0m[39m
2026-02-22 19:18:26:1826 [35mhttp[39m: [35m[0mGET /api/admin/complaints/department/SECURITY [36m304[0m 4.995 ms - -[0m[39m
2026-02-22 19:18:26:1826 [35mhttp[39m: [35m[0mGET /api/admin/complaints/department/HEALTH [36m304[0m 4.793 ms - -[0m[39m
2026-02-22 19:18:26:1826 [35mhttp[39m: [35m[0mGET /api/admin/complaints/department/HEALTH [36m304[0m 5.042 ms - -[0m[39m
2026-02-22 19:18:26:1826 [35mhttp[39m: [35m[0mGET /api/admin/complaints/department/ENVIRONMENT [36m304[0m 5.380 ms - -[0m[39m
2026-02-22 19:18:26:1826 [35mhttp[39m: [35m[0mGET /api/admin/complaints/department/ENVIRONMENT [36m304[0m 4.676 ms - -[0m[39m
2026-02-22 19:18:26:1826 [35mhttp[39m: [35m[0mGET /api/admin/complaints/department/TRANSPORT [36m304[0m 5.673 ms - -[0m[39m
2026-02-22 19:18:26:1826 [35mhttp[39m: [35m[0mGET /api/admin/complaints/department/TRANSPORT [36m304[0m 6.431 ms - -[0m[39m
2026-02-22 19:18:26:1826 [35mhttp[39m: [35m[0mGET /api/admin/complaints/department/EDUCATION [36m304[0m 7.909 ms - -[0m[39m
2026-02-22 19:18:26:1826 [35mhttp[39m: [35m[0mGET /api/admin/complaints/department/EDUCATION [36m304[0m 4.547 ms - -[0m[39m
2026-02-22 19:18:33:1833 [35mhttp[39m: [35m[0mGET /api/setup/teams/by-category/PUBLIC_PROPERTY [32m200[0m 18.698 ms - 365[0m[39m
2026-02-22 19:18:33:1833 [35mhttp[39m: [35m[0mGET /api/admin/complaints/department/PUBLIC_PROPERTY [36m304[0m 24.433 ms - -[0m[39m
2026-02-22 19:18:33:1833 [35mhttp[39m: [35m[0mGET /api/setup/ward-offices [32m200[0m 15.004 ms - 1347[0m[39m
2026-02-22 19:18:33:1833 [35mhttp[39m: [35m[0mGET /api/setup/teams/by-category/PUBLIC_PROPERTY [36m304[0m 21.477 ms - -[0m[39m
2026-02-22 19:18:33:1833 [35mhttp[39m: [35m[0mGET /api/setup/ward-offices [36m304[0m 20.994 ms - -[0m[39m
2026-02-22 19:18:33:1833 [35mhttp[39m: [35m[0mGET /api/admin/complaints/department/PUBLIC_PROPERTY [36m304[0m 27.165 ms - -[0m[39m
2026-02-22 19:18:55:1855 [35mhttp[39m: [35m[0mPOST /api/auth/admin-login [32m200[0m 119.298 ms - 397[0m[39m
2026-02-22 19:18:55:1855 [35mhttp[39m: [35m[0mGET /api/admin/complaints/department/WASTE_MANAGEMENT [32m200[0m 34.672 ms - 29958[0m[39m
2026-02-22 19:18:55:1855 [35mhttp[39m: [35m[0mGET /api/admin/complaints/department/WASTE_MANAGEMENT [32m200[0m 17.479 ms - 29958[0m[39m
2026-02-22 19:18:55:1855 [35mhttp[39m: [35m[0mGET /api/admin/complaints/department/POTHOLES [36m304[0m 9.242 ms - -[0m[39m
2026-02-22 19:18:55:1855 [35mhttp[39m: [35m[0mGET /api/admin/complaints/department/POTHOLES [36m304[0m 11.804 ms - -[0m[39m
2026-02-22 19:18:55:1855 [35mhttp[39m: [35m[0mGET /api/admin/complaints/department/ELECTRICITY [36m304[0m 12.881 ms - -[0m[39m
2026-02-22 19:18:55:1855 [35mhttp[39m: [35m[0mGET /api/admin/complaints/department/ELECTRICITY [36m304[0m 12.836 ms - -[0m[39m
2026-02-22 19:18:55:1855 [35mhttp[39m: [35m[0mGET /api/admin/complaints/department/WATER [36m304[0m 5.070 ms - -[0m[39m
2026-02-22 19:18:55:1855 [35mhttp[39m: [35m[0mGET /api/admin/complaints/department/WATER [36m304[0m 5.441 ms - -[0m[39m
2026-02-22 19:18:55:1855 [35mhttp[39m: [35m[0mGET /api/admin/complaints/department/SANITATION [36m304[0m 6.608 ms - -[0m[39m
2026-02-22 19:18:55:1855 [35mhttp[39m: [35m[0mGET /api/admin/complaints/department/SANITATION [36m304[0m 5.163 ms - -[0m[39m
2026-02-22 19:18:55:1855 [35mhttp[39m: [35m[0mGET /api/admin/complaints/department/PUBLIC_PROPERTY [36m304[0m 9.263 ms - -[0m[39m
2026-02-22 19:18:55:1855 [35mhttp[39m: [35m[0mGET /api/admin/complaints/department/PUBLIC_PROPERTY [36m304[0m 8.879 ms - -[0m[39m
2026-02-22 19:18:56:1856 [35mhttp[39m: [35m[0mGET /api/admin/complaints/department/E_WASTE [36m304[0m 9.719 ms - -[0m[39m
2026-02-22 19:18:56:1856 [35mhttp[39m: [35m[0mGET /api/admin/complaints/department/E_WASTE [36m304[0m 5.729 ms - -[0m[39m
2026-02-22 19:18:56:1856 [35mhttp[39m: [35m[0mGET /api/admin/complaints/department/SECURITY [36m304[0m 9.297 ms - -[0m[39m
2026-02-22 19:18:56:1856 [35mhttp[39m: [35m[0mGET /api/admin/complaints/department/SECURITY [36m304[0m 5.167 ms - -[0m[39m
2026-02-22 19:18:56:1856 [35mhttp[39m: [35m[0mGET /api/admin/complaints/department/HEALTH [36m304[0m 7.536 ms - -[0m[39m
2026-02-22 19:18:56:1856 [35mhttp[39m: [35m[0mGET /api/admin/complaints/department/HEALTH [36m304[0m 5.999 ms - -[0m[39m
2026-02-22 19:18:56:1856 [35mhttp[39m: [35m[0mGET /api/admin/complaints/department/ENVIRONMENT [36m304[0m 10.602 ms - -[0m[39m
2026-02-22 19:18:56:1856 [35mhttp[39m: [35m[0mGET /api/admin/complaints/department/ENVIRONMENT [36m304[0m 6.867 ms - -[0m[39m
2026-02-22 19:18:56:1856 [35mhttp[39m: [35m[0mGET /api/admin/complaints/department/TRANSPORT [36m304[0m 6.827 ms - -[0m[39m
2026-02-22 19:18:56:1856 [35mhttp[39m: [35m[0mGET /api/admin/complaints/department/TRANSPORT [36m304[0m 6.032 ms - -[0m[39m
2026-02-22 19:18:56:1856 [35mhttp[39m: [35m[0mGET /api/admin/complaints/department/EDUCATION [36m304[0m 5.162 ms - -[0m[39m
2026-02-22 19:18:56:1856 [35mhttp[39m: [35m[0mGET /api/admin/complaints/department/EDUCATION [36m304[0m 5.748 ms - -[0m[39m
2026-02-22 19:20:12:2012 [35mhttp[39m: [35m[0mGET /api/setup/ward-offices [36m304[0m 22.650 ms - -[0m[39m
2026-02-22 19:20:12:2012 [35mhttp[39m: [35m[0mGET /api/setup/teams/by-category/WASTE_MANAGEMENT [32m200[0m 21.937 ms - 753[0m[39m
2026-02-22 19:20:12:2012 [35mhttp[39m: [35m[0mGET /api/setup/ward-offices [36m304[0m 15.831 ms - -[0m[39m
2026-02-22 19:20:12:2012 [35mhttp[39m: [35m[0mGET /api/setup/teams/by-category/WASTE_MANAGEMENT [36m304[0m 15.060 ms - -[0m[39m
2026-02-22 19:20:12:2012 [35mhttp[39m: [35m[0mGET /api/admin/complaints/department/WASTE_MANAGEMENT [32m200[0m 62.584 ms - 29958[0m[39m
2026-02-22 19:20:12:2012 [35mhttp[39m: [35m[0mGET /api/admin/complaints/department/WASTE_MANAGEMENT [32m200[0m 15.857 ms - 29958[0m[39m
2026-02-22 19:21:37:2137 [35mhttp[39m: [35m[0mGET /api/setup/teams/by-category/WASTE_MANAGEMENT [36m304[0m 53.136 ms - -[0m[39m
2026-02-22 19:21:37:2137 [35mhttp[39m: [35m[0mGET /api/admin/complaints/department/WASTE_MANAGEMENT [32m200[0m 63.357 ms - 29958[0m[39m
2026-02-22 19:21:37:2137 [35mhttp[39m: [35m[0mGET /api/setup/ward-offices [36m304[0m 28.206 ms - -[0m[39m
2026-02-22 19:21:37:2137 [35mhttp[39m: [35m[0mGET /api/setup/teams/by-category/WASTE_MANAGEMENT [36m304[0m 23.829 ms - -[0m[39m
2026-02-22 19:21:37:2137 [35mhttp[39m: [35m[0mGET /api/setup/ward-offices [36m304[0m 14.398 ms - -[0m[39m
2026-02-22 19:21:37:2137 [35mhttp[39m: [35m[0mGET /api/admin/complaints/department/WASTE_MANAGEMENT [32m200[0m 30.890 ms - 29958[0m[39m
2026-02-22 19:21:54:2154 [31merror[39m: [31m500 - Complaint validation failed: remarks: Cast to embedded failed for value "bhjbkm" (type string) at path "remarks" because of "ObjectParameterError", title: Please provide complaint title - /api/admin/assign-team - POST - ::1[39m
2026-02-22 19:21:54:2154 [31merror[39m: [31mValidationError: Complaint validation failed: remarks: Cast to embedded failed for value "bhjbkm" (type string) at path "remarks" because of "ObjectParameterError", title: Please provide complaint title[39m
[31m    at Document.invalidate (C:\Users\acer\civiccare-smart-city-portal\backend\node_modules\mongoose\lib\document.js:3373:32)[39m
[31m    at model.$set (C:\Users\acer\civiccare-smart-city-portal\backend\node_modules\mongoose\lib\document.js:1490:12)[39m
[31m    at model.set [as remarks] (C:\Users\acer\civiccare-smart-city-portal\backend\node_modules\mongoose\lib\helpers\document\compile.js:205:19)[39m
[31m    at file:///C:/Users/acer/civiccare-smart-city-portal/backend/src/controllers/adminController.js:29:21[39m
[31m    at process.processTicksAndRejections (node:internal/process/task_queues:105:5)[39m
2026-02-22 19:21:54:2154 [35mhttp[39m: [35m[0mPOST /api/admin/assign-team [31m500[0m 26.492 ms - 221[0m[39m
2026-02-22 19:21:56:2156 [31merror[39m: [31m500 - Complaint validation failed: remarks: Cast to embedded failed for value "bhjbkm" (type string) at path "remarks" because of "ObjectParameterError", title: Please provide complaint title - /api/admin/assign-team - POST - ::1[39m
2026-02-22 19:21:56:2156 [31merror[39m: [31mValidationError: Complaint validation failed: remarks: Cast to embedded failed for value "bhjbkm" (type string) at path "remarks" because of "ObjectParameterError", title: Please provide complaint title[39m
[31m    at Document.invalidate (C:\Users\acer\civiccare-smart-city-portal\backend\node_modules\mongoose\lib\document.js:3373:32)[39m
[31m    at model.$set (C:\Users\acer\civiccare-smart-city-portal\backend\node_modules\mongoose\lib\document.js:1490:12)[39m
[31m    at model.set [as remarks] (C:\Users\acer\civiccare-smart-city-portal\backend\node_modules\mongoose\lib\helpers\document\compile.js:205:19)[39m
[31m    at file:///C:/Users/acer/civiccare-smart-city-portal/backend/src/controllers/adminController.js:29:21[39m
[31m    at process.processTicksAndRejections (node:internal/process/task_queues:105:5)[39m
2026-02-22 19:21:56:2156 [35mhttp[39m: [35m[0mPOST /api/admin/assign-team [31m500[0m 16.050 ms - 221[0m[39m
2026-02-22 19:21:58:2158 [31merror[39m: [31m500 - Complaint validation failed: remarks: Cast to embedded failed for value "bhjbkm" (type string) at path "remarks" because of "ObjectParameterError", title: Please provide complaint title - /api/admin/assign-team - POST - ::1[39m
2026-02-22 19:21:58:2158 [31merror[39m: [31mValidationError: Complaint validation failed: remarks: Cast to embedded failed for value "bhjbkm" (type string) at path "remarks" because of "ObjectParameterError", title: Please provide complaint title[39m
[31m    at Document.invalidate (C:\Users\acer\civiccare-smart-city-portal\backend\node_modules\mongoose\lib\document.js:3373:32)[39m
[31m    at model.$set (C:\Users\acer\civiccare-smart-city-portal\backend\node_modules\mongoose\lib\document.js:1490:12)[39m
[31m    at model.set [as remarks] (C:\Users\acer\civiccare-smart-city-portal\backend\node_modules\mongoose\lib\helpers\document\compile.js:205:19)[39m
[31m    at file:///C:/Users/acer/civiccare-smart-city-portal/backend/src/controllers/adminController.js:29:21[39m
[31m    at process.processTicksAndRejections (node:internal/process/task_queues:105:5)[39m
2026-02-22 19:21:58:2158 [35mhttp[39m: [35m[0mPOST /api/admin/assign-team [31m500[0m 13.931 ms - 221[0m[39m
2026-02-22 19:22:00:220 [31merror[39m: [31m500 - Complaint validation failed: remarks: Cast to embedded failed for value "bhjbkm" (type string) at path "remarks" because of "ObjectParameterError", title: Please provide complaint title - /api/admin/assign-team - POST - ::1[39m
2026-02-22 19:22:00:220 [31merror[39m: [31mValidationError: Complaint validation failed: remarks: Cast to embedded failed for value "bhjbkm" (type string) at path "remarks" because of "ObjectParameterError", title: Please provide complaint title[39m
[31m    at Document.invalidate (C:\Users\acer\civiccare-smart-city-portal\backend\node_modules\mongoose\lib\document.js:3373:32)[39m
[31m    at model.$set (C:\Users\acer\civiccare-smart-city-portal\backend\node_modules\mongoose\lib\document.js:1490:12)[39m
[31m    at model.set [as remarks] (C:\Users\acer\civiccare-smart-city-portal\backend\node_modules\mongoose\lib\helpers\document\compile.js:205:19)[39m
[31m    at file:///C:/Users/acer/civiccare-smart-city-portal/backend/src/controllers/adminController.js:29:21[39m
[31m    at process.processTicksAndRejections (node:internal/process/task_queues:105:5)[39m
2026-02-22 19:22:00:220 [35mhttp[39m: [35m[0mPOST /api/admin/assign-team [31m500[0m 13.940 ms - 221[0m[39m
2026-02-22 19:22:00:220 [31merror[39m: [31m500 - Complaint validation failed: remarks: Cast to embedded failed for value "bhjbkm" (type string) at path "remarks" because of "ObjectParameterError", title: Please provide complaint title - /api/admin/assign-team - POST - ::1[39m
2026-02-22 19:22:00:220 [31merror[39m: [31mValidationError: Complaint validation failed: remarks: Cast to embedded failed for value "bhjbkm" (type string) at path "remarks" because of "ObjectParameterError", title: Please provide complaint title[39m
[31m    at Document.invalidate (C:\Users\acer\civiccare-smart-city-portal\backend\node_modules\mongoose\lib\document.js:3373:32)[39m
[31m    at model.$set (C:\Users\acer\civiccare-smart-city-portal\backend\node_modules\mongoose\lib\document.js:1490:12)[39m
[31m    at model.set [as remarks] (C:\Users\acer\civiccare-smart-city-portal\backend\node_modules\mongoose\lib\helpers\document\compile.js:205:19)[39m
[31m    at file:///C:/Users/acer/civiccare-smart-city-portal/backend/src/controllers/adminController.js:29:21[39m
[31m    at process.processTicksAndRejections (node:internal/process/task_queues:105:5)[39m
2026-02-22 19:22:00:220 [35mhttp[39m: [35m[0mPOST /api/admin/assign-team [31m500[0m 15.818 ms - 221[0m[39m
2026-02-22 19:24:31:2431 [35mhttp[39m: [35m[0mGET /api/setup/teams/by-category/WASTE_MANAGEMENT [36m304[0m 12.701 ms - -[0m[39m
2026-02-22 19:24:31:2431 [35mhttp[39m: [35m[0mGET /api/setup/ward-offices [36m304[0m 14.802 ms - -[0m[39m
2026-02-22 19:24:31:2431 [35mhttp[39m: [35m[0mGET /api/admin/complaints/department/WASTE_MANAGEMENT [32m200[0m 24.597 ms - 29958[0m[39m
2026-02-22 19:25:00:250 [32minfo[39m: [32mMongoDB Connected: localhost[39m
2026-02-22 19:25:07:257 [32minfo[39m: [32mMongoDB Connected: localhost[39m
2026-02-22 19:25:12:2512 [32minfo[39m: [32mMongoDB Connected: localhost[39m
2026-02-22 19:25:16:2516 [32minfo[39m: [32mMongoDB Connected: localhost[39m
2026-02-22 19:25:24:2524 [32minfo[39m: [32mMongoDB Connected: localhost[39m
2026-02-22 19:25:44:2544 [35mhttp[39m: [35m[0mGET /api/auth/logout [36m304[0m 0.532 ms - -[0m[39m
2026-02-22 19:26:17:2617 [32minfo[39m: [32mMongoDB Connected: localhost[39m
2026-02-22 19:28:33:2833 [32minfo[39m: [32mMongoDB Connected: localhost[39m
2026-02-22 19:28:33:2833 [32minfo[39m: [32mServer running on port 5000[39m
2026-02-22 19:28:33:2833 [32minfo[39m: [32mEnvironment: development[39m
2026-02-22 19:31:17:3117 [35mhttp[39m: [35m[0mPOST /api/auth/admin-login [32m200[0m 171.076 ms - 397[0m[39m
2026-02-22 19:31:17:3117 [35mhttp[39m: [35m[0mGET /api/admin/complaints/department/WASTE_MANAGEMENT [32m200[0m 55.512 ms - 29958[0m[39m
2026-02-22 19:31:17:3117 [35mhttp[39m: [35m[0mGET /api/admin/complaints/department/WASTE_MANAGEMENT [32m200[0m 17.845 ms - 29958[0m[39m
2026-02-22 19:31:17:3117 [35mhttp[39m: [35m[0mGET /api/admin/complaints/department/POTHOLES [36m304[0m 15.198 ms - -[0m[39m
2026-02-22 19:31:17:3117 [35mhttp[39m: [35m[0mGET /api/admin/complaints/department/POTHOLES [36m304[0m 7.671 ms - -[0m[39m
2026-02-22 19:31:17:3117 [35mhttp[39m: [35m[0mGET /api/admin/complaints/department/ELECTRICITY [36m304[0m 8.673 ms - -[0m[39m
2026-02-22 19:31:17:3117 [35mhttp[39m: [35m[0mGET /api/admin/complaints/department/ELECTRICITY [36m304[0m 12.588 ms - -[0m[39m
2026-02-22 19:31:17:3117 [35mhttp[39m: [35m[0mGET /api/admin/complaints/department/WATER [36m304[0m 6.120 ms - -[0m[39m
2026-02-22 19:31:17:3117 [35mhttp[39m: [35m[0mGET /api/admin/complaints/department/WATER [36m304[0m 11.139 ms - -[0m[39m
2026-02-22 19:31:17:3117 [35mhttp[39m: [35m[0mGET /api/admin/complaints/department/SANITATION [36m304[0m 5.942 ms - -[0m[39m
2026-02-22 19:31:17:3117 [35mhttp[39m: [35m[0mGET /api/admin/complaints/department/SANITATION [36m304[0m 5.264 ms - -[0m[39m
2026-02-22 19:31:17:3117 [35mhttp[39m: [35m[0mGET /api/admin/complaints/department/PUBLIC_PROPERTY [36m304[0m 11.582 ms - -[0m[39m
2026-02-22 19:31:17:3117 [35mhttp[39m: [35m[0mGET /api/admin/complaints/department/PUBLIC_PROPERTY [36m304[0m 8.524 ms - -[0m[39m
2026-02-22 19:31:17:3117 [35mhttp[39m: [35m[0mGET /api/admin/complaints/department/E_WASTE [36m304[0m 10.021 ms - -[0m[39m
2026-02-22 19:31:18:3118 [35mhttp[39m: [35m[0mGET /api/admin/complaints/department/E_WASTE [36m304[0m 10.362 ms - -[0m[39m
2026-02-22 19:31:18:3118 [35mhttp[39m: [35m[0mGET /api/admin/complaints/department/SECURITY [36m304[0m 5.422 ms - -[0m[39m
2026-02-22 19:31:18:3118 [35mhttp[39m: [35m[0mGET /api/admin/complaints/department/SECURITY [36m304[0m 9.175 ms - -[0m[39m
2026-02-22 19:31:18:3118 [35mhttp[39m: [35m[0mGET /api/admin/complaints/department/HEALTH [36m304[0m 8.384 ms - -[0m[39m
2026-02-22 19:31:18:3118 [35mhttp[39m: [35m[0mGET /api/admin/complaints/department/HEALTH [36m304[0m 5.308 ms - -[0m[39m
2026-02-22 19:31:18:3118 [35mhttp[39m: [35m[0mGET /api/admin/complaints/department/ENVIRONMENT [36m304[0m 5.819 ms - -[0m[39m
2026-02-22 19:31:18:3118 [35mhttp[39m: [35m[0mGET /api/admin/complaints/department/ENVIRONMENT [36m304[0m 7.449 ms - -[0m[39m
2026-02-22 19:31:18:3118 [35mhttp[39m: [35m[0mGET /api/admin/complaints/department/TRANSPORT [36m304[0m 4.437 ms - -[0m[39m
2026-02-22 19:31:18:3118 [35mhttp[39m: [35m[0mGET /api/admin/complaints/department/TRANSPORT [36m304[0m 5.211 ms - -[0m[39m
2026-02-22 19:31:18:3118 [35mhttp[39m: [35m[0mGET /api/admin/complaints/department/EDUCATION [36m304[0m 6.389 ms - -[0m[39m
2026-02-22 19:31:18:3118 [35mhttp[39m: [35m[0mGET /api/admin/complaints/department/EDUCATION [36m304[0m 4.777 ms - -[0m[39m
2026-02-22 19:31:56:3156 [35mhttp[39m: [35m[0mGET /api/admin/complaints/department/POTHOLES [36m304[0m 25.708 ms - -[0m[39m
2026-02-22 19:31:56:3156 [35mhttp[39m: [35m[0mGET /api/setup/ward-offices [36m304[0m 19.741 ms - -[0m[39m
2026-02-22 19:31:56:3156 [35mhttp[39m: [35m[0mGET /api/setup/teams/by-category/POTHOLES [32m200[0m 15.454 ms - 688[0m[39m
2026-02-22 19:31:57:3157 [35mhttp[39m: [35m[0mGET /api/setup/ward-offices [36m304[0m 9.970 ms - -[0m[39m
2026-02-22 19:31:57:3157 [35mhttp[39m: [35m[0mGET /api/setup/teams/by-category/POTHOLES [36m304[0m 8.768 ms - -[0m[39m
2026-02-22 19:31:57:3157 [35mhttp[39m: [35m[0mGET /api/admin/complaints/department/POTHOLES [36m304[0m 21.247 ms - -[0m[39m
2026-02-22 19:32:11:3211 [31merror[39m: [31m500 - Complaint validation failed: remarks: Cast to embedded failed for value "jbhkj" (type string) at path "remarks" because of "ObjectParameterError", title: Please provide complaint title - /api/admin/assign-team - POST - ::1[39m
2026-02-22 19:32:11:3211 [31merror[39m: [31mValidationError: Complaint validation failed: remarks: Cast to embedded failed for value "jbhkj" (type string) at path "remarks" because of "ObjectParameterError", title: Please provide complaint title[39m
[31m    at Document.invalidate (C:\Users\acer\civiccare-smart-city-portal\backend\node_modules\mongoose\lib\document.js:3373:32)[39m
[31m    at model.$set (C:\Users\acer\civiccare-smart-city-portal\backend\node_modules\mongoose\lib\document.js:1490:12)[39m
[31m    at model.set [as remarks] (C:\Users\acer\civiccare-smart-city-portal\backend\node_modules\mongoose\lib\helpers\document\compile.js:205:19)[39m
[31m    at file:///C:/Users/acer/civiccare-smart-city-portal/backend/src/controllers/adminController.js:28:21[39m
[31m    at process.processTicksAndRejections (node:internal/process/task_queues:105:5)[39m
2026-02-22 19:32:11:3211 [35mhttp[39m: [35m[0mPOST /api/admin/assign-team [31m500[0m 32.126 ms - 220[0m[39m
2026-02-22 19:32:12:3212 [31merror[39m: [31m500 - Complaint validation failed: remarks: Cast to embedded failed for value "jbhkj" (type string) at path "remarks" because of "ObjectParameterError", title: Please provide complaint title - /api/admin/assign-team - POST - ::1[39m
2026-02-22 19:32:12:3212 [31merror[39m: [31mValidationError: Complaint validation failed: remarks: Cast to embedded failed for value "jbhkj" (type string) at path "remarks" because of "ObjectParameterError", title: Please provide complaint title[39m
[31m    at Document.invalidate (C:\Users\acer\civiccare-smart-city-portal\backend\node_modules\mongoose\lib\document.js:3373:32)[39m
[31m    at model.$set (C:\Users\acer\civiccare-smart-city-portal\backend\node_modules\mongoose\lib\document.js:1490:12)[39m
[31m    at model.set [as remarks] (C:\Users\acer\civiccare-smart-city-portal\backend\node_modules\mongoose\lib\helpers\document\compile.js:205:19)[39m
[31m    at file:///C:/Users/acer/civiccare-smart-city-portal/backend/src/controllers/adminController.js:28:21[39m
[31m    at process.processTicksAndRejections (node:internal/process/task_queues:105:5)[39m
2026-02-22 19:32:12:3212 [35mhttp[39m: [35m[0mPOST /api/admin/assign-team [31m500[0m 10.640 ms - 220[0m[39m
2026-02-22 19:32:12:3212 [31merror[39m: [31m500 - Complaint validation failed: remarks: Cast to embedded failed for value "jbhkj" (type string) at path "remarks" because of "ObjectParameterError", title: Please provide complaint title - /api/admin/assign-team - POST - ::1[39m
2026-02-22 19:32:12:3212 [31merror[39m: [31mValidationError: Complaint validation failed: remarks: Cast to embedded failed for value "jbhkj" (type string) at path "remarks" because of "ObjectParameterError", title: Please provide complaint title[39m
[31m    at Document.invalidate (C:\Users\acer\civiccare-smart-city-portal\backend\node_modules\mongoose\lib\document.js:3373:32)[39m
[31m    at model.$set (C:\Users\acer\civiccare-smart-city-portal\backend\node_modules\mongoose\lib\document.js:1490:12)[39m
[31m    at model.set [as remarks] (C:\Users\acer\civiccare-smart-city-portal\backend\node_modules\mongoose\lib\helpers\document\compile.js:205:19)[39m
[31m    at file:///C:/Users/acer/civiccare-smart-city-portal/backend/src/controllers/adminController.js:28:21[39m
[31m    at process.processTicksAndRejections (node:internal/process/task_queues:105:5)[39m
2026-02-22 19:32:12:3212 [35mhttp[39m: [35m[0mPOST /api/admin/assign-team [31m500[0m 19.923 ms - 220[0m[39m
2026-02-22 19:32:12:3212 [31merror[39m: [31m500 - Complaint validation failed: remarks: Cast to embedded failed for value "jbhkj" (type string) at path "remarks" because of "ObjectParameterError", title: Please provide complaint title - /api/admin/assign-team - POST - ::1[39m
2026-02-22 19:32:12:3212 [31merror[39m: [31mValidationError: Complaint validation failed: remarks: Cast to embedded failed for value "jbhkj" (type string) at path "remarks" because of "ObjectParameterError", title: Please provide complaint title[39m
[31m    at Document.invalidate (C:\Users\acer\civiccare-smart-city-portal\backend\node_modules\mongoose\lib\document.js:3373:32)[39m
[31m    at model.$set (C:\Users\acer\civiccare-smart-city-portal\backend\node_modules\mongoose\lib\document.js:1490:12)[39m
[31m    at model.set [as remarks] (C:\Users\acer\civiccare-smart-city-portal\backend\node_modules\mongoose\lib\helpers\document\compile.js:205:19)[39m
[31m    at file:///C:/Users/acer/civiccare-smart-city-portal/backend/src/controllers/adminController.js:28:21[39m
[31m    at process.processTicksAndRejections (node:internal/process/task_queues:105:5)[39m
2026-02-22 19:32:12:3212 [35mhttp[39m: [35m[0mPOST /api/admin/assign-team [31m500[0m 13.859 ms - 220[0m[39m
2026-02-22 19:36:33:3633 [35mhttp[39m: [35m[0mGET /api/auth/logout [36m304[0m 1.020 ms - -[0m[39m
2026-02-22 19:42:43:4243 [31merror[39m: [31m401 - Invalid email or password - /api/auth/supervisor-login - POST - ::1[39m
2026-02-22 19:42:43:4243 [31merror[39m: [31mError: Invalid email or password[39m
[31m    at file:///C:/Users/acer/civiccare-smart-city-portal/backend/src/controllers/authController.js:214:17[39m
[31m    at process.processTicksAndRejections (node:internal/process/task_queues:105:5)[39m
2026-02-22 19:42:43:4243 [35mhttp[39m: [35m[0mPOST /api/auth/supervisor-login [33m401[0m 6.710 ms - 55[0m[39m
2026-02-22 19:43:51:4351 [32minfo[39m: [32mMongoDB Connected: localhost[39m
2026-02-22 19:43:51:4351 [32minfo[39m: [32mServer running on port 5000[39m
2026-02-22 19:43:51:4351 [32minfo[39m: [32mEnvironment: development[39m
2026-02-23 00:34:56:3456 [32minfo[39m: [32mMongoDB Connected: localhost[39m
2026-02-23 00:34:56:3456 [32minfo[39m: [32mServer running on port 5000[39m
2026-02-23 00:34:56:3456 [32minfo[39m: [32mEnvironment: development[39m
2026-02-23 00:35:18:3518 [35mhttp[39m: [35m[0mPOST /api/auth/admin-login [32m200[0m 432.563 ms - 397[0m[39m
2026-02-23 00:35:19:3519 [35mhttp[39m: [35m[0mGET /api/admin/complaints/department/WASTE_MANAGEMENT [32m200[0m 119.268 ms - 29958[0m[39m
2026-02-23 00:35:19:3519 [35mhttp[39m: [35m[0mGET /api/admin/complaints/department/WASTE_MANAGEMENT [32m200[0m 57.497 ms - 29958[0m[39m
2026-02-23 00:35:19:3519 [35mhttp[39m: [35m[0mGET /api/admin/complaints/department/POTHOLES [36m304[0m 18.999 ms - -[0m[39m
2026-02-23 00:35:19:3519 [35mhttp[39m: [35m[0mGET /api/admin/complaints/department/POTHOLES [36m304[0m 15.296 ms - -[0m[39m
2026-02-23 00:35:19:3519 [35mhttp[39m: [35m[0mGET /api/admin/complaints/department/ELECTRICITY [36m304[0m 14.975 ms - -[0m[39m
2026-02-23 00:35:19:3519 [35mhttp[39m: [35m[0mGET /api/admin/complaints/department/ELECTRICITY [36m304[0m 12.470 ms - -[0m[39m
2026-02-23 00:35:19:3519 [35mhttp[39m: [35m[0mGET /api/admin/complaints/department/WATER [36m304[0m 9.518 ms - -[0m[39m
2026-02-23 00:35:19:3519 [35mhttp[39m: [35m[0mGET /api/admin/complaints/department/WATER [36m304[0m 12.752 ms - -[0m[39m
2026-02-23 00:35:19:3519 [35mhttp[39m: [35m[0mGET /api/admin/complaints/department/SANITATION [36m304[0m 13.215 ms - -[0m[39m
2026-02-23 00:35:19:3519 [35mhttp[39m: [35m[0mGET /api/admin/complaints/department/SANITATION [36m304[0m 10.042 ms - -[0m[39m
2026-02-23 00:35:19:3519 [35mhttp[39m: [35m[0mGET /api/admin/complaints/department/PUBLIC_PROPERTY [36m304[0m 16.577 ms - -[0m[39m
2026-02-23 00:35:19:3519 [35mhttp[39m: [35m[0mGET /api/admin/complaints/department/PUBLIC_PROPERTY [36m304[0m 16.876 ms - -[0m[39m
2026-02-23 00:35:20:3520 [35mhttp[39m: [35m[0mGET /api/admin/complaints/department/E_WASTE [36m304[0m 16.655 ms - -[0m[39m
2026-02-23 00:35:20:3520 [35mhttp[39m: [35m[0mGET /api/admin/complaints/department/E_WASTE [36m304[0m 17.307 ms - -[0m[39m
2026-02-23 00:35:20:3520 [35mhttp[39m: [35m[0mGET /api/admin/complaints/department/SECURITY [36m304[0m 10.310 ms - -[0m[39m
2026-02-23 00:35:20:3520 [35mhttp[39m: [35m[0mGET /api/admin/complaints/department/SECURITY [36m304[0m 9.172 ms - -[0m[39m
2026-02-23 00:35:20:3520 [35mhttp[39m: [35m[0mGET /api/admin/complaints/department/HEALTH [36m304[0m 10.035 ms - -[0m[39m
2026-02-23 00:35:20:3520 [35mhttp[39m: [35m[0mGET /api/admin/complaints/department/HEALTH [36m304[0m 10.436 ms - -[0m[39m
2026-02-23 00:35:20:3520 [35mhttp[39m: [35m[0mGET /api/admin/complaints/department/ENVIRONMENT [36m304[0m 7.852 ms - -[0m[39m
2026-02-23 00:35:20:3520 [35mhttp[39m: [35m[0mGET /api/admin/complaints/department/ENVIRONMENT [36m304[0m 7.874 ms - -[0m[39m
2026-02-23 00:35:20:3520 [35mhttp[39m: [35m[0mGET /api/admin/complaints/department/TRANSPORT [36m304[0m 8.023 ms - -[0m[39m
2026-02-23 00:35:20:3520 [35mhttp[39m: [35m[0mGET /api/admin/complaints/department/TRANSPORT [36m304[0m 8.114 ms - -[0m[39m
2026-02-23 00:35:20:3520 [35mhttp[39m: [35m[0mGET /api/admin/complaints/department/EDUCATION [36m304[0m 19.079 ms - -[0m[39m
2026-02-23 00:35:20:3520 [35mhttp[39m: [35m[0mGET /api/admin/complaints/department/EDUCATION [36m304[0m 6.958 ms - -[0m[39m
2026-02-23 00:35:25:3525 [35mhttp[39m: [35m[0mGET /api/admin/complaints/department/PUBLIC_PROPERTY [36m304[0m 39.130 ms - -[0m[39m
2026-02-23 00:35:25:3525 [35mhttp[39m: [35m[0mGET /api/setup/teams/by-category/PUBLIC_PROPERTY [36m304[0m 29.481 ms - -[0m[39m
2026-02-23 00:35:25:3525 [35mhttp[39m: [35m[0mGET /api/setup/ward-offices [36m304[0m 29.517 ms - -[0m[39m
2026-02-23 00:35:25:3525 [35mhttp[39m: [35m[0mGET /api/setup/teams/by-category/PUBLIC_PROPERTY [36m304[0m 26.275 ms - -[0m[39m
2026-02-23 00:35:25:3525 [35mhttp[39m: [35m[0mGET /api/setup/ward-offices [36m304[0m 29.195 ms - -[0m[39m
2026-02-23 00:35:25:3525 [35mhttp[39m: [35m[0mGET /api/admin/complaints/department/PUBLIC_PROPERTY [36m304[0m 44.063 ms - -[0m[39m
2026-02-23 00:35:39:3539 [31merror[39m: [31m500 - Complaint validation failed: remarks: Cast to embedded failed for value "nmdnskd" (type string) at path "remarks" because of "ObjectParameterError" - /api/admin/assign-team - POST - ::1[39m
2026-02-23 00:35:39:3539 [31merror[39m: [31mValidationError: Complaint validation failed: remarks: Cast to embedded failed for value "nmdnskd" (type string) at path "remarks" because of "ObjectParameterError"[39m
[31m    at Document.invalidate (C:\Users\acer\civiccare-smart-city-portal\backend\node_modules\mongoose\lib\document.js:3373:32)[39m
[31m    at model.$set (C:\Users\acer\civiccare-smart-city-portal\backend\node_modules\mongoose\lib\document.js:1490:12)[39m
[31m    at model.set [as remarks] (C:\Users\acer\civiccare-smart-city-portal\backend\node_modules\mongoose\lib\helpers\document\compile.js:205:19)[39m
[31m    at file:///C:/Users/acer/civiccare-smart-city-portal/backend/src/controllers/adminController.js:28:21[39m
[31m    at process.processTicksAndRejections (node:internal/process/task_queues:105:5)[39m
2026-02-23 00:35:39:3539 [35mhttp[39m: [35m[0mPOST /api/admin/assign-team [31m500[0m 40.062 ms - 183[0m[39m
2026-02-23 00:37:19:3719 [32minfo[39m: [32mMongoDB Connected: localhost[39m
2026-02-23 00:38:09:389 [32minfo[39m: [32mMongoDB Connected: localhost[39m
2026-02-23 00:38:12:3812 [32minfo[39m: [32mMongoDB Connected: localhost[39m
2026-02-23 00:38:54:3854 [32minfo[39m: [32mMongoDB Connected: localhost[39m
2026-02-23 00:38:55:3855 [32minfo[39m: [32mServer running on port 5000[39m
2026-02-23 00:38:55:3855 [32minfo[39m: [32mEnvironment: development[39m
2026-02-23 00:39:28:3928 [31merror[39m: [31m500 - Complaint validation failed: remarks: Cast to embedded failed for value "nmdnskd" (type string) at path "remarks" because of "ObjectParameterError" - /api/admin/assign-team - POST - ::1[39m
2026-02-23 00:39:28:3928 [31merror[39m: [31mValidationError: Complaint validation failed: remarks: Cast to embedded failed for value "nmdnskd" (type string) at path "remarks" because of "ObjectParameterError"[39m
[31m    at Document.invalidate (C:\Users\acer\civiccare-smart-city-portal\backend\node_modules\mongoose\lib\document.js:3373:32)[39m
[31m    at model.$set (C:\Users\acer\civiccare-smart-city-portal\backend\node_modules\mongoose\lib\document.js:1490:12)[39m
[31m    at model.set [as remarks] (C:\Users\acer\civiccare-smart-city-portal\backend\node_modules\mongoose\lib\helpers\document\compile.js:205:19)[39m
[31m    at file:///C:/Users/acer/civiccare-smart-city-portal/backend/src/controllers/adminController.js:28:21[39m
[31m    at process.processTicksAndRejections (node:internal/process/task_queues:105:5)[39m
2026-02-23 00:39:28:3928 [35mhttp[39m: [35m[0mPOST /api/admin/assign-team [31m500[0m 111.651 ms - 183[0m[39m
2026-02-23 00:39:33:3933 [35mhttp[39m: [35m[0mGET /api/setup/teams/by-category/PUBLIC_PROPERTY [36m304[0m 68.815 ms - -[0m[39m
2026-02-23 00:39:33:3933 [35mhttp[39m: [35m[0mGET /api/setup/ward-offices [36m304[0m 65.403 ms - -[0m[39m
2026-02-23 00:39:33:3933 [35mhttp[39m: [35m[0mGET /api/admin/complaints/department/PUBLIC_PROPERTY [36m304[0m 96.727 ms - -[0m[39m
2026-02-23 00:39:33:3933 [35mhttp[39m: [35m[0mGET /api/setup/teams/by-category/PUBLIC_PROPERTY [36m304[0m 42.008 ms - -[0m[39m
2026-02-23 00:39:33:3933 [35mhttp[39m: [35m[0mGET /api/setup/ward-offices [36m304[0m 39.758 ms - -[0m[39m
2026-02-23 00:39:33:3933 [35mhttp[39m: [35m[0mGET /api/admin/complaints/department/PUBLIC_PROPERTY [36m304[0m 50.415 ms - -[0m[39m
2026-02-23 00:39:40:3940 [31merror[39m: [31m500 - Complaint validation failed: remarks: Cast to embedded failed for value "fgdfgd" (type string) at path "remarks" because of "ObjectParameterError" - /api/admin/assign-team - POST - ::1[39m
2026-02-23 00:39:40:3940 [31merror[39m: [31mValidationError: Complaint validation failed: remarks: Cast to embedded failed for value "fgdfgd" (type string) at path "remarks" because of "ObjectParameterError"[39m
[31m    at Document.invalidate (C:\Users\acer\civiccare-smart-city-portal\backend\node_modules\mongoose\lib\document.js:3373:32)[39m
[31m    at model.$set (C:\Users\acer\civiccare-smart-city-portal\backend\node_modules\mongoose\lib\document.js:1490:12)[39m
[31m    at model.set [as remarks] (C:\Users\acer\civiccare-smart-city-portal\backend\node_modules\mongoose\lib\helpers\document\compile.js:205:19)[39m
[31m    at file:///C:/Users/acer/civiccare-smart-city-portal/backend/src/controllers/adminController.js:28:21[39m
[31m    at process.processTicksAndRejections (node:internal/process/task_queues:105:5)[39m
2026-02-23 00:39:40:3940 [35mhttp[39m: [35m[0mPOST /api/admin/assign-team [31m500[0m 20.684 ms - 182[0m[39m
2026-02-23 00:40:29:4029 [32minfo[39m: [32mMongoDB Connected: localhost[39m
2026-02-23 00:40:29:4029 [32minfo[39m: [32mServer running on port 5000[39m
2026-02-23 00:40:29:4029 [32minfo[39m: [32mEnvironment: development[39m
2026-02-23 00:40:32:4032 [32minfo[39m: [32mMongoDB Connected: localhost[39m
2026-02-23 00:40:32:4032 [32minfo[39m: [32mServer running on port 5000[39m
2026-02-23 00:40:32:4032 [32minfo[39m: [32mEnvironment: development[39m
2026-02-23 00:40:32:4032 [35mhttp[39m: [35m[0mGET /api/complaints [32m200[0m 128.699 ms - 29895[0m[39m
2026-02-23 00:40:32:4032 [35mhttp[39m: [35m[0mGET /api/complaints/stats/overview [32m200[0m 28.981 ms - 376[0m[39m
2026-02-23 00:41:15:4115 [32minfo[39m: [32mMongoDB Connected: localhost[39m
2026-02-23 00:41:15:4115 [32minfo[39m: [32mServer running on port 5000[39m
2026-02-23 00:41:15:4115 [32minfo[39m: [32mEnvironment: development[39m
2026-02-23 00:42:19:4219 [35mhttp[39m: [35m[0mGET /api/complaints [32m200[0m 63.351 ms - 29895[0m[39m
2026-02-23 00:42:19:4219 [35mhttp[39m: [35m[0mGET /api/complaints/stats/overview [36m304[0m 18.821 ms - -[0m[39m
2026-02-23 00:42:20:4220 [35mhttp[39m: [35m[0mGET /api/complaints [32m200[0m 17.531 ms - 29895[0m[39m
2026-02-23 00:42:20:4220 [35mhttp[39m: [35m[0mGET /api/complaints/stats/overview [32m200[0m 20.377 ms - 376[0m[39m
2026-02-23 00:43:04:434 [35mhttp[39m: [35m[0mGET /api/auth/logout [36m304[0m 1.170 ms - -[0m[39m
2026-02-23 00:43:17:4317 [31merror[39m: [31m401 - Invalid email or password - /api/auth/supervisor-login - POST - ::1[39m
2026-02-23 00:43:17:4317 [31merror[39m: [31mError: Invalid email or password[39m
[31m    at file:///C:/Users/acer/civiccare-smart-city-portal/backend/src/controllers/authController.js:214:17[39m
[31m    at process.processTicksAndRejections (node:internal/process/task_queues:105:5)[39m
2026-02-23 00:43:17:4317 [35mhttp[39m: [35m[0mPOST /api/auth/supervisor-login [33m401[0m 56.064 ms - 55[0m[39m
2026-02-23 00:51:05:515 [31merror[39m: [31m401 - Invalid email or password - /api/auth/supervisor-login - POST - ::1[39m
2026-02-23 00:51:05:515 [31merror[39m: [31mError: Invalid email or password[39m
[31m    at file:///C:/Users/acer/civiccare-smart-city-portal/backend/src/controllers/authController.js:214:17[39m
[31m    at process.processTicksAndRejections (node:internal/process/task_queues:105:5)[39m
2026-02-23 00:51:05:515 [35mhttp[39m: [35m[0mPOST /api/auth/supervisor-login [33m401[0m 12.900 ms - 55[0m[39m
2026-02-23 00:51:19:5119 [31merror[39m: [31m401 - Invalid email or password - /api/auth/supervisor-login - POST - ::1[39m
2026-02-23 00:51:19:5119 [31merror[39m: [31mError: Invalid email or password[39m
[31m    at file:///C:/Users/acer/civiccare-smart-city-portal/backend/src/controllers/authController.js:214:17[39m
[31m    at process.processTicksAndRejections (node:internal/process/task_queues:105:5)[39m
2026-02-23 00:51:19:5119 [35mhttp[39m: [35m[0mPOST /api/auth/supervisor-login [33m401[0m 5.949 ms - 55[0m[39m
2026-02-23 00:51:39:5139 [31merror[39m: [31m401 - Invalid email or password - /api/auth/supervisor-login - POST - ::1[39m
2026-02-23 00:51:39:5139 [31merror[39m: [31mError: Invalid email or password[39m
[31m    at file:///C:/Users/acer/civiccare-smart-city-portal/backend/src/controllers/authController.js:214:17[39m
[31m    at process.processTicksAndRejections (node:internal/process/task_queues:105:5)[39m
2026-02-23 00:51:39:5139 [35mhttp[39m: [35m[0mPOST /api/auth/supervisor-login [33m401[0m 7.115 ms - 55[0m[39m
2026-02-23 00:52:00:520 [35mhttp[39m: [35m[0mPOST /api/auth/admin-login [32m200[0m 273.859 ms - 404[0m[39m
2026-02-23 00:52:01:521 [35mhttp[39m: [35m[0mGET /api/admin/complaints/department/WASTE_MANAGEMENT [32m200[0m 69.987 ms - 29958[0m[39m
2026-02-23 00:52:01:521 [35mhttp[39m: [35m[0mGET /api/admin/complaints/department/WASTE_MANAGEMENT [32m200[0m 18.545 ms - 29958[0m[39m
2026-02-23 00:52:01:521 [35mhttp[39m: [35m[0mGET /api/admin/complaints/department/POTHOLES [36m304[0m 13.579 ms - -[0m[39m
2026-02-23 00:52:01:521 [35mhttp[39m: [35m[0mGET /api/admin/complaints/department/POTHOLES [36m304[0m 16.646 ms - -[0m[39m
2026-02-23 00:52:01:521 [35mhttp[39m: [35m[0mGET /api/admin/complaints/department/ELECTRICITY [36m304[0m 17.421 ms - -[0m[39m
2026-02-23 00:52:01:521 [35mhttp[39m: [35m[0mGET /api/admin/complaints/department/ELECTRICITY [36m304[0m 13.665 ms - -[0m[39m
2026-02-23 00:52:01:521 [35mhttp[39m: [35m[0mGET /api/admin/complaints/department/WATER [36m304[0m 8.250 ms - -[0m[39m
2026-02-23 00:52:01:521 [35mhttp[39m: [35m[0mGET /api/admin/complaints/department/WATER [36m304[0m 7.965 ms - -[0m[39m
2026-02-23 00:52:01:521 [35mhttp[39m: [35m[0mGET /api/admin/complaints/department/SANITATION [36m304[0m 8.669 ms - -[0m[39m
2026-02-23 00:52:01:521 [35mhttp[39m: [35m[0mGET /api/admin/complaints/department/SANITATION [36m304[0m 8.112 ms - -[0m[39m
2026-02-23 00:52:01:521 [35mhttp[39m: [35m[0mGET /api/admin/complaints/department/PUBLIC_PROPERTY [36m304[0m 15.150 ms - -[0m[39m
2026-02-23 00:52:01:521 [35mhttp[39m: [35m[0mGET /api/admin/complaints/department/PUBLIC_PROPERTY [36m304[0m 16.103 ms - -[0m[39m
2026-02-23 00:52:01:521 [35mhttp[39m: [35m[0mGET /api/admin/complaints/department/E_WASTE [36m304[0m 11.136 ms - -[0m[39m
2026-02-23 00:52:01:521 [35mhttp[39m: [35m[0mGET /api/admin/complaints/department/E_WASTE [36m304[0m 12.558 ms - -[0m[39m
2026-02-23 00:52:02:522 [35mhttp[39m: [35m[0mGET /api/admin/complaints/department/SECURITY [36m304[0m 11.325 ms - -[0m[39m
2026-02-23 00:52:02:522 [35mhttp[39m: [35m[0mGET /api/admin/complaints/department/SECURITY [36m304[0m 8.662 ms - -[0m[39m
2026-02-23 00:52:02:522 [35mhttp[39m: [35m[0mGET /api/admin/complaints/department/HEALTH [36m304[0m 9.287 ms - -[0m[39m
2026-02-23 00:52:02:522 [35mhttp[39m: [35m[0mGET /api/admin/complaints/department/HEALTH [36m304[0m 10.878 ms - -[0m[39m
2026-02-23 00:52:02:522 [35mhttp[39m: [35m[0mGET /api/admin/complaints/department/ENVIRONMENT [36m304[0m 9.434 ms - -[0m[39m
2026-02-23 00:52:02:522 [35mhttp[39m: [35m[0mGET /api/admin/complaints/department/ENVIRONMENT [36m304[0m 10.449 ms - -[0m[39m
2026-02-23 00:52:02:522 [35mhttp[39m: [35m[0mGET /api/admin/complaints/department/TRANSPORT [36m304[0m 10.159 ms - -[0m[39m
2026-02-23 00:52:02:522 [35mhttp[39m: [35m[0mGET /api/admin/complaints/department/TRANSPORT [36m304[0m 7.932 ms - -[0m[39m
2026-02-23 00:52:02:522 [35mhttp[39m: [35m[0mGET /api/admin/complaints/department/EDUCATION [36m304[0m 7.822 ms - -[0m[39m
2026-02-23 00:52:02:522 [35mhttp[39m: [35m[0mGET /api/admin/complaints/department/EDUCATION [36m304[0m 7.957 ms - -[0m[39m
2026-02-23 00:52:12:5212 [35mhttp[39m: [35m[0mGET /api/admin/complaints/department/WATER [36m304[0m 22.445 ms - -[0m[39m
2026-02-23 00:52:12:5212 [35mhttp[39m: [35m[0mGET /api/setup/ward-offices [36m304[0m 22.659 ms - -[0m[39m
2026-02-23 00:52:12:5212 [35mhttp[39m: [35m[0mGET /api/setup/teams/by-category/WATER [36m304[0m 24.221 ms - -[0m[39m
2026-02-23 00:52:13:5213 [35mhttp[39m: [35m[0mGET /api/admin/complaints/department/WATER [36m304[0m 23.500 ms - -[0m[39m
2026-02-23 00:52:13:5213 [35mhttp[39m: [35m[0mGET /api/setup/ward-offices [36m304[0m 25.311 ms - -[0m[39m
2026-02-23 00:52:13:5213 [35mhttp[39m: [35m[0mGET /api/setup/teams/by-category/WATER [36m304[0m 22.646 ms - -[0m[39m
2026-02-23 00:52:22:5222 [35mhttp[39m: [35m[0mGET /api/admin/complaints/department/WASTE_MANAGEMENT [32m200[0m 30.840 ms - 29958[0m[39m
2026-02-23 00:52:22:5222 [35mhttp[39m: [35m[0mGET /api/admin/complaints/department/WASTE_MANAGEMENT [32m200[0m 21.702 ms - 29958[0m[39m
2026-02-23 00:52:23:5223 [35mhttp[39m: [35m[0mGET /api/admin/complaints/department/POTHOLES [36m304[0m 16.351 ms - -[0m[39m
2026-02-23 00:52:23:5223 [35mhttp[39m: [35m[0mGET /api/admin/complaints/department/POTHOLES [36m304[0m 18.427 ms - -[0m[39m
2026-02-23 00:52:23:5223 [35mhttp[39m: [35m[0mGET /api/admin/complaints/department/ELECTRICITY [36m304[0m 15.383 ms - -[0m[39m
2026-02-23 00:52:23:5223 [35mhttp[39m: [35m[0mGET /api/admin/complaints/department/ELECTRICITY [36m304[0m 18.400 ms - -[0m[39m
2026-02-23 00:52:23:5223 [35mhttp[39m: [35m[0mGET /api/admin/complaints/department/WATER [36m304[0m 11.086 ms - -[0m[39m
2026-02-23 00:52:23:5223 [35mhttp[39m: [35m[0mGET /api/admin/complaints/department/WATER [36m304[0m 7.767 ms - -[0m[39m
2026-02-23 00:52:23:5223 [35mhttp[39m: [35m[0mGET /api/admin/complaints/department/SANITATION [36m304[0m 8.297 ms - -[0m[39m
2026-02-23 00:52:23:5223 [35mhttp[39m: [35m[0mGET /api/admin/complaints/department/SANITATION [36m304[0m 7.178 ms - -[0m[39m
2026-02-23 00:52:23:5223 [35mhttp[39m: [35m[0mGET /api/admin/complaints/department/PUBLIC_PROPERTY [36m304[0m 15.754 ms - -[0m[39m
2026-02-23 00:52:23:5223 [35mhttp[39m: [35m[0mGET /api/admin/complaints/department/PUBLIC_PROPERTY [36m304[0m 14.155 ms - -[0m[39m
2026-02-23 00:52:23:5223 [35mhttp[39m: [35m[0mGET /api/admin/complaints/department/E_WASTE [36m304[0m 12.185 ms - -[0m[39m
2026-02-23 00:52:23:5223 [35mhttp[39m: [35m[0mGET /api/admin/complaints/department/E_WASTE [36m304[0m 9.640 ms - -[0m[39m
2026-02-23 00:52:23:5223 [35mhttp[39m: [35m[0mGET /api/admin/complaints/department/SECURITY [36m304[0m 8.418 ms - -[0m[39m
2026-02-23 00:52:23:5223 [35mhttp[39m: [35m[0mGET /api/admin/complaints/department/SECURITY [36m304[0m 7.497 ms - -[0m[39m
2026-02-23 00:52:24:5224 [35mhttp[39m: [35m[0mGET /api/admin/complaints/department/HEALTH [36m304[0m 7.723 ms - -[0m[39m
2026-02-23 00:52:24:5224 [35mhttp[39m: [35m[0mGET /api/admin/complaints/department/HEALTH [36m304[0m 10.501 ms - -[0m[39m
2026-02-23 00:52:24:5224 [35mhttp[39m: [35m[0mGET /api/admin/complaints/department/ENVIRONMENT [36m304[0m 7.808 ms - -[0m[39m
2026-02-23 00:52:24:5224 [35mhttp[39m: [35m[0mGET /api/admin/complaints/department/ENVIRONMENT [36m304[0m 9.208 ms - -[0m[39m
2026-02-23 00:52:24:5224 [35mhttp[39m: [35m[0mGET /api/admin/complaints/department/TRANSPORT [36m304[0m 10.054 ms - -[0m[39m
2026-02-23 00:52:24:5224 [35mhttp[39m: [35m[0mGET /api/admin/complaints/department/TRANSPORT [36m304[0m 9.821 ms - -[0m[39m
2026-02-23 00:52:24:5224 [35mhttp[39m: [35m[0mGET /api/admin/complaints/department/EDUCATION [36m304[0m 8.144 ms - -[0m[39m
2026-02-23 00:52:24:5224 [35mhttp[39m: [35m[0mGET /api/admin/complaints/department/EDUCATION [36m304[0m 10.719 ms - -[0m[39m
2026-02-23 00:52:26:5226 [35mhttp[39m: [35m[0mGET /api/admin/complaints/department/HEALTH [36m304[0m 21.751 ms - -[0m[39m
2026-02-23 00:52:26:5226 [35mhttp[39m: [35m[0mGET /api/setup/teams/by-category/HEALTH [32m200[0m 21.596 ms - 27[0m[39m
2026-02-23 00:52:26:5226 [35mhttp[39m: [35m[0mGET /api/setup/ward-offices [36m304[0m 23.713 ms - -[0m[39m
2026-02-23 00:52:26:5226 [35mhttp[39m: [35m[0mGET /api/admin/complaints/department/HEALTH [36m304[0m 23.241 ms - -[0m[39m
2026-02-23 00:52:26:5226 [35mhttp[39m: [35m[0mGET /api/setup/teams/by-category/HEALTH [36m304[0m 19.726 ms - -[0m[39m
2026-02-23 00:52:26:5226 [35mhttp[39m: [35m[0mGET /api/setup/ward-offices [36m304[0m 21.344 ms - -[0m[39m
2026-02-23 00:52:34:5234 [35mhttp[39m: [35m[0mGET /api/admin/complaints/department/WASTE_MANAGEMENT [32m200[0m 23.130 ms - 29958[0m[39m
2026-02-23 00:52:34:5234 [35mhttp[39m: [35m[0mGET /api/admin/complaints/department/WASTE_MANAGEMENT [32m200[0m 26.329 ms - 29958[0m[39m
2026-02-23 00:52:34:5234 [35mhttp[39m: [35m[0mGET /api/admin/complaints/department/POTHOLES [36m304[0m 13.892 ms - -[0m[39m
2026-02-23 00:52:34:5234 [35mhttp[39m: [35m[0mGET /api/admin/complaints/department/POTHOLES [36m304[0m 13.804 ms - -[0m[39m
2026-02-23 00:52:34:5234 [35mhttp[39m: [35m[0mGET /api/admin/complaints/department/ELECTRICITY [36m304[0m 16.485 ms - -[0m[39m
2026-02-23 00:52:34:5234 [35mhttp[39m: [35m[0mGET /api/admin/complaints/department/ELECTRICITY [36m304[0m 11.962 ms - -[0m[39m
2026-02-23 00:52:34:5234 [35mhttp[39m: [35m[0mGET /api/admin/complaints/department/WATER [36m304[0m 7.570 ms - -[0m[39m
2026-02-23 00:52:34:5234 [35mhttp[39m: [35m[0mGET /api/admin/complaints/department/WATER [36m304[0m 7.307 ms - -[0m[39m
2026-02-23 00:52:34:5234 [35mhttp[39m: [35m[0mGET /api/admin/complaints/department/SANITATION [36m304[0m 9.191 ms - -[0m[39m
2026-02-23 00:52:34:5234 [35mhttp[39m: [35m[0mGET /api/admin/complaints/department/SANITATION [36m304[0m 8.004 ms - -[0m[39m
2026-02-23 00:52:34:5234 [35mhttp[39m: [35m[0mGET /api/admin/complaints/department/PUBLIC_PROPERTY [36m304[0m 15.499 ms - -[0m[39m
2026-02-23 00:52:34:5234 [35mhttp[39m: [35m[0mGET /api/admin/complaints/department/PUBLIC_PROPERTY [36m304[0m 14.519 ms - -[0m[39m
2026-02-23 00:52:34:5234 [35mhttp[39m: [35m[0mGET /api/admin/complaints/department/E_WASTE [36m304[0m 11.737 ms - -[0m[39m
2026-02-23 00:52:34:5234 [35mhttp[39m: [35m[0mGET /api/admin/complaints/department/E_WASTE [36m304[0m 10.982 ms - -[0m[39m
2026-02-23 00:52:35:5235 [35mhttp[39m: [35m[0mGET /api/admin/complaints/department/SECURITY [36m304[0m 7.282 ms - -[0m[39m
2026-02-23 00:52:35:5235 [35mhttp[39m: [35m[0mGET /api/admin/complaints/department/SECURITY [36m304[0m 7.487 ms - -[0m[39m
2026-02-23 00:52:35:5235 [35mhttp[39m: [35m[0mGET /api/admin/complaints/department/HEALTH [36m304[0m 10.249 ms - -[0m[39m
2026-02-23 00:52:35:5235 [35mhttp[39m: [35m[0mGET /api/admin/complaints/department/HEALTH [36m304[0m 7.883 ms - -[0m[39m
2026-02-23 00:52:35:5235 [35mhttp[39m: [35m[0mGET /api/admin/complaints/department/ENVIRONMENT [36m304[0m 7.702 ms - -[0m[39m
2026-02-23 00:52:35:5235 [35mhttp[39m: [35m[0mGET /api/admin/complaints/department/ENVIRONMENT [36m304[0m 9.465 ms - -[0m[39m
2026-02-23 00:52:35:5235 [35mhttp[39m: [35m[0mGET /api/admin/complaints/department/TRANSPORT [36m304[0m 9.240 ms - -[0m[39m
2026-02-23 00:52:35:5235 [35mhttp[39m: [35m[0mGET /api/admin/complaints/department/TRANSPORT [36m304[0m 6.810 ms - -[0m[39m
2026-02-23 00:52:35:5235 [35mhttp[39m: [35m[0mGET /api/admin/complaints/department/EDUCATION [36m304[0m 8.168 ms - -[0m[39m
2026-02-23 00:52:35:5235 [35mhttp[39m: [35m[0mGET /api/admin/complaints/department/EDUCATION [36m304[0m 7.141 ms - -[0m[39m
2026-02-23 00:52:38:5238 [35mhttp[39m: [35m[0mGET /api/setup/ward-offices [36m304[0m 25.484 ms - -[0m[39m
2026-02-23 00:52:38:5238 [35mhttp[39m: [35m[0mGET /api/setup/teams/by-category/WASTE_MANAGEMENT [36m304[0m 25.764 ms - -[0m[39m
2026-02-23 00:52:38:5238 [35mhttp[39m: [35m[0mGET /api/setup/ward-offices [36m304[0m 22.208 ms - -[0m[39m
2026-02-23 00:52:38:5238 [35mhttp[39m: [35m[0mGET /api/setup/teams/by-category/WASTE_MANAGEMENT [36m304[0m 18.136 ms - -[0m[39m
2026-02-23 00:52:38:5238 [35mhttp[39m: [35m[0mGET /api/admin/complaints/department/WASTE_MANAGEMENT [32m200[0m 75.649 ms - 29958[0m[39m
2026-02-23 00:52:38:5238 [35mhttp[39m: [35m[0mGET /api/admin/complaints/department/WASTE_MANAGEMENT [32m200[0m 21.932 ms - 29958[0m[39m
2026-02-23 00:58:22:5822 [35mhttp[39m: [35m[0mPOST /api/auth/admin-login [32m200[0m 252.632 ms - 397[0m[39m
2026-02-23 00:58:22:5822 [35mhttp[39m: [35m[0mGET /api/admin/complaints/department/WASTE_MANAGEMENT [32m200[0m 29.777 ms - 29958[0m[39m
2026-02-23 00:58:22:5822 [35mhttp[39m: [35m[0mGET /api/admin/complaints/department/WASTE_MANAGEMENT [32m200[0m 20.069 ms - 29958[0m[39m
2026-02-23 00:58:25:5825 [35mhttp[39m: [35m[0mGET /api/admin/complaints/department/POTHOLES [32m200[0m 13.348 ms - 933[0m[39m
2026-02-23 00:58:25:5825 [35mhttp[39m: [35m[0mGET /api/admin/complaints/department/POTHOLES [36m304[0m 13.925 ms - -[0m[39m
2026-02-23 00:58:26:5826 [35mhttp[39m: [35m[0mGET /api/admin/complaints/department/ELECTRICITY [32m200[0m 14.129 ms - 934[0m[39m
2026-02-23 00:58:26:5826 [35mhttp[39m: [35m[0mGET /api/admin/complaints/department/ELECTRICITY [36m304[0m 14.656 ms - -[0m[39m
2026-02-23 00:58:27:5827 [35mhttp[39m: [35m[0mGET /api/admin/complaints/department/WATER [32m200[0m 11.707 ms - 154[0m[39m
2026-02-23 00:58:27:5827 [35mhttp[39m: [35m[0mGET /api/admin/complaints/department/WATER [36m304[0m 9.127 ms - -[0m[39m
2026-02-23 00:58:28:5828 [35mhttp[39m: [35m[0mGET /api/admin/complaints/department/SANITATION [32m200[0m 9.579 ms - 159[0m[39m
2026-02-23 00:58:28:5828 [35mhttp[39m: [35m[0mGET /api/admin/complaints/department/SANITATION [36m304[0m 7.115 ms - -[0m[39m
2026-02-23 00:58:29:5829 [35mhttp[39m: [35m[0mGET /api/admin/complaints/department/PUBLIC_PROPERTY [32m200[0m 19.041 ms - 16224[0m[39m
2026-02-23 00:58:29:5829 [35mhttp[39m: [35m[0mGET /api/admin/complaints/department/PUBLIC_PROPERTY [36m304[0m 15.218 ms - -[0m[39m
2026-02-23 00:58:30:5830 [35mhttp[39m: [35m[0mGET /api/admin/complaints/department/E_WASTE [32m200[0m 14.669 ms - 920[0m[39m
2026-02-23 00:58:30:5830 [35mhttp[39m: [35m[0mGET /api/admin/complaints/department/E_WASTE [36m304[0m 10.498 ms - -[0m[39m
2026-02-23 00:58:33:5833 [35mhttp[39m: [35m[0mGET /api/admin/complaints/department/SECURITY [32m200[0m 11.495 ms - 157[0m[39m
2026-02-23 00:58:33:5833 [35mhttp[39m: [35m[0mGET /api/admin/complaints/department/SECURITY [36m304[0m 7.421 ms - -[0m[39m
2026-02-23 00:58:34:5834 [35mhttp[39m: [35m[0mGET /api/admin/complaints/department/HEALTH [32m200[0m 9.428 ms - 155[0m[39m
2026-02-23 00:58:34:5834 [35mhttp[39m: [35m[0mGET /api/admin/complaints/department/HEALTH [36m304[0m 7.213 ms - -[0m[39m
2026-02-23 00:58:35:5835 [35mhttp[39m: [35m[0mGET /api/admin/complaints/department/ENVIRONMENT [32m200[0m 8.219 ms - 160[0m[39m
2026-02-23 00:58:35:5835 [35mhttp[39m: [35m[0mGET /api/admin/complaints/department/ENVIRONMENT [36m304[0m 7.546 ms - -[0m[39m
2026-02-23 00:58:36:5836 [35mhttp[39m: [35m[0mGET /api/admin/complaints/department/TRANSPORT [32m200[0m 8.286 ms - 158[0m[39m
2026-02-23 00:58:36:5836 [35mhttp[39m: [35m[0mGET /api/admin/complaints/department/TRANSPORT [36m304[0m 8.785 ms - -[0m[39m
2026-02-23 00:58:37:5837 [35mhttp[39m: [35m[0mGET /api/admin/complaints/department/EDUCATION [32m200[0m 9.009 ms - 158[0m[39m
2026-02-23 00:58:37:5837 [35mhttp[39m: [35m[0mGET /api/admin/complaints/department/EDUCATION [36m304[0m 7.450 ms - -[0m[39m
2026-02-23 00:59:27:5927 [32minfo[39m: [32mMongoDB Connected: localhost[39m
2026-02-23 00:59:37:5937 [32minfo[39m: [32mMongoDB Connected: localhost[39m
2026-02-23 00:59:37:5937 [32minfo[39m: [32mServer running on port 5000[39m
2026-02-23 00:59:37:5937 [32minfo[39m: [32mEnvironment: development[39m
2026-02-23 00:59:39:5939 [32minfo[39m: [32mMongoDB Connected: localhost[39m
2026-02-23 00:59:39:5939 [32minfo[39m: [32mServer running on port 5000[39m
2026-02-23 00:59:39:5939 [32minfo[39m: [32mEnvironment: development[39m
2026-02-23 00:59:43:5943 [32minfo[39m: [32mMongoDB Connected: localhost[39m
2026-02-23 00:59:43:5943 [32minfo[39m: [32mServer running on port 5000[39m
2026-02-23 00:59:43:5943 [32minfo[39m: [32mEnvironment: development[39m
2026-02-23 00:59:45:5945 [32minfo[39m: [32mMongoDB Connected: localhost[39m
2026-02-23 00:59:45:5945 [32minfo[39m: [32mServer running on port 5000[39m
2026-02-23 00:59:45:5945 [32minfo[39m: [32mEnvironment: development[39m
2026-02-23 00:59:47:5947 [32minfo[39m: [32mMongoDB Connected: localhost[39m
2026-02-23 00:59:56:5956 [32minfo[39m: [32mMongoDB Connected: localhost[39m
2026-02-23 00:59:56:5956 [32minfo[39m: [32mServer running on port 5000[39m
2026-02-23 00:59:56:5956 [32minfo[39m: [32mEnvironment: development[39m
2026-02-23 00:59:57:5957 [32minfo[39m: [32mMongoDB Connected: localhost[39m
2026-02-23 00:59:57:5957 [32minfo[39m: [32mServer running on port 5000[39m
2026-02-23 00:59:57:5957 [32minfo[39m: [32mEnvironment: development[39m
2026-02-23 01:00:00:00 [32minfo[39m: [32mMongoDB Connected: localhost[39m
2026-02-23 01:00:00:00 [32minfo[39m: [32mServer running on port 5000[39m
2026-02-23 01:00:00:00 [32minfo[39m: [32mEnvironment: development[39m
2026-02-23 01:00:04:04 [32minfo[39m: [32mMongoDB Connected: localhost[39m
2026-02-23 01:00:04:04 [32minfo[39m: [32mServer running on port 5000[39m
2026-02-23 01:00:04:04 [32minfo[39m: [32mEnvironment: development[39m
2026-02-23 01:00:28:028 [32minfo[39m: [32mMongoDB Connected: localhost[39m
2026-02-23 01:00:28:028 [32minfo[39m: [32mServer running on port 5000[39m
2026-02-23 01:00:28:028 [32minfo[39m: [32mEnvironment: development[39m
2026-02-23 01:00:30:030 [32minfo[39m: [32mMongoDB Connected: localhost[39m
2026-02-23 01:00:30:030 [32minfo[39m: [32mServer running on port 5000[39m
2026-02-23 01:00:30:030 [32minfo[39m: [32mEnvironment: development[39m
2026-02-23 01:00:33:033 [32minfo[39m: [32mMongoDB Connected: localhost[39m
2026-02-23 01:00:33:033 [32minfo[39m: [32mServer running on port 5000[39m
2026-02-23 01:00:33:033 [32minfo[39m: [32mEnvironment: development[39m
2026-02-23 01:00:35:035 [32minfo[39m: [32mMongoDB Connected: localhost[39m
2026-02-23 01:00:35:035 [32minfo[39m: [32mServer running on port 5000[39m
2026-02-23 01:00:35:035 [32minfo[39m: [32mEnvironment: development[39m
2026-02-23 01:00:51:051 [32minfo[39m: [32mMongoDB Connected: localhost[39m
2026-02-23 01:00:51:051 [32minfo[39m: [32mServer running on port 5000[39m
2026-02-23 01:00:51:051 [32minfo[39m: [32mEnvironment: development[39m
2026-02-23 01:00:53:053 [32minfo[39m: [32mMongoDB Connected: localhost[39m
2026-02-23 01:00:53:053 [32minfo[39m: [32mServer running on port 5000[39m
2026-02-23 01:00:53:053 [32minfo[39m: [32mEnvironment: development[39m
2026-02-23 01:00:55:055 [32minfo[39m: [32mMongoDB Connected: localhost[39m
2026-02-23 01:00:55:055 [32minfo[39m: [32mServer running on port 5000[39m
2026-02-23 01:00:55:055 [32minfo[39m: [32mEnvironment: development[39m
2026-02-23 01:00:57:057 [32minfo[39m: [32mMongoDB Connected: localhost[39m
2026-02-23 01:00:57:057 [32minfo[39m: [32mServer running on port 5000[39m
2026-02-23 01:00:57:057 [32minfo[39m: [32mEnvironment: development[39m
2026-02-23 01:01:00:10 [32minfo[39m: [32mMongoDB Connected: localhost[39m
2026-02-23 01:01:15:115 [32minfo[39m: [32mMongoDB Connected: localhost[39m
2026-02-23 01:01:15:115 [32minfo[39m: [32mServer running on port 5000[39m
2026-02-23 01:01:15:115 [32minfo[39m: [32mEnvironment: development[39m
2026-02-23 01:01:17:117 [32minfo[39m: [32mMongoDB Connected: localhost[39m
2026-02-23 01:01:17:117 [32minfo[39m: [32mServer running on port 5000[39m
2026-02-23 01:01:17:117 [32minfo[39m: [32mEnvironment: development[39m
2026-02-23 01:01:20:120 [32minfo[39m: [32mMongoDB Connected: localhost[39m
2026-02-23 01:01:26:126 [32minfo[39m: [32mMongoDB Connected: localhost[39m
2026-02-23 01:01:26:126 [32minfo[39m: [32mServer running on port 5000[39m
2026-02-23 01:01:26:126 [32minfo[39m: [32mEnvironment: development[39m
2026-02-23 01:01:31:131 [32minfo[39m: [32mMongoDB Connected: localhost[39m
2026-02-23 01:01:31:131 [32minfo[39m: [32mServer running on port 5000[39m
2026-02-23 01:01:31:131 [32minfo[39m: [32mEnvironment: development[39m
2026-02-23 01:01:33:133 [32minfo[39m: [32mMongoDB Connected: localhost[39m
2026-02-23 01:01:56:156 [31merror[39m: [31m403 - You are not registered as a supervisor - /api/auth/supervisor-login - POST - ::1[39m
2026-02-23 01:01:56:156 [31merror[39m: [31mError: You are not registered as a supervisor[39m
[31m    at file:///C:/Users/acer/civiccare-smart-city-portal/backend/src/controllers/authController.js:221:17[39m
[31m    at process.processTicksAndRejections (node:internal/process/task_queues:105:5)[39m
2026-02-23 01:01:56:156 [35mhttp[39m: [35m[0mPOST /api/auth/supervisor-login [33m403[0m 23.159 ms - 68[0m[39m
2026-02-23 01:02:13:213 [32minfo[39m: [32mMongoDB Connected: localhost[39m
2026-02-23 01:02:13:213 [32minfo[39m: [32mServer running on port 5000[39m
2026-02-23 01:02:13:213 [32minfo[39m: [32mEnvironment: development[39m
2026-02-23 01:02:15:215 [32minfo[39m: [32mMongoDB Connected: localhost[39m
2026-02-23 01:02:15:215 [32minfo[39m: [32mServer running on port 5000[39m
2026-02-23 01:02:15:215 [32minfo[39m: [32mEnvironment: development[39m
2026-02-23 01:02:16:216 [32minfo[39m: [32mMongoDB Connected: localhost[39m
2026-02-23 01:02:16:216 [32minfo[39m: [32mServer running on port 5000[39m
2026-02-23 01:02:16:216 [32minfo[39m: [32mEnvironment: development[39m
2026-02-23 01:02:17:217 [32minfo[39m: [32mMongoDB Connected: localhost[39m
2026-02-23 01:02:28:228 [32minfo[39m: [32mMongoDB Connected: localhost[39m
2026-02-23 01:02:37:237 [32minfo[39m: [32mMongoDB Connected: localhost[39m
2026-02-23 01:02:37:237 [32minfo[39m: [32mServer running on port 5000[39m
2026-02-23 01:02:37:237 [32minfo[39m: [32mEnvironment: development[39m
2026-02-23 01:02:39:239 [32minfo[39m: [32mMongoDB Connected: localhost[39m
2026-02-23 01:02:39:239 [32minfo[39m: [32mServer running on port 5000[39m
2026-02-23 01:02:39:239 [32minfo[39m: [32mEnvironment: development[39m
2026-02-23 01:02:40:240 [32minfo[39m: [32mMongoDB Connected: localhost[39m
2026-02-23 01:02:45:245 [31merror[39m: [31m401 - Invalid email or password - /api/auth/supervisor-login - POST - ::1[39m
2026-02-23 01:02:45:245 [31merror[39m: [31mError: Invalid email or password[39m
[31m    at file:///C:/Users/acer/civiccare-smart-city-portal/backend/src/controllers/authController.js:228:17[39m
2026-02-23 01:02:45:245 [35mhttp[39m: [35m[0mPOST /api/auth/supervisor-login [33m401[0m 121.419 ms - 55[0m[39m
2026-02-23 01:02:54:254 [32minfo[39m: [32mMongoDB Connected: localhost[39m
2026-02-23 01:02:54:254 [32minfo[39m: [32mServer running on port 5000[39m
2026-02-23 01:02:54:254 [32minfo[39m: [32mEnvironment: development[39m
2026-02-23 01:02:56:256 [32minfo[39m: [32mMongoDB Connected: localhost[39m
2026-02-23 01:02:56:256 [32minfo[39m: [32mServer running on port 5000[39m
2026-02-23 01:02:56:256 [32minfo[39m: [32mEnvironment: development[39m
2026-02-23 01:02:58:258 [32minfo[39m: [32mMongoDB Connected: localhost[39m
2026-02-23 01:02:58:258 [32minfo[39m: [32mServer running on port 5000[39m
2026-02-23 01:02:58:258 [32minfo[39m: [32mEnvironment: development[39m
2026-02-23 01:03:00:30 [32minfo[39m: [32mMongoDB Connected: localhost[39m
2026-02-23 01:03:00:30 [32minfo[39m: [32mServer running on port 5000[39m
2026-02-23 01:03:00:30 [32minfo[39m: [32mEnvironment: development[39m
2026-02-23 01:03:01:31 [32minfo[39m: [32mMongoDB Connected: localhost[39m
2026-02-23 01:03:01:31 [32minfo[39m: [32mServer running on port 5000[39m
2026-02-23 01:03:01:31 [32minfo[39m: [32mEnvironment: development[39m
2026-02-23 01:03:06:36 [32minfo[39m: [32mMongoDB Connected: localhost[39m
2026-02-23 01:03:14:314 [32minfo[39m: [32mMongoDB Connected: localhost[39m
2026-02-23 01:03:14:314 [32minfo[39m: [32mServer running on port 5000[39m
2026-02-23 01:03:14:314 [32minfo[39m: [32mEnvironment: development[39m
2026-02-23 01:03:17:317 [32minfo[39m: [32mMongoDB Connected: localhost[39m
2026-02-23 01:03:20:320 [32minfo[39m: [32mMongoDB Connected: localhost[39m
2026-02-23 01:03:20:320 [32minfo[39m: [32mServer running on port 5000[39m
2026-02-23 01:03:20:320 [32minfo[39m: [32mEnvironment: development[39m
2026-02-23 01:03:21:321 [32minfo[39m: [32mMongoDB Connected: localhost[39m
2026-02-23 01:03:21:321 [32minfo[39m: [32mServer running on port 5000[39m
2026-02-23 01:03:21:321 [32minfo[39m: [32mEnvironment: development[39m
2026-02-23 01:03:23:323 [32minfo[39m: [32mMongoDB Connected: localhost[39m
2026-02-23 01:03:23:323 [32minfo[39m: [32mServer running on port 5000[39m
2026-02-23 01:03:23:323 [32minfo[39m: [32mEnvironment: development[39m
2026-02-23 01:03:24:324 [32minfo[39m: [32mMongoDB Connected: localhost[39m
2026-02-23 01:03:29:329 [35mhttp[39m: [35m[0mPOST /api/auth/supervisor-login [32m200[0m 139.763 ms - 791[0m[39m
2026-02-23 01:03:41:341 [35mhttp[39m: [35m[0mPOST /api/auth/login [32m200[0m 130.789 ms - 380[0m[39m
2026-02-23 01:04:20:420 [31merror[39m: [31m404 - User not found - /api/admin/complaints/department/WASTE_MANAGEMENT - GET - ::1[39m
2026-02-23 01:04:20:420 [31merror[39m: [31mError: User not found[39m
[31m    at protect (file:///C:/Users/acer/civiccare-smart-city-portal/backend/src/middleware/auth.js:26:19)[39m
[31m    at process.processTicksAndRejections (node:internal/process/task_queues:105:5)[39m
2026-02-23 01:04:20:420 [35mhttp[39m: [35m[0mGET /api/admin/complaints/department/WASTE_MANAGEMENT [33m404[0m 18.961 ms - 44[0m[39m
2026-02-23 01:04:20:420 [31merror[39m: [31m404 - User not found - /api/admin/complaints/department/WASTE_MANAGEMENT - GET - ::1[39m
2026-02-23 01:04:20:420 [31merror[39m: [31mError: User not found[39m
[31m    at protect (file:///C:/Users/acer/civiccare-smart-city-portal/backend/src/middleware/auth.js:26:19)[39m
[31m    at process.processTicksAndRejections (node:internal/process/task_queues:105:5)[39m
2026-02-23 01:04:20:420 [35mhttp[39m: [35m[0mGET /api/admin/complaints/department/WASTE_MANAGEMENT [33m404[0m 8.917 ms - 44[0m[39m
2026-02-23 01:04:21:421 [31merror[39m: [31m404 - User not found - /api/admin/complaints/department/POTHOLES - GET - ::1[39m
2026-02-23 01:04:21:421 [31merror[39m: [31mError: User not found[39m
[31m    at protect (file:///C:/Users/acer/civiccare-smart-city-portal/backend/src/middleware/auth.js:26:19)[39m
[31m    at process.processTicksAndRejections (node:internal/process/task_queues:105:5)[39m
2026-02-23 01:04:21:421 [35mhttp[39m: [35m[0mGET /api/admin/complaints/department/POTHOLES [33m404[0m 11.185 ms - 44[0m[39m
2026-02-23 01:04:21:421 [31merror[39m: [31m404 - User not found - /api/admin/complaints/department/POTHOLES - GET - ::1[39m
2026-02-23 01:04:21:421 [31merror[39m: [31mError: User not found[39m
[31m    at protect (file:///C:/Users/acer/civiccare-smart-city-portal/backend/src/middleware/auth.js:26:19)[39m
[31m    at process.processTicksAndRejections (node:internal/process/task_queues:105:5)[39m
2026-02-23 01:04:21:421 [35mhttp[39m: [35m[0mGET /api/admin/complaints/department/POTHOLES [33m404[0m 7.834 ms - 44[0m[39m
2026-02-23 01:04:22:422 [31merror[39m: [31m404 - User not found - /api/admin/complaints/department/ELECTRICITY - GET - ::1[39m
2026-02-23 01:04:22:422 [31merror[39m: [31mError: User not found[39m
[31m    at protect (file:///C:/Users/acer/civiccare-smart-city-portal/backend/src/middleware/auth.js:26:19)[39m
[31m    at process.processTicksAndRejections (node:internal/process/task_queues:105:5)[39m
2026-02-23 01:04:22:422 [35mhttp[39m: [35m[0mGET /api/admin/complaints/department/ELECTRICITY [33m404[0m 14.174 ms - 44[0m[39m
2026-02-23 01:04:22:422 [31merror[39m: [31m404 - User not found - /api/admin/complaints/department/ELECTRICITY - GET - ::1[39m
2026-02-23 01:04:22:422 [31merror[39m: [31mError: User not found[39m
[31m    at protect (file:///C:/Users/acer/civiccare-smart-city-portal/backend/src/middleware/auth.js:26:19)[39m
[31m    at process.processTicksAndRejections (node:internal/process/task_queues:105:5)[39m
2026-02-23 01:04:22:422 [35mhttp[39m: [35m[0mGET /api/admin/complaints/department/ELECTRICITY [33m404[0m 9.219 ms - 44[0m[39m
2026-02-23 01:04:22:422 [35mhttp[39m: [35m[0mGET /api/auth/logout [32m200[0m 1.497 ms - 52[0m[39m
2026-02-23 01:04:23:423 [31merror[39m: [31m401 - Please login to access this route - /api/admin/complaints/department/WATER - GET - ::1[39m
2026-02-23 01:04:23:423 [31merror[39m: [31mError: Please login to access this route[39m
[31m    at protect (file:///C:/Users/acer/civiccare-smart-city-portal/backend/src/middleware/auth.js:14:19)[39m
[31m    at Layer.handle [as handle_request] (C:\Users\acer\civiccare-smart-city-portal\backend\node_modules\express\lib\router\layer.js:95:5)[39m
[31m    at trim_prefix (C:\Users\acer\civiccare-smart-city-portal\backend\node_modules\express\lib\router\index.js:328:13)[39m
[31m    at C:\Users\acer\civiccare-smart-city-portal\backend\node_modules\express\lib\router\index.js:286:9[39m
[31m    at Function.process_params (C:\Users\acer\civiccare-smart-city-portal\backend\node_modules\express\lib\router\index.js:346:12)[39m
[31m    at next (C:\Users\acer\civiccare-smart-city-portal\backend\node_modules\express\lib\router\index.js:280:10)[39m
[31m    at Function.handle (C:\Users\acer\civiccare-smart-city-portal\backend\node_modules\express\lib\router\index.js:175:3)[39m
[31m    at router (C:\Users\acer\civiccare-smart-city-portal\backend\node_modules\express\lib\router\index.js:47:12)[39m
[31m    at Layer.handle [as handle_request] (C:\Users\acer\civiccare-smart-city-portal\backend\node_modules\express\lib\router\layer.js:95:5)[39m
[31m    at trim_prefix (C:\Users\acer\civiccare-smart-city-portal\backend\node_modules\express\lib\router\index.js:328:13)[39m
2026-02-23 01:04:23:423 [35mhttp[39m: [35m[0mGET /api/admin/complaints/department/WATER [33m401[0m 2.927 ms - 63[0m[39m
2026-02-23 01:04:23:423 [31merror[39m: [31m401 - Please login to access this route - /api/admin/complaints/department/WATER - GET - ::1[39m
2026-02-23 01:04:23:423 [31merror[39m: [31mError: Please login to access this route[39m
[31m    at protect (file:///C:/Users/acer/civiccare-smart-city-portal/backend/src/middleware/auth.js:14:19)[39m
[31m    at Layer.handle [as handle_request] (C:\Users\acer\civiccare-smart-city-portal\backend\node_modules\express\lib\router\layer.js:95:5)[39m
[31m    at trim_prefix (C:\Users\acer\civiccare-smart-city-portal\backend\node_modules\express\lib\router\index.js:328:13)[39m
[31m    at C:\Users\acer\civiccare-smart-city-portal\backend\node_modules\express\lib\router\index.js:286:9[39m
[31m    at Function.process_params (C:\Users\acer\civiccare-smart-city-portal\backend\node_modules\express\lib\router\index.js:346:12)[39m
[31m    at next (C:\Users\acer\civiccare-smart-city-portal\backend\node_modules\express\lib\router\index.js:280:10)[39m
[31m    at Function.handle (C:\Users\acer\civiccare-smart-city-portal\backend\node_modules\express\lib\router\index.js:175:3)[39m
[31m    at router (C:\Users\acer\civiccare-smart-city-portal\backend\node_modules\express\lib\router\index.js:47:12)[39m
[31m    at Layer.handle [as handle_request] (C:\Users\acer\civiccare-smart-city-portal\backend\node_modules\express\lib\router\layer.js:95:5)[39m
[31m    at trim_prefix (C:\Users\acer\civiccare-smart-city-portal\backend\node_modules\express\lib\router\index.js:328:13)[39m
2026-02-23 01:04:23:423 [35mhttp[39m: [35m[0mGET /api/admin/complaints/department/WATER [33m401[0m 2.868 ms - 63[0m[39m
2026-02-23 01:04:33:433 [35mhttp[39m: [35m[0mPOST /api/auth/admin-login [32m200[0m 254.378 ms - 404[0m[39m
2026-02-23 01:04:33:433 [35mhttp[39m: [35m[0mGET /api/admin/complaints/department/WASTE_MANAGEMENT [32m200[0m 38.508 ms - 850[0m[39m
2026-02-23 01:04:33:433 [35mhttp[39m: [35m[0mGET /api/admin/complaints/department/WASTE_MANAGEMENT [36m304[0m 19.327 ms - -[0m[39m
2026-02-23 01:04:34:434 [35mhttp[39m: [35m[0mGET /api/admin/complaints/department/POTHOLES [32m200[0m 13.479 ms - 852[0m[39m
2026-02-23 01:04:34:434 [35mhttp[39m: [35m[0mGET /api/admin/complaints/department/POTHOLES [36m304[0m 14.821 ms - -[0m[39m
2026-02-23 01:04:35:435 [35mhttp[39m: [35m[0mGET /api/admin/complaints/department/ELECTRICITY [32m200[0m 28.406 ms - 1365[0m[39m
2026-02-23 01:04:35:435 [35mhttp[39m: [35m[0mGET /api/admin/complaints/department/ELECTRICITY [36m304[0m 20.637 ms - -[0m[39m
2026-02-23 01:04:36:436 [35mhttp[39m: [35m[0mGET /api/admin/complaints/department/WATER [36m304[0m 10.303 ms - -[0m[39m
2026-02-23 01:04:36:436 [35mhttp[39m: [35m[0mGET /api/admin/complaints/department/WATER [36m304[0m 10.017 ms - -[0m[39m
2026-02-23 01:04:37:437 [35mhttp[39m: [35m[0mGET /api/admin/complaints/department/SANITATION [36m304[0m 8.965 ms - -[0m[39m
2026-02-23 01:04:37:437 [35mhttp[39m: [35m[0mGET /api/admin/complaints/department/SANITATION [36m304[0m 8.827 ms - -[0m[39m
2026-02-23 01:04:38:438 [35mhttp[39m: [35m[0mGET /api/admin/complaints/department/PUBLIC_PROPERTY [32m200[0m 17.797 ms - 1372[0m[39m
2026-02-23 01:04:38:438 [35mhttp[39m: [35m[0mGET /api/admin/complaints/department/PUBLIC_PROPERTY [36m304[0m 16.119 ms - -[0m[39m
2026-02-23 01:04:39:439 [35mhttp[39m: [35m[0mGET /api/admin/complaints/department/E_WASTE [32m200[0m 17.710 ms - 1375[0m[39m
2026-02-23 01:04:39:439 [35mhttp[39m: [35m[0mGET /api/admin/complaints/department/E_WASTE [36m304[0m 17.038 ms - -[0m[39m
2026-02-23 01:04:40:440 [35mhttp[39m: [35m[0mGET /api/admin/complaints/department/SECURITY [32m200[0m 13.458 ms - 1353[0m[39m
2026-02-23 01:04:40:440 [35mhttp[39m: [35m[0mGET /api/admin/complaints/department/SECURITY [36m304[0m 15.156 ms - -[0m[39m
2026-02-23 01:04:41:441 [35mhttp[39m: [35m[0mGET /api/admin/complaints/department/HEALTH [36m304[0m 7.875 ms - -[0m[39m
2026-02-23 01:04:41:441 [35mhttp[39m: [35m[0mGET /api/admin/complaints/department/HEALTH [36m304[0m 11.918 ms - -[0m[39m
2026-02-23 01:04:42:442 [35mhttp[39m: [35m[0mGET /api/admin/complaints/department/ENVIRONMENT [36m304[0m 8.544 ms - -[0m[39m
2026-02-23 01:04:42:442 [35mhttp[39m: [35m[0mGET /api/admin/complaints/department/ENVIRONMENT [36m304[0m 11.900 ms - -[0m[39m
2026-02-23 01:04:43:443 [35mhttp[39m: [35m[0mGET /api/admin/complaints/department/TRANSPORT [36m304[0m 8.989 ms - -[0m[39m
2026-02-23 01:04:43:443 [35mhttp[39m: [35m[0mGET /api/admin/complaints/department/TRANSPORT [36m304[0m 8.041 ms - -[0m[39m
2026-02-23 01:04:44:444 [35mhttp[39m: [35m[0mGET /api/admin/complaints/department/EDUCATION [36m304[0m 10.853 ms - -[0m[39m
2026-02-23 01:04:44:444 [35mhttp[39m: [35m[0mGET /api/admin/complaints/department/EDUCATION [36m304[0m 7.978 ms - -[0m[39m
2026-02-23 01:04:51:451 [35mhttp[39m: [35m[0mGET /api/setup/ward-offices [32m200[0m 28.313 ms - 1347[0m[39m
2026-02-23 01:04:51:451 [35mhttp[39m: [35m[0mGET /api/setup/teams/by-category/ELECTRICITY [32m200[0m 26.535 ms - 687[0m[39m
2026-02-23 01:04:51:451 [35mhttp[39m: [35m[0mGET /api/setup/ward-offices [36m304[0m 20.020 ms - -[0m[39m
2026-02-23 01:04:51:451 [35mhttp[39m: [35m[0mGET /api/setup/teams/by-category/ELECTRICITY [36m304[0m 17.334 ms - -[0m[39m
2026-02-23 01:04:51:451 [35mhttp[39m: [35m[0mGET /api/admin/complaints/department/ELECTRICITY [36m304[0m 76.337 ms - -[0m[39m
2026-02-23 01:04:52:452 [35mhttp[39m: [35m[0mGET /api/admin/complaints/department/ELECTRICITY [36m304[0m 24.899 ms - -[0m[39m
2026-02-23 01:04:59:459 [35mhttp[39m: [35m[0mGET /api/admin/complaints/department/WASTE_MANAGEMENT [36m304[0m 16.446 ms - -[0m[39m
2026-02-23 01:04:59:459 [35mhttp[39m: [35m[0mGET /api/admin/complaints/department/WASTE_MANAGEMENT [36m304[0m 16.337 ms - -[0m[39m
2026-02-23 01:05:00:50 [35mhttp[39m: [35m[0mGET /api/admin/complaints/department/POTHOLES [36m304[0m 16.311 ms - -[0m[39m
2026-02-23 01:05:00:50 [35mhttp[39m: [35m[0mGET /api/admin/complaints/department/POTHOLES [36m304[0m 15.617 ms - -[0m[39m
2026-02-23 01:05:01:51 [35mhttp[39m: [35m[0mGET /api/admin/complaints/department/ELECTRICITY [36m304[0m 20.800 ms - -[0m[39m
2026-02-23 01:05:01:51 [35mhttp[39m: [35m[0mGET /api/admin/complaints/department/ELECTRICITY [36m304[0m 21.845 ms - -[0m[39m
2026-02-23 01:05:02:52 [35mhttp[39m: [35m[0mGET /api/admin/complaints/department/WATER [36m304[0m 7.386 ms - -[0m[39m
2026-02-23 01:05:02:52 [35mhttp[39m: [35m[0mGET /api/admin/complaints/department/WATER [36m304[0m 7.915 ms - -[0m[39m
2026-02-23 01:05:03:53 [35mhttp[39m: [35m[0mGET /api/admin/complaints/department/SANITATION [36m304[0m 7.138 ms - -[0m[39m
2026-02-23 01:05:04:54 [35mhttp[39m: [35m[0mGET /api/admin/complaints/department/SANITATION [36m304[0m 5.774 ms - -[0m[39m
2026-02-23 01:05:05:55 [35mhttp[39m: [35m[0mGET /api/admin/complaints/department/PUBLIC_PROPERTY [36m304[0m 21.579 ms - -[0m[39m
2026-02-23 01:05:05:55 [35mhttp[39m: [35m[0mGET /api/admin/complaints/department/PUBLIC_PROPERTY [36m304[0m 21.193 ms - -[0m[39m
2026-02-23 01:05:06:56 [35mhttp[39m: [35m[0mGET /api/admin/complaints/department/E_WASTE [36m304[0m 22.827 ms - -[0m[39m
2026-02-23 01:05:06:56 [35mhttp[39m: [35m[0mGET /api/admin/complaints/department/E_WASTE [36m304[0m 22.100 ms - -[0m[39m
2026-02-23 01:05:07:57 [35mhttp[39m: [35m[0mGET /api/admin/complaints/department/SECURITY [36m304[0m 17.350 ms - -[0m[39m
2026-02-23 01:05:07:57 [35mhttp[39m: [35m[0mGET /api/admin/complaints/department/SECURITY [36m304[0m 17.156 ms - -[0m[39m
2026-02-23 01:05:08:58 [35mhttp[39m: [35m[0mGET /api/admin/complaints/department/HEALTH [36m304[0m 10.262 ms - -[0m[39m
2026-02-23 01:05:08:58 [35mhttp[39m: [35m[0mGET /api/admin/complaints/department/HEALTH [36m304[0m 10.991 ms - -[0m[39m
2026-02-23 01:05:09:59 [35mhttp[39m: [35m[0mGET /api/admin/complaints/department/ENVIRONMENT [36m304[0m 9.964 ms - -[0m[39m
2026-02-23 01:05:09:59 [35mhttp[39m: [35m[0mGET /api/admin/complaints/department/ENVIRONMENT [36m304[0m 11.887 ms - -[0m[39m
2026-02-23 01:05:10:510 [35mhttp[39m: [35m[0mGET /api/admin/complaints/department/TRANSPORT [36m304[0m 8.851 ms - -[0m[39m
2026-02-23 01:05:10:510 [35mhttp[39m: [35m[0mGET /api/admin/complaints/department/TRANSPORT [36m304[0m 8.534 ms - -[0m[39m
2026-02-23 01:05:11:511 [35mhttp[39m: [35m[0mGET /api/admin/complaints/department/EDUCATION [36m304[0m 8.112 ms - -[0m[39m
2026-02-23 01:05:11:511 [35mhttp[39m: [35m[0mGET /api/admin/complaints/department/EDUCATION [36m304[0m 7.637 ms - -[0m[39m
2026-02-23 01:05:14:514 [35mhttp[39m: [35m[0mGET /api/setup/teams/by-category/WASTE_MANAGEMENT [32m200[0m 25.120 ms - 700[0m[39m
2026-02-23 01:05:14:514 [35mhttp[39m: [35m[0mGET /api/setup/ward-offices [36m304[0m 25.523 ms - -[0m[39m
2026-02-23 01:05:14:514 [35mhttp[39m: [35m[0mGET /api/admin/complaints/department/WASTE_MANAGEMENT [36m304[0m 38.860 ms - -[0m[39m
2026-02-23 01:05:14:514 [35mhttp[39m: [35m[0mGET /api/setup/teams/by-category/WASTE_MANAGEMENT [36m304[0m 19.814 ms - -[0m[39m
2026-02-23 01:05:14:514 [35mhttp[39m: [35m[0mGET /api/setup/ward-offices [36m304[0m 22.189 ms - -[0m[39m
2026-02-23 01:05:14:514 [35mhttp[39m: [35m[0mGET /api/admin/complaints/department/WASTE_MANAGEMENT [36m304[0m 27.096 ms - -[0m[39m
2026-02-23 01:05:23:523 [35mhttp[39m: [35m[0mPOST /api/admin/assign-team [32m200[0m 59.447 ms - 1358[0m[39m
2026-02-23 01:05:23:523 [35mhttp[39m: [35m[0mGET /api/setup/teams/by-category/WASTE_MANAGEMENT [32m200[0m 23.598 ms - 726[0m[39m
2026-02-23 01:05:23:523 [35mhttp[39m: [35m[0mGET /api/setup/ward-offices [36m304[0m 24.317 ms - -[0m[39m
2026-02-23 01:05:23:523 [35mhttp[39m: [35m[0mGET /api/admin/complaints/department/WASTE_MANAGEMENT [32m200[0m 41.590 ms - 1455[0m[39m
2026-02-23 01:05:29:529 [35mhttp[39m: [35m[0mGET /api/auth/logout [36m304[0m 0.891 ms - -[0m[39m
2026-02-23 01:05:48:548 [31merror[39m: [31m401 - Invalid email or password - /api/auth/supervisor-login - POST - ::1[39m
2026-02-23 01:05:48:548 [31merror[39m: [31mError: Invalid email or password[39m
[31m    at file:///C:/Users/acer/civiccare-smart-city-portal/backend/src/controllers/authController.js:214:17[39m
[31m    at process.processTicksAndRejections (node:internal/process/task_queues:105:5)[39m
2026-02-23 01:05:48:548 [35mhttp[39m: [35m[0mPOST /api/auth/supervisor-login [33m401[0m 9.098 ms - 55[0m[39m
2026-02-23 01:06:35:635 [31merror[39m: [31m401 - Invalid email or password - /api/auth/supervisor-login - POST - ::1[39m
2026-02-23 01:06:35:635 [31merror[39m: [31mError: Invalid email or password[39m
[31m    at file:///C:/Users/acer/civiccare-smart-city-portal/backend/src/controllers/authController.js:214:17[39m
[31m    at process.processTicksAndRejections (node:internal/process/task_queues:105:5)[39m
2026-02-23 01:06:35:635 [35mhttp[39m: [35m[0mPOST /api/auth/supervisor-login [33m401[0m 6.031 ms - 55[0m[39m
2026-02-23 01:07:19:719 [31merror[39m: [31m401 - Invalid email or password - /api/auth/supervisor-login - POST - ::1[39m
2026-02-23 01:07:19:719 [31merror[39m: [31mError: Invalid email or password[39m
[31m    at file:///C:/Users/acer/civiccare-smart-city-portal/backend/src/controllers/authController.js:214:17[39m
[31m    at process.processTicksAndRejections (node:internal/process/task_queues:105:5)[39m
2026-02-23 01:07:19:719 [35mhttp[39m: [35m[0mPOST /api/auth/supervisor-login [33m401[0m 4.907 ms - 55[0m[39m
2026-02-23 01:08:02:82 [35mhttp[39m: [35m[0mPOST /api/auth/supervisor-login [32m200[0m 104.450 ms - 791[0m[39m
2026-02-23 01:08:54:854 [35mhttp[39m: [35m[0mPOST /api/auth/supervisor-login [32m200[0m 297.238 ms - 791[0m[39m
2026-02-23 01:09:54:954 [35mhttp[39m: [35m[0mGET /api/auth/logout [36m304[0m 1.381 ms - -[0m[39m
2026-02-23 01:10:25:1025 [35mhttp[39m: [35m[0mGET /api/health [33m404[0m 1.038 ms - 66[0m[39m
2026-02-23 01:10:30:1030 [35mhttp[39m: [35m[0mPOST /api/auth/login [32m200[0m 98.771 ms - 380[0m[39m
2026-02-23 01:11:25:1125 [35mhttp[39m: [35m[0mPOST /api/auth/supervisor-login [32m200[0m 268.654 ms - 791[0m[39m
2026-02-23 01:11:43:1143 [35mhttp[39m: [35m[0mGET /api/auth/logout [36m304[0m 0.661 ms - -[0m[39m
2026-02-23 01:11:57:1157 [31merror[39m: [31m401 - Invalid email or password - /api/auth/supervisor-login - POST - ::1[39m
2026-02-23 01:11:57:1157 [31merror[39m: [31mError: Invalid email or password[39m
[31m    at file:///C:/Users/acer/civiccare-smart-city-portal/backend/src/controllers/authController.js:214:17[39m
[31m    at process.processTicksAndRejections (node:internal/process/task_queues:105:5)[39m
2026-02-23 01:11:57:1157 [35mhttp[39m: [35m[0mPOST /api/auth/supervisor-login [33m401[0m 8.493 ms - 55[0m[39m
2026-02-23 01:13:01:131 [35mhttp[39m: [35m[0mPOST /api/auth/supervisor-login [32m200[0m 256.584 ms - 791[0m[39m
2026-02-23 01:24:35:2435 [35mhttp[39m: [35m[0mGET /api/auth/logout [36m304[0m 2.795 ms - -[0m[39m
2026-02-23 01:24:49:2449 [31merror[39m: [31m401 - Invalid email or password - /api/auth/supervisor-login - POST - ::1[39m
2026-02-23 01:24:49:2449 [31merror[39m: [31mError: Invalid email or password[39m
[31m    at file:///C:/Users/acer/civiccare-smart-city-portal/backend/src/controllers/authController.js:214:17[39m
[31m    at process.processTicksAndRejections (node:internal/process/task_queues:105:5)[39m
2026-02-23 01:24:49:2449 [35mhttp[39m: [35m[0mPOST /api/auth/supervisor-login [33m401[0m 9.223 ms - 55[0m[39m
2026-02-23 01:25:25:2525 [32minfo[39m: [32mMongoDB Connected: localhost[39m
2026-02-23 01:25:25:2525 [32minfo[39m: [32mServer running on port 5000[39m
2026-02-23 01:25:25:2525 [32minfo[39m: [32mEnvironment: development[39m
2026-02-23 01:25:44:2544 [35mhttp[39m: [35m[0mPOST /api/auth/supervisor-login [32m200[0m 671.760 ms - 791[0m[39m
2026-02-23 01:27:54:2754 [32minfo[39m: [32mMongoDB Connected: localhost[39m
2026-02-23 01:27:54:2754 [32minfo[39m: [32mServer running on port 5000[39m
2026-02-23 01:27:54:2754 [32minfo[39m: [32mEnvironment: development[39m
2026-02-23 01:30:34:3034 [35mhttp[39m: [35m[0mGET /api/auth/logout [36m304[0m 9.942 ms - -[0m[39m
2026-02-23 01:30:39:3039 [35mhttp[39m: [35m[0mPOST /api/auth/admin-login [32m200[0m 408.412 ms - 397[0m[39m
2026-02-23 01:30:39:3039 [35mhttp[39m: [35m[0mGET /api/admin/complaints/department/WASTE_MANAGEMENT [36m304[0m 95.965 ms - -[0m[39m
2026-02-23 01:30:39:3039 [35mhttp[39m: [35m[0mGET /api/admin/complaints/department/WASTE_MANAGEMENT [36m304[0m 51.225 ms - -[0m[39m
2026-02-23 01:30:40:3040 [35mhttp[39m: [35m[0mGET /api/admin/complaints/department/POTHOLES [36m304[0m 28.075 ms - -[0m[39m
2026-02-23 01:30:40:3040 [35mhttp[39m: [35m[0mGET /api/admin/complaints/department/POTHOLES [36m304[0m 24.678 ms - -[0m[39m
2026-02-23 01:30:41:3041 [35mhttp[39m: [35m[0mGET /api/admin/complaints/department/ELECTRICITY [36m304[0m 29.206 ms - -[0m[39m
2026-02-23 01:30:41:3041 [35mhttp[39m: [35m[0mGET /api/admin/complaints/department/ELECTRICITY [36m304[0m 22.259 ms - -[0m[39m
2026-02-23 01:30:42:3042 [35mhttp[39m: [35m[0mGET /api/admin/complaints/department/WATER [36m304[0m 13.790 ms - -[0m[39m
2026-02-23 01:30:42:3042 [35mhttp[39m: [35m[0mGET /api/admin/complaints/department/WATER [36m304[0m 13.385 ms - -[0m[39m
2026-02-23 01:30:43:3043 [35mhttp[39m: [35m[0mGET /api/admin/complaints/department/SANITATION [36m304[0m 13.168 ms - -[0m[39m
2026-02-23 01:30:43:3043 [35mhttp[39m: [35m[0mGET /api/admin/complaints/department/SANITATION [36m304[0m 14.524 ms - -[0m[39m
2026-02-23 01:30:44:3044 [35mhttp[39m: [35m[0mGET /api/admin/complaints/department/PUBLIC_PROPERTY [36m304[0m 24.731 ms - -[0m[39m
2026-02-23 01:30:44:3044 [35mhttp[39m: [35m[0mGET /api/admin/complaints/department/PUBLIC_PROPERTY [36m304[0m 19.207 ms - -[0m[39m
2026-02-23 01:30:45:3045 [35mhttp[39m: [35m[0mGET /api/admin/complaints/department/E_WASTE [36m304[0m 26.221 ms - -[0m[39m
2026-02-23 01:30:45:3045 [35mhttp[39m: [35m[0mGET /api/admin/complaints/department/E_WASTE [36m304[0m 29.872 ms - -[0m[39m
2026-02-23 01:30:46:3046 [35mhttp[39m: [35m[0mGET /api/admin/complaints/department/SECURITY [36m304[0m 18.782 ms - -[0m[39m
2026-02-23 01:30:46:3046 [35mhttp[39m: [35m[0mGET /api/admin/complaints/department/SECURITY [36m304[0m 26.658 ms - -[0m[39m
2026-02-23 01:30:47:3047 [35mhttp[39m: [35m[0mGET /api/admin/complaints/department/HEALTH [36m304[0m 9.824 ms - -[0m[39m
2026-02-23 01:30:47:3047 [35mhttp[39m: [35m[0mGET /api/admin/complaints/department/HEALTH [36m304[0m 9.958 ms - -[0m[39m
2026-02-23 01:30:48:3048 [35mhttp[39m: [35m[0mGET /api/admin/complaints/department/ENVIRONMENT [36m304[0m 12.617 ms - -[0m[39m
2026-02-23 01:30:48:3048 [35mhttp[39m: [35m[0mGET /api/admin/complaints/department/ENVIRONMENT [36m304[0m 11.280 ms - -[0m[39m
2026-02-23 01:30:50:3050 [35mhttp[39m: [35m[0mGET /api/admin/complaints/department/TRANSPORT [36m304[0m 9.778 ms - -[0m[39m
2026-02-23 01:30:50:3050 [35mhttp[39m: [35m[0mGET /api/admin/complaints/department/TRANSPORT [36m304[0m 9.174 ms - -[0m[39m
2026-02-23 01:30:51:3051 [35mhttp[39m: [35m[0mGET /api/admin/complaints/department/EDUCATION [36m304[0m 9.533 ms - -[0m[39m
2026-02-23 01:30:51:3051 [35mhttp[39m: [35m[0mGET /api/admin/complaints/department/EDUCATION [36m304[0m 9.894 ms - -[0m[39m
2026-02-23 01:31:01:311 [35mhttp[39m: [35m[0mGET /api/complaints [32m200[0m 73.051 ms - 1392[0m[39m
2026-02-23 01:31:01:311 [35mhttp[39m: [35m[0mGET /api/complaints [36m304[0m 46.970 ms - -[0m[39m
2026-02-23 01:31:01:311 [35mhttp[39m: [35m[0mGET /api/complaints/stats/overview [32m200[0m 71.073 ms - 405[0m[39m
2026-02-23 01:31:01:311 [35mhttp[39m: [35m[0mGET /api/complaints/stats/overview [32m200[0m 37.308 ms - 405[0m[39m
2026-02-23 01:31:04:314 [35mhttp[39m: [35m[0mGET /api/auth/logout [36m304[0m 0.466 ms - -[0m[39m
2026-02-23 01:31:17:3117 [31merror[39m: [31m401 - Invalid email or password - /api/auth/login - POST - ::1[39m
2026-02-23 01:31:17:3117 [31merror[39m: [31mError: Invalid email or password[39m
[31m    at file:///C:/Users/acer/civiccare-smart-city-portal/backend/src/controllers/authController.js:89:17[39m
[31m    at process.processTicksAndRejections (node:internal/process/task_queues:105:5)[39m
2026-02-23 01:31:17:3117 [35mhttp[39m: [35m[0mPOST /api/auth/login [33m401[0m 11.954 ms - 55[0m[39m
2026-02-23 01:31:33:3133 [31merror[39m: [31m401 - Invalid email or password - /api/auth/login - POST - ::1[39m
2026-02-23 01:31:33:3133 [31merror[39m: [31mError: Invalid email or password[39m
[31m    at file:///C:/Users/acer/civiccare-smart-city-portal/backend/src/controllers/authController.js:102:17[39m
2026-02-23 01:31:33:3133 [35mhttp[39m: [35m[0mPOST /api/auth/login [33m401[0m 305.069 ms - 55[0m[39m
2026-02-23 01:31:50:3150 [31merror[39m: [31m401 - Invalid email or password - /api/auth/login - POST - ::1[39m
2026-02-23 01:31:50:3150 [31merror[39m: [31mError: Invalid email or password[39m
[31m    at file:///C:/Users/acer/civiccare-smart-city-portal/backend/src/controllers/authController.js:89:17[39m
[31m    at process.processTicksAndRejections (node:internal/process/task_queues:105:5)[39m
2026-02-23 01:31:50:3150 [35mhttp[39m: [35m[0mPOST /api/auth/login [33m401[0m 8.827 ms - 55[0m[39m
2026-02-23 01:32:16:3216 [32minfo[39m: [32mMongoDB Connected: localhost[39m
2026-02-23 01:32:16:3216 [32minfo[39m: [32mServer running on port 5000[39m
2026-02-23 01:32:16:3216 [32minfo[39m: [32mEnvironment: development[39m
2026-02-23 01:33:05:335 [32minfo[39m: [32mMongoDB Connected: localhost[39m
2026-02-23 01:33:05:335 [32minfo[39m: [32mServer running on port 5000[39m
2026-02-23 01:33:05:335 [32minfo[39m: [32mEnvironment: development[39m
2026-02-23 01:33:41:3341 [31merror[39m: [31m401 - Invalid email or password - /api/auth/supervisor-login - POST - ::1[39m
2026-02-23 01:33:41:3341 [31merror[39m: [31mError: Invalid email or password[39m
[31m    at file:///C:/Users/acer/civiccare-smart-city-portal/backend/src/controllers/authController.js:214:17[39m
[31m    at process.processTicksAndRejections (node:internal/process/task_queues:105:5)[39m
2026-02-23 01:33:41:3341 [35mhttp[39m: [35m[0mPOST /api/auth/supervisor-login [33m401[0m 100.044 ms - 55[0m[39m
2026-02-23 01:33:59:3359 [31merror[39m: [31m401 - Invalid email or password - /api/auth/supervisor-login - POST - ::1[39m
2026-02-23 01:33:59:3359 [31merror[39m: [31mError: Invalid email or password[39m
[31m    at file:///C:/Users/acer/civiccare-smart-city-portal/backend/src/controllers/authController.js:228:17[39m
2026-02-23 01:33:59:3359 [35mhttp[39m: [35m[0mPOST /api/auth/supervisor-login [33m401[0m 424.008 ms - 55[0m[39m
2026-02-23 01:34:16:3416 [31merror[39m: [31m401 - Invalid email or password - /api/auth/supervisor-login - POST - ::1[39m
2026-02-23 01:34:16:3416 [31merror[39m: [31mError: Invalid email or password[39m
[31m    at file:///C:/Users/acer/civiccare-smart-city-portal/backend/src/controllers/authController.js:214:17[39m
[31m    at process.processTicksAndRejections (node:internal/process/task_queues:105:5)[39m
2026-02-23 01:34:16:3416 [35mhttp[39m: [35m[0mPOST /api/auth/supervisor-login [33m401[0m 11.058 ms - 55[0m[39m
2026-02-23 01:34:44:3444 [31merror[39m: [31m401 - Invalid email or password - /api/auth/supervisor-login - POST - ::1[39m
2026-02-23 01:34:44:3444 [31merror[39m: [31mError: Invalid email or password[39m
[31m    at file:///C:/Users/acer/civiccare-smart-city-portal/backend/src/controllers/authController.js:214:17[39m
[31m    at process.processTicksAndRejections (node:internal/process/task_queues:105:5)[39m
2026-02-23 01:34:44:3444 [35mhttp[39m: [35m[0mPOST /api/auth/supervisor-login [33m401[0m 7.646 ms - 55[0m[39m
2026-02-23 01:35:15:3515 [35mhttp[39m: [35m[0mPOST /api/auth/admin-login [32m200[0m 301.085 ms - 404[0m[39m
2026-02-23 01:35:15:3515 [35mhttp[39m: [35m[0mGET /api/admin/complaints/department/WASTE_MANAGEMENT [36m304[0m 80.896 ms - -[0m[39m
2026-02-23 01:35:15:3515 [35mhttp[39m: [35m[0mGET /api/admin/complaints/department/WASTE_MANAGEMENT [36m304[0m 38.339 ms - -[0m[39m
2026-02-23 01:35:16:3516 [35mhttp[39m: [35m[0mGET /api/admin/complaints/department/POTHOLES [36m304[0m 18.058 ms - -[0m[39m
2026-02-23 01:35:16:3516 [35mhttp[39m: [35m[0mGET /api/admin/complaints/department/POTHOLES [36m304[0m 20.539 ms - -[0m[39m
2026-02-23 01:35:17:3517 [35mhttp[39m: [35m[0mGET /api/admin/complaints/department/ELECTRICITY [36m304[0m 26.744 ms - -[0m[39m
2026-02-23 01:35:17:3517 [35mhttp[39m: [35m[0mGET /api/admin/complaints/department/ELECTRICITY [36m304[0m 19.227 ms - -[0m[39m
2026-02-23 01:35:18:3518 [35mhttp[39m: [35m[0mGET /api/admin/complaints/department/WATER [36m304[0m 14.893 ms - -[0m[39m
2026-02-23 01:35:18:3518 [35mhttp[39m: [35m[0mGET /api/admin/complaints/department/WATER [36m304[0m 17.564 ms - -[0m[39m
2026-02-23 01:35:19:3519 [35mhttp[39m: [35m[0mGET /api/admin/complaints/department/SANITATION [36m304[0m 9.817 ms - -[0m[39m
2026-02-23 01:35:19:3519 [35mhttp[39m: [35m[0mGET /api/admin/complaints/department/SANITATION [36m304[0m 10.368 ms - -[0m[39m
2026-02-23 01:35:20:3520 [35mhttp[39m: [35m[0mGET /api/admin/complaints/department/PUBLIC_PROPERTY [36m304[0m 30.058 ms - -[0m[39m
2026-02-23 01:35:20:3520 [35mhttp[39m: [35m[0mGET /api/admin/complaints/department/PUBLIC_PROPERTY [36m304[0m 28.385 ms - -[0m[39m
2026-02-23 01:35:21:3521 [35mhttp[39m: [35m[0mGET /api/admin/complaints/department/E_WASTE [36m304[0m 21.657 ms - -[0m[39m
2026-02-23 01:35:21:3521 [35mhttp[39m: [35m[0mGET /api/admin/complaints/department/E_WASTE [36m304[0m 21.585 ms - -[0m[39m
2026-02-23 01:35:22:3522 [35mhttp[39m: [35m[0mGET /api/admin/complaints/department/SECURITY [36m304[0m 21.054 ms - -[0m[39m
2026-02-23 01:35:22:3522 [35mhttp[39m: [35m[0mGET /api/admin/complaints/department/SECURITY [36m304[0m 23.209 ms - -[0m[39m
2026-02-23 01:35:23:3523 [35mhttp[39m: [35m[0mGET /api/admin/complaints/department/HEALTH [36m304[0m 5.148 ms - -[0m[39m
2026-02-23 01:35:23:3523 [35mhttp[39m: [35m[0mGET /api/admin/complaints/department/HEALTH [36m304[0m 8.480 ms - -[0m[39m
2026-02-23 01:35:24:3524 [35mhttp[39m: [35m[0mGET /api/admin/complaints/department/ENVIRONMENT [36m304[0m 12.238 ms - -[0m[39m
2026-02-23 01:35:24:3524 [35mhttp[39m: [35m[0mGET /api/admin/complaints/department/ENVIRONMENT [36m304[0m 10.749 ms - -[0m[39m
2026-02-23 01:35:25:3525 [35mhttp[39m: [35m[0mGET /api/admin/complaints/department/TRANSPORT [36m304[0m 11.138 ms - -[0m[39m
2026-02-23 01:35:25:3525 [35mhttp[39m: [35m[0mGET /api/admin/complaints/department/TRANSPORT [36m304[0m 9.618 ms - -[0m[39m
2026-02-23 01:35:26:3526 [35mhttp[39m: [35m[0mGET /api/admin/complaints/department/EDUCATION [36m304[0m 10.286 ms - -[0m[39m
2026-02-23 01:35:26:3526 [35mhttp[39m: [35m[0mGET /api/admin/complaints/department/EDUCATION [36m304[0m 10.839 ms - -[0m[39m
2026-02-23 01:35:34:3534 [35mhttp[39m: [35m[0mGET /api/auth/logout [36m304[0m 0.774 ms - -[0m[39m
2026-02-23 01:35:49:3549 [31merror[39m: [31m401 - Invalid email or password - /api/auth/login - POST - ::1[39m
2026-02-23 01:35:49:3549 [31merror[39m: [31mError: Invalid email or password[39m
[31m    at file:///C:/Users/acer/civiccare-smart-city-portal/backend/src/controllers/authController.js:89:17[39m
[31m    at process.processTicksAndRejections (node:internal/process/task_queues:105:5)[39m
2026-02-23 01:35:49:3549 [35mhttp[39m: [35m[0mPOST /api/auth/login [33m401[0m 12.000 ms - 55[0m[39m
2026-02-23 01:36:11:3611 [31merror[39m: [31m401 - Invalid email or password - /api/auth/login - POST - ::1[39m
2026-02-23 01:36:11:3611 [31merror[39m: [31mError: Invalid email or password[39m
[31m    at file:///C:/Users/acer/civiccare-smart-city-portal/backend/src/controllers/authController.js:89:17[39m
[31m    at process.processTicksAndRejections (node:internal/process/task_queues:105:5)[39m
2026-02-23 01:36:11:3611 [35mhttp[39m: [35m[0mPOST /api/auth/login [33m401[0m 6.470 ms - 55[0m[39m
2026-02-24 13:22:54:2254 [32minfo[39m: [32mMongoDB Connected: localhost[39m
2026-02-24 13:22:54:2254 [32minfo[39m: [32mServer running on port 5000[39m
2026-02-24 13:22:54:2254 [32minfo[39m: [32mEnvironment: development[39m
2026-02-24 13:23:16:2316 [35mhttp[39m: [35m[0mPOST /api/auth/supervisor-login [32m200[0m 459.087 ms - 791[0m[39m
2026-02-24 13:25:07:257 [35mhttp[39m: [35m[0mGET /api/auth/logout [36m304[0m 1.987 ms - -[0m[39m
2026-02-24 13:25:17:2517 [35mhttp[39m: [35m[0mPOST /api/auth/admin-login [32m200[0m 240.493 ms - 404[0m[39m
2026-02-24 13:25:17:2517 [35mhttp[39m: [35m[0mGET /api/admin/complaints/department/WASTE_MANAGEMENT [36m304[0m 247.577 ms - -[0m[39m
2026-02-24 13:25:17:2517 [35mhttp[39m: [35m[0mGET /api/admin/complaints/department/WASTE_MANAGEMENT [36m304[0m 37.361 ms - -[0m[39m
2026-02-24 13:25:18:2518 [35mhttp[39m: [35m[0mGET /api/admin/complaints/department/POTHOLES [36m304[0m 24.553 ms - -[0m[39m
2026-02-24 13:25:18:2518 [35mhttp[39m: [35m[0mGET /api/admin/complaints/department/POTHOLES [36m304[0m 15.766 ms - -[0m[39m
2026-02-24 13:25:19:2519 [35mhttp[39m: [35m[0mGET /api/admin/complaints/department/ELECTRICITY [36m304[0m 24.320 ms - -[0m[39m
2026-02-24 13:25:19:2519 [35mhttp[39m: [35m[0mGET /api/admin/complaints/department/ELECTRICITY [36m304[0m 19.202 ms - -[0m[39m
2026-02-24 13:25:20:2520 [35mhttp[39m: [35m[0mGET /api/admin/complaints/department/WATER [36m304[0m 8.623 ms - -[0m[39m
2026-02-24 13:25:20:2520 [35mhttp[39m: [35m[0mGET /api/admin/complaints/department/WATER [36m304[0m 9.608 ms - -[0m[39m
2026-02-24 13:25:21:2521 [35mhttp[39m: [35m[0mGET /api/admin/complaints/department/SANITATION [36m304[0m 10.864 ms - -[0m[39m
2026-02-24 13:25:21:2521 [35mhttp[39m: [35m[0mGET /api/admin/complaints/department/SANITATION [36m304[0m 8.067 ms - -[0m[39m
2026-02-24 13:25:23:2523 [35mhttp[39m: [35m[0mGET /api/admin/complaints/department/PUBLIC_PROPERTY [36m304[0m 54.482 ms - -[0m[39m
2026-02-24 13:25:23:2523 [35mhttp[39m: [35m[0mGET /api/admin/complaints/department/PUBLIC_PROPERTY [36m304[0m 19.886 ms - -[0m[39m
2026-02-24 13:25:24:2524 [35mhttp[39m: [35m[0mGET /api/admin/complaints/department/E_WASTE [36m304[0m 18.448 ms - -[0m[39m
2026-02-24 13:25:24:2524 [35mhttp[39m: [35m[0mGET /api/admin/complaints/department/E_WASTE [36m304[0m 20.388 ms - -[0m[39m
2026-02-24 13:25:25:2525 [35mhttp[39m: [35m[0mGET /api/admin/complaints/department/SECURITY [36m304[0m 21.133 ms - -[0m[39m
2026-02-24 13:25:25:2525 [35mhttp[39m: [35m[0mGET /api/admin/complaints/department/SECURITY [36m304[0m 20.934 ms - -[0m[39m
2026-02-24 13:25:26:2526 [35mhttp[39m: [35m[0mGET /api/admin/complaints/department/HEALTH [36m304[0m 8.511 ms - -[0m[39m
2026-02-24 13:25:26:2526 [35mhttp[39m: [35m[0mGET /api/admin/complaints/department/HEALTH [36m304[0m 9.553 ms - -[0m[39m
2026-02-24 13:25:27:2527 [35mhttp[39m: [35m[0mGET /api/admin/complaints/department/ENVIRONMENT [36m304[0m 8.255 ms - -[0m[39m
2026-02-24 13:25:27:2527 [35mhttp[39m: [35m[0mGET /api/admin/complaints/department/ENVIRONMENT [36m304[0m 8.508 ms - -[0m[39m
2026-02-24 13:25:28:2528 [35mhttp[39m: [35m[0mGET /api/admin/complaints/department/TRANSPORT [36m304[0m 5.177 ms - -[0m[39m
2026-02-24 13:25:28:2528 [35mhttp[39m: [35m[0mGET /api/admin/complaints/department/TRANSPORT [36m304[0m 4.531 ms - -[0m[39m
2026-02-24 13:25:30:2530 [35mhttp[39m: [35m[0mGET /api/admin/complaints/department/EDUCATION [36m304[0m 5.516 ms - -[0m[39m
2026-02-24 13:25:30:2530 [35mhttp[39m: [35m[0mGET /api/admin/complaints/department/EDUCATION [36m304[0m 5.559 ms - -[0m[39m
2026-02-24 13:25:42:2542 [35mhttp[39m: [35m[0mGET /api/admin/complaints/department/SECURITY [36m304[0m 28.133 ms - -[0m[39m
2026-02-24 13:25:42:2542 [35mhttp[39m: [35m[0mGET /api/setup/ward-offices [36m304[0m 19.667 ms - -[0m[39m
2026-02-24 13:25:42:2542 [35mhttp[39m: [35m[0mGET /api/setup/teams/by-category/SECURITY [32m200[0m 40.684 ms - 355[0m[39m
2026-02-24 13:25:42:2542 [35mhttp[39m: [35m[0mGET /api/setup/ward-offices [36m304[0m 25.059 ms - -[0m[39m
2026-02-24 13:25:42:2542 [35mhttp[39m: [35m[0mGET /api/admin/complaints/department/SECURITY [36m304[0m 34.128 ms - -[0m[39m
2026-02-24 13:25:42:2542 [35mhttp[39m: [35m[0mGET /api/setup/teams/by-category/SECURITY [36m304[0m 18.588 ms - -[0m[39m
2026-02-24 13:25:53:2553 [35mhttp[39m: [35m[0mGET /api/admin/complaints/department/WASTE_MANAGEMENT [36m304[0m 22.392 ms - -[0m[39m
2026-02-24 13:25:53:2553 [35mhttp[39m: [35m[0mGET /api/admin/complaints/department/WASTE_MANAGEMENT [36m304[0m 19.479 ms - -[0m[39m
2026-02-24 13:25:54:2554 [35mhttp[39m: [35m[0mGET /api/admin/complaints/department/POTHOLES [36m304[0m 17.156 ms - -[0m[39m
2026-02-24 13:25:55:2555 [35mhttp[39m: [35m[0mGET /api/admin/complaints/department/POTHOLES [36m304[0m 36.154 ms - -[0m[39m
2026-02-24 13:25:55:2555 [35mhttp[39m: [35m[0mGET /api/admin/complaints/department/ELECTRICITY [36m304[0m 17.061 ms - -[0m[39m
2026-02-24 13:25:56:2556 [35mhttp[39m: [35m[0mGET /api/admin/complaints/department/ELECTRICITY [36m304[0m 14.934 ms - -[0m[39m
2026-02-24 13:25:57:2557 [35mhttp[39m: [35m[0mGET /api/admin/complaints/department/WATER [36m304[0m 9.225 ms - -[0m[39m
2026-02-24 13:25:57:2557 [35mhttp[39m: [35m[0mGET /api/admin/complaints/department/WATER [36m304[0m 8.225 ms - -[0m[39m
2026-02-24 13:25:58:2558 [35mhttp[39m: [35m[0mGET /api/admin/complaints/department/SANITATION [36m304[0m 7.792 ms - -[0m[39m
2026-02-24 13:25:58:2558 [35mhttp[39m: [35m[0mGET /api/admin/complaints/department/SANITATION [36m304[0m 8.047 ms - -[0m[39m
2026-02-24 13:25:59:2559 [35mhttp[39m: [35m[0mGET /api/admin/complaints/department/PUBLIC_PROPERTY [36m304[0m 16.313 ms - -[0m[39m
2026-02-24 13:25:59:2559 [35mhttp[39m: [35m[0mGET /api/admin/complaints/department/PUBLIC_PROPERTY [36m304[0m 19.762 ms - -[0m[39m
2026-02-24 13:26:00:260 [35mhttp[39m: [35m[0mGET /api/admin/complaints/department/E_WASTE [36m304[0m 23.651 ms - -[0m[39m
2026-02-24 13:26:00:260 [35mhttp[39m: [35m[0mGET /api/admin/complaints/department/E_WASTE [36m304[0m 20.067 ms - -[0m[39m
2026-02-24 13:26:01:261 [35mhttp[39m: [35m[0mGET /api/admin/complaints/department/SECURITY [36m304[0m 15.399 ms - -[0m[39m
2026-02-24 13:26:01:261 [35mhttp[39m: [35m[0mGET /api/admin/complaints/department/SECURITY [36m304[0m 20.401 ms - -[0m[39m
2026-02-24 13:26:01:261 [35mhttp[39m: [35m[0mGET /api/auth/logout [36m304[0m 0.922 ms - -[0m[39m
2026-02-24 13:26:02:262 [31merror[39m: [31m401 - Please login to access this route - /api/admin/complaints/department/HEALTH - GET - ::1[39m
2026-02-24 13:26:02:262 [31merror[39m: [31mError: Please login to access this route[39m
[31m    at protect (file:///C:/Users/acer/civiccare-smart-city-portal/backend/src/middleware/auth.js:14:19)[39m
[31m    at Layer.handle [as handle_request] (C:\Users\acer\civiccare-smart-city-portal\backend\node_modules\express\lib\router\layer.js:95:5)[39m
[31m    at trim_prefix (C:\Users\acer\civiccare-smart-city-portal\backend\node_modules\express\lib\router\index.js:328:13)[39m
[31m    at C:\Users\acer\civiccare-smart-city-portal\backend\node_modules\express\lib\router\index.js:286:9[39m
[31m    at Function.process_params (C:\Users\acer\civiccare-smart-city-portal\backend\node_modules\express\lib\router\index.js:346:12)[39m
[31m    at next (C:\Users\acer\civiccare-smart-city-portal\backend\node_modules\express\lib\router\index.js:280:10)[39m
[31m    at Function.handle (C:\Users\acer\civiccare-smart-city-portal\backend\node_modules\express\lib\router\index.js:175:3)[39m
[31m    at router (C:\Users\acer\civiccare-smart-city-portal\backend\node_modules\express\lib\router\index.js:47:12)[39m
[31m    at Layer.handle [as handle_request] (C:\Users\acer\civiccare-smart-city-portal\backend\node_modules\express\lib\router\layer.js:95:5)[39m
[31m    at trim_prefix (C:\Users\acer\civiccare-smart-city-portal\backend\node_modules\express\lib\router\index.js:328:13)[39m
2026-02-24 13:26:02:262 [35mhttp[39m: [35m[0mGET /api/admin/complaints/department/HEALTH [33m401[0m 3.814 ms - 63[0m[39m
2026-02-24 13:26:12:2612 [31merror[39m: [31m401 - Invalid email or password - /api/auth/login - POST - ::1[39m
2026-02-24 13:26:12:2612 [31merror[39m: [31mError: Invalid email or password[39m
[31m    at file:///C:/Users/acer/civiccare-smart-city-portal/backend/src/controllers/authController.js:89:17[39m
[31m    at process.processTicksAndRejections (node:internal/process/task_queues:105:5)[39m
2026-02-24 13:26:12:2612 [35mhttp[39m: [35m[0mPOST /api/auth/login [33m401[0m 7.741 ms - 55[0m[39m
2026-02-24 13:26:25:2625 [31merror[39m: [31m401 - Invalid email or password - /api/auth/login - POST - ::1[39m
2026-02-24 13:26:25:2625 [31merror[39m: [31mError: Invalid email or password[39m
[31m    at file:///C:/Users/acer/civiccare-smart-city-portal/backend/src/controllers/authController.js:89:17[39m
[31m    at process.processTicksAndRejections (node:internal/process/task_queues:105:5)[39m
2026-02-24 13:26:25:2625 [35mhttp[39m: [35m[0mPOST /api/auth/login [33m401[0m 7.018 ms - 55[0m[39m
2026-02-24 13:28:16:2816 [35mhttp[39m: [35m[0mPOST /api/auth/supervisor-login [32m200[0m 131.654 ms - 791[0m[39m
2026-02-24 13:29:04:294 [35mhttp[39m: [35m[0mGET /api/supervisor/dashboard [33m404[0m 0.247 ms - 80[0m[39m
2026-02-24 13:29:04:294 [35mhttp[39m: [35m[0mGET /api/supervisor/analytics/heatmap [33m404[0m 0.132 ms - 88[0m[39m
2026-02-24 13:29:04:294 [35mhttp[39m: [35m[0mGET /api/supervisor/dashboard [33m404[0m 0.136 ms - 80[0m[39m
2026-02-24 13:29:04:294 [35mhttp[39m: [35m[0mGET /api/supervisor/analytics/heatmap [33m404[0m 0.166 ms - 88[0m[39m
2026-02-24 13:29:35:2935 [35mhttp[39m: [35m[0mGET /api/supervisor/dashboard [33m404[0m 0.199 ms - 80[0m[39m
2026-02-24 13:29:35:2935 [35mhttp[39m: [35m[0mGET /api/supervisor/analytics/heatmap [33m404[0m 0.186 ms - 88[0m[39m
2026-02-24 13:29:55:2955 [35mhttp[39m: [35m[0mGET /api/supervisor/dashboard [33m404[0m 0.472 ms - 80[0m[39m
2026-02-24 13:29:55:2955 [35mhttp[39m: [35m[0mGET /api/supervisor/analytics/heatmap [33m404[0m 0.313 ms - 88[0m[39m
2026-02-24 13:29:55:2955 [35mhttp[39m: [35m[0mGET /api/supervisor/dashboard [33m404[0m 0.289 ms - 80[0m[39m
2026-02-24 13:29:55:2955 [35mhttp[39m: [35m[0mGET /api/supervisor/analytics/heatmap [33m404[0m 0.186 ms - 88[0m[39m
2026-02-24 13:30:26:3026 [35mhttp[39m: [35m[0mGET /api/supervisor/dashboard [33m404[0m 0.330 ms - 80[0m[39m
2026-02-24 13:30:26:3026 [35mhttp[39m: [35m[0mGET /api/supervisor/analytics/heatmap [33m404[0m 0.145 ms - 88[0m[39m
2026-02-24 13:30:56:3056 [35mhttp[39m: [35m[0mGET /api/supervisor/dashboard [33m404[0m 0.166 ms - 80[0m[39m
2026-02-24 13:30:56:3056 [35mhttp[39m: [35m[0mGET /api/supervisor/analytics/heatmap [33m404[0m 0.145 ms - 88[0m[39m
2026-02-24 13:31:26:3126 [35mhttp[39m: [35m[0mGET /api/supervisor/dashboard [33m404[0m 0.191 ms - 80[0m[39m
2026-02-24 13:31:26:3126 [35mhttp[39m: [35m[0mGET /api/supervisor/analytics/heatmap [33m404[0m 0.159 ms - 88[0m[39m
2026-02-24 13:31:55:3155 [35mhttp[39m: [35m[0mGET /api/supervisor/dashboard [33m404[0m 0.248 ms - 80[0m[39m
2026-02-24 13:31:55:3155 [35mhttp[39m: [35m[0mGET /api/supervisor/analytics/heatmap [33m404[0m 0.367 ms - 88[0m[39m
2026-02-24 13:32:10:3210 [35mhttp[39m: [35m[0mGET /api/supervisor/dashboard [33m404[0m 0.175 ms - 80[0m[39m
2026-02-24 13:32:10:3210 [35mhttp[39m: [35m[0mGET /api/supervisor/analytics/heatmap [33m404[0m 0.236 ms - 88[0m[39m
2026-02-24 13:32:10:3210 [35mhttp[39m: [35m[0mGET /api/supervisor/dashboard [33m404[0m 0.200 ms - 80[0m[39m
2026-02-24 13:32:10:3210 [35mhttp[39m: [35m[0mGET /api/supervisor/analytics/heatmap [33m404[0m 0.808 ms - 88[0m[39m
2026-02-24 13:32:17:3217 [35mhttp[39m: [35m[0mGET /api/supervisor/dashboard [33m404[0m 0.210 ms - 80[0m[39m
2026-02-24 13:32:17:3217 [35mhttp[39m: [35m[0mGET /api/supervisor/analytics/heatmap [33m404[0m 0.213 ms - 88[0m[39m
2026-02-24 13:32:17:3217 [35mhttp[39m: [35m[0mGET /api/supervisor/dashboard [33m404[0m 0.164 ms - 80[0m[39m
2026-02-24 13:32:17:3217 [35mhttp[39m: [35m[0mGET /api/supervisor/analytics/heatmap [33m404[0m 0.211 ms - 88[0m[39m
2026-02-24 13:32:35:3235 [35mhttp[39m: [35m[0mGET /api/supervisor/dashboard [33m404[0m 0.283 ms - 80[0m[39m
2026-02-24 13:32:35:3235 [35mhttp[39m: [35m[0mGET /api/supervisor/dashboard [33m404[0m 0.221 ms - 80[0m[39m
2026-02-24 13:32:35:3235 [35mhttp[39m: [35m[0mGET /api/supervisor/analytics/heatmap [33m404[0m 0.247 ms - 88[0m[39m
2026-02-24 13:32:35:3235 [35mhttp[39m: [35m[0mGET /api/supervisor/analytics/heatmap [33m404[0m 0.151 ms - 88[0m[39m
2026-02-24 13:32:43:3243 [35mhttp[39m: [35m[0mGET /api/supervisor/dashboard [33m404[0m 0.371 ms - 80[0m[39m
2026-02-24 13:32:43:3243 [35mhttp[39m: [35m[0mGET /api/supervisor/analytics/heatmap [33m404[0m 0.257 ms - 88[0m[39m
2026-02-24 13:32:43:3243 [31merror[39m: [31m403 - User role 'SUPERVISOR' is not authorized to access this route - /api/complaints?limit=500 - GET - ::1[39m
2026-02-24 13:32:43:3243 [31merror[39m: [31mError: User role 'SUPERVISOR' is not authorized to access this route[39m
[31m    at file:///C:/Users/acer/civiccare-smart-city-portal/backend/src/middleware/auth.js:39:9[39m
[31m    at Layer.handle [as handle_request] (C:\Users\acer\civiccare-smart-city-portal\backend\node_modules\express\lib\router\layer.js:95:5)[39m
[31m    at next (C:\Users\acer\civiccare-smart-city-portal\backend\node_modules\express\lib\router\route.js:149:13)[39m
[31m    at protect (file:///C:/Users/acer/civiccare-smart-city-portal/backend/src/middleware/auth.js:29:5)[39m
[31m    at process.processTicksAndRejections (node:internal/process/task_queues:105:5)[39m
2026-02-24 13:32:43:3243 [35mhttp[39m: [35m[0mGET /api/complaints?limit=500 [33m403[0m 9.525 ms - 91[0m[39m
2026-02-24 13:32:43:3243 [31merror[39m: [31m403 - User role 'SUPERVISOR' is not authorized to access this route - /api/complaints/stats/overview - GET - ::1[39m
2026-02-24 13:32:43:3243 [31merror[39m: [31mError: User role 'SUPERVISOR' is not authorized to access this route[39m
[31m    at file:///C:/Users/acer/civiccare-smart-city-portal/backend/src/middleware/auth.js:39:9[39m
[31m    at Layer.handle [as handle_request] (C:\Users\acer\civiccare-smart-city-portal\backend\node_modules\express\lib\router\layer.js:95:5)[39m
[31m    at next (C:\Users\acer\civiccare-smart-city-portal\backend\node_modules\express\lib\router\route.js:149:13)[39m
[31m    at protect (file:///C:/Users/acer/civiccare-smart-city-portal/backend/src/middleware/auth.js:29:5)[39m
[31m    at process.processTicksAndRejections (node:internal/process/task_queues:105:5)[39m
2026-02-24 13:32:43:3243 [35mhttp[39m: [35m[0mGET /api/complaints/stats/overview [33m403[0m 8.845 ms - 91[0m[39m
2026-02-24 13:32:53:3253 [35mhttp[39m: [35m[0mGET /api/supervisor/dashboard [33m404[0m 0.267 ms - 80[0m[39m
2026-02-24 13:32:53:3253 [35mhttp[39m: [35m[0mGET /api/supervisor/analytics/heatmap [33m404[0m 0.226 ms - 88[0m[39m
2026-02-24 13:32:53:3253 [35mhttp[39m: [35m[0mGET /api/supervisor/dashboard [33m404[0m 0.501 ms - 80[0m[39m
2026-02-24 13:32:53:3253 [35mhttp[39m: [35m[0mGET /api/supervisor/analytics/heatmap [33m404[0m 0.386 ms - 88[0m[39m
2026-02-24 13:32:53:3253 [31merror[39m: [31m403 - User role 'SUPERVISOR' is not authorized to access this route - /api/complaints/stats/overview - GET - ::1[39m
2026-02-24 13:32:53:3253 [31merror[39m: [31mError: User role 'SUPERVISOR' is not authorized to access this route[39m
[31m    at file:///C:/Users/acer/civiccare-smart-city-portal/backend/src/middleware/auth.js:39:9[39m
[31m    at Layer.handle [as handle_request] (C:\Users\acer\civiccare-smart-city-portal\backend\node_modules\express\lib\router\layer.js:95:5)[39m
[31m    at next (C:\Users\acer\civiccare-smart-city-portal\backend\node_modules\express\lib\router\route.js:149:13)[39m
[31m    at protect (file:///C:/Users/acer/civiccare-smart-city-portal/backend/src/middleware/auth.js:29:5)[39m
[31m    at process.processTicksAndRejections (node:internal/process/task_queues:105:5)[39m
2026-02-24 13:32:53:3253 [35mhttp[39m: [35m[0mGET /api/complaints/stats/overview [33m403[0m 6.020 ms - 91[0m[39m
2026-02-24 13:32:53:3253 [31merror[39m: [31m403 - User role 'SUPERVISOR' is not authorized to access this route - /api/complaints?limit=500 - GET - ::1[39m
2026-02-24 13:32:53:3253 [31merror[39m: [31mError: User role 'SUPERVISOR' is not authorized to access this route[39m
[31m    at file:///C:/Users/acer/civiccare-smart-city-portal/backend/src/middleware/auth.js:39:9[39m
[31m    at Layer.handle [as handle_request] (C:\Users\acer\civiccare-smart-city-portal\backend\node_modules\express\lib\router\layer.js:95:5)[39m
[31m    at next (C:\Users\acer\civiccare-smart-city-portal\backend\node_modules\express\lib\router\route.js:149:13)[39m
[31m    at protect (file:///C:/Users/acer/civiccare-smart-city-portal/backend/src/middleware/auth.js:29:5)[39m
[31m    at process.processTicksAndRejections (node:internal/process/task_queues:105:5)[39m
2026-02-24 13:32:53:3253 [35mhttp[39m: [35m[0mGET /api/complaints?limit=500 [33m403[0m 6.356 ms - 91[0m[39m
2026-02-24 13:32:53:3253 [31merror[39m: [31m403 - User role 'SUPERVISOR' is not authorized to access this route - /api/complaints/stats/overview - GET - ::1[39m
2026-02-24 13:32:53:3253 [31merror[39m: [31mError: User role 'SUPERVISOR' is not authorized to access this route[39m
[31m    at file:///C:/Users/acer/civiccare-smart-city-portal/backend/src/middleware/auth.js:39:9[39m
[31m    at Layer.handle [as handle_request] (C:\Users\acer\civiccare-smart-city-portal\backend\node_modules\express\lib\router\layer.js:95:5)[39m
[31m    at next (C:\Users\acer\civiccare-smart-city-portal\backend\node_modules\express\lib\router\route.js:149:13)[39m
[31m    at protect (file:///C:/Users/acer/civiccare-smart-city-portal/backend/src/middleware/auth.js:29:5)[39m
[31m    at process.processTicksAndRejections (node:internal/process/task_queues:105:5)[39m
2026-02-24 13:32:53:3253 [35mhttp[39m: [35m[0mGET /api/complaints/stats/overview [33m403[0m 9.479 ms - 91[0m[39m
2026-02-24 13:32:53:3253 [31merror[39m: [31m403 - User role 'SUPERVISOR' is not authorized to access this route - /api/complaints?limit=500 - GET - ::1[39m
2026-02-24 13:32:53:3253 [31merror[39m: [31mError: User role 'SUPERVISOR' is not authorized to access this route[39m
[31m    at file:///C:/Users/acer/civiccare-smart-city-portal/backend/src/middleware/auth.js:39:9[39m
[31m    at Layer.handle [as handle_request] (C:\Users\acer\civiccare-smart-city-portal\backend\node_modules\express\lib\router\layer.js:95:5)[39m
[31m    at next (C:\Users\acer\civiccare-smart-city-portal\backend\node_modules\express\lib\router\route.js:149:13)[39m
[31m    at protect (file:///C:/Users/acer/civiccare-smart-city-portal/backend/src/middleware/auth.js:29:5)[39m
[31m    at process.processTicksAndRejections (node:internal/process/task_queues:105:5)[39m
2026-02-24 13:32:53:3253 [35mhttp[39m: [35m[0mGET /api/complaints?limit=500 [33m403[0m 8.755 ms - 91[0m[39m
2026-02-24 13:33:23:3323 [35mhttp[39m: [35m[0mGET /api/supervisor/dashboard [33m404[0m 0.208 ms - 80[0m[39m
2026-02-24 13:33:23:3323 [35mhttp[39m: [35m[0mGET /api/supervisor/analytics/heatmap [33m404[0m 0.244 ms - 88[0m[39m
2026-02-24 13:33:23:3323 [31merror[39m: [31m403 - User role 'SUPERVISOR' is not authorized to access this route - /api/complaints?limit=500 - GET - ::1[39m
2026-02-24 13:33:23:3323 [31merror[39m: [31mError: User role 'SUPERVISOR' is not authorized to access this route[39m
[31m    at file:///C:/Users/acer/civiccare-smart-city-portal/backend/src/middleware/auth.js:39:9[39m
[31m    at Layer.handle [as handle_request] (C:\Users\acer\civiccare-smart-city-portal\backend\node_modules\express\lib\router\layer.js:95:5)[39m
[31m    at next (C:\Users\acer\civiccare-smart-city-portal\backend\node_modules\express\lib\router\route.js:149:13)[39m
[31m    at protect (file:///C:/Users/acer/civiccare-smart-city-portal/backend/src/middleware/auth.js:29:5)[39m
[31m    at process.processTicksAndRejections (node:internal/process/task_queues:105:5)[39m
2026-02-24 13:33:23:3323 [35mhttp[39m: [35m[0mGET /api/complaints?limit=500 [33m403[0m 4.289 ms - 91[0m[39m
2026-02-24 13:33:23:3323 [31merror[39m: [31m403 - User role 'SUPERVISOR' is not authorized to access this route - /api/complaints/stats/overview - GET - ::1[39m
2026-02-24 13:33:23:3323 [31merror[39m: [31mError: User role 'SUPERVISOR' is not authorized to access this route[39m
[31m    at file:///C:/Users/acer/civiccare-smart-city-portal/backend/src/middleware/auth.js:39:9[39m
[31m    at Layer.handle [as handle_request] (C:\Users\acer\civiccare-smart-city-portal\backend\node_modules\express\lib\router\layer.js:95:5)[39m
[31m    at next (C:\Users\acer\civiccare-smart-city-portal\backend\node_modules\express\lib\router\route.js:149:13)[39m
[31m    at protect (file:///C:/Users/acer/civiccare-smart-city-portal/backend/src/middleware/auth.js:29:5)[39m
[31m    at process.processTicksAndRejections (node:internal/process/task_queues:105:5)[39m
2026-02-24 13:33:23:3323 [35mhttp[39m: [35m[0mGET /api/complaints/stats/overview [33m403[0m 9.525 ms - 91[0m[39m
2026-02-24 13:38:44:3844 [35mhttp[39m: [35m[0mPOST /api/auth/login [32m200[0m 135.099 ms - 392[0m[39m
2026-02-24 13:39:02:392 [31merror[39m: [31m401 - Invalid email or password - /api/auth/supervisor-login - POST - ::1[39m
2026-02-24 13:39:02:392 [31merror[39m: [31mError: Invalid email or password[39m
[31m    at file:///C:/Users/acer/civiccare-smart-city-portal/backend/src/controllers/authController.js:214:17[39m
[31m    at process.processTicksAndRejections (node:internal/process/task_queues:105:5)[39m
2026-02-24 13:39:02:392 [35mhttp[39m: [35m[0mPOST /api/auth/supervisor-login [33m401[0m 3.003 ms - 55[0m[39m
2026-02-24 13:40:36:4036 [32minfo[39m: [32mMongoDB Connected: localhost[39m
2026-02-24 13:40:36:4036 [32minfo[39m: [32mServer running on port 5000[39m
2026-02-24 13:40:36:4036 [32minfo[39m: [32mEnvironment: development[39m
2026-02-24 13:40:58:4058 [35mhttp[39m: [35m[0mPOST /api/auth/supervisor-login [32m200[0m 348.986 ms - 791[0m[39m
2026-02-24 13:40:58:4058 [35mhttp[39m: [35m[0mGET /api/supervisors/analytics/overview [32m200[0m 42.353 ms - 524[0m[39m
2026-02-24 13:40:58:4058 [35mhttp[39m: [35m[0mGET /api/supervisors/analytics/heatmap [32m200[0m 40.908 ms - 66[0m[39m
2026-02-24 13:40:58:4058 [35mhttp[39m: [35m[0mGET /api/supervisors/analytics/heatmap [36m304[0m 29.259 ms - -[0m[39m
2026-02-24 13:40:58:4058 [35mhttp[39m: [35m[0mGET /api/supervisors/analytics/overview [36m304[0m 45.053 ms - -[0m[39m
2026-02-24 13:41:28:4128 [35mhttp[39m: [35m[0mGET /api/supervisors/analytics/heatmap [36m304[0m 14.289 ms - -[0m[39m
2026-02-24 13:41:28:4128 [35mhttp[39m: [35m[0mGET /api/supervisors/analytics/overview [36m304[0m 22.171 ms - -[0m[39m
2026-02-24 13:41:58:4158 [35mhttp[39m: [35m[0mGET /api/supervisors/analytics/heatmap [36m304[0m 21.695 ms - -[0m[39m
2026-02-24 13:41:58:4158 [35mhttp[39m: [35m[0mGET /api/supervisors/analytics/overview [36m304[0m 33.486 ms - -[0m[39m
2026-02-24 13:42:28:4228 [35mhttp[39m: [35m[0mGET /api/supervisors/analytics/heatmap [36m304[0m 6.154 ms - -[0m[39m
2026-02-24 13:42:28:4228 [35mhttp[39m: [35m[0mGET /api/supervisors/analytics/overview [36m304[0m 11.750 ms - -[0m[39m
2026-02-24 13:42:58:4258 [35mhttp[39m: [35m[0mGET /api/supervisors/analytics/heatmap [36m304[0m 13.198 ms - -[0m[39m
2026-02-24 13:42:58:4258 [35mhttp[39m: [35m[0mGET /api/supervisors/analytics/overview [36m304[0m 20.167 ms - -[0m[39m
2026-02-24 13:43:28:4328 [35mhttp[39m: [35m[0mGET /api/supervisors/analytics/heatmap [36m304[0m 9.186 ms - -[0m[39m
2026-02-24 13:43:28:4328 [35mhttp[39m: [35m[0mGET /api/supervisors/analytics/overview [36m304[0m 46.761 ms - -[0m[39m
2026-02-24 13:43:58:4358 [35mhttp[39m: [35m[0mGET /api/supervisors/analytics/heatmap [36m304[0m 5.358 ms - -[0m[39m
2026-02-24 13:43:58:4358 [35mhttp[39m: [35m[0mGET /api/supervisors/analytics/overview [36m304[0m 13.437 ms - -[0m[39m
2026-02-24 13:44:28:4428 [35mhttp[39m: [35m[0mGET /api/supervisors/analytics/heatmap [36m304[0m 23.837 ms - -[0m[39m
2026-02-24 13:44:28:4428 [35mhttp[39m: [35m[0mGET /api/supervisors/analytics/overview [36m304[0m 37.922 ms - -[0m[39m
2026-02-24 13:44:58:4458 [35mhttp[39m: [35m[0mGET /api/supervisors/analytics/heatmap [36m304[0m 7.930 ms - -[0m[39m
2026-02-24 13:44:58:4458 [35mhttp[39m: [35m[0mGET /api/supervisors/analytics/overview [36m304[0m 11.545 ms - -[0m[39m
2026-02-24 13:45:29:4529 [35mhttp[39m: [35m[0mGET /api/supervisors/analytics/heatmap [36m304[0m 5.553 ms - -[0m[39m
2026-02-24 13:45:29:4529 [35mhttp[39m: [35m[0mGET /api/supervisors/analytics/overview [36m304[0m 10.231 ms - -[0m[39m
2026-02-24 13:45:38:4538 [35mhttp[39m: [35m[0mGET /api/supervisors/analytics/heatmap [36m304[0m 19.433 ms - -[0m[39m
2026-02-24 13:45:38:4538 [35mhttp[39m: [35m[0mGET /api/supervisors/analytics/overview [36m304[0m 38.276 ms - -[0m[39m
2026-02-24 13:45:38:4538 [35mhttp[39m: [35m[0mGET /api/supervisors/analytics/heatmap [36m304[0m 25.687 ms - -[0m[39m
2026-02-24 13:45:38:4538 [35mhttp[39m: [35m[0mGET /api/supervisors/analytics/overview [36m304[0m 29.995 ms - -[0m[39m
2026-02-24 13:46:09:469 [35mhttp[39m: [35m[0mGET /api/supervisors/analytics/heatmap [36m304[0m 8.153 ms - -[0m[39m
2026-02-24 13:46:09:469 [35mhttp[39m: [35m[0mGET /api/supervisors/analytics/overview [36m304[0m 13.433 ms - -[0m[39m
2026-02-24 13:46:28:4628 [35mhttp[39m: [35m[0mGET /api/auth/logout [32m200[0m 0.899 ms - 52[0m[39m
2026-02-24 13:47:02:472 [35mhttp[39m: [35m[0mPOST /api/auth/supervisor-login [32m200[0m 172.887 ms - 791[0m[39m
2026-02-24 13:47:02:472 [35mhttp[39m: [35m[0mGET /api/supervisors/analytics/heatmap [36m304[0m 19.380 ms - -[0m[39m
2026-02-24 13:47:02:472 [35mhttp[39m: [35m[0mGET /api/supervisors/analytics/overview [36m304[0m 28.334 ms - -[0m[39m
2026-02-24 13:47:02:472 [35mhttp[39m: [35m[0mGET /api/supervisors/analytics/heatmap [36m304[0m 9.249 ms - -[0m[39m
2026-02-24 13:47:02:472 [35mhttp[39m: [35m[0mGET /api/supervisors/analytics/overview [36m304[0m 12.922 ms - -[0m[39m
2026-02-24 13:47:33:4733 [35mhttp[39m: [35m[0mGET /api/supervisors/analytics/heatmap [36m304[0m 4.617 ms - -[0m[39m
2026-02-24 13:47:33:4733 [35mhttp[39m: [35m[0mGET /api/supervisors/analytics/overview [36m304[0m 8.708 ms - -[0m[39m
2026-02-24 13:48:03:483 [35mhttp[39m: [35m[0mGET /api/supervisors/analytics/heatmap [36m304[0m 4.947 ms - -[0m[39m
2026-02-24 13:48:03:483 [35mhttp[39m: [35m[0mGET /api/supervisors/analytics/overview [36m304[0m 8.601 ms - -[0m[39m
2026-02-24 13:48:34:4834 [35mhttp[39m: [35m[0mGET /api/supervisors/analytics/heatmap [36m304[0m 5.645 ms - -[0m[39m
2026-02-24 13:48:34:4834 [35mhttp[39m: [35m[0mGET /api/supervisors/analytics/overview [36m304[0m 9.174 ms - -[0m[39m
2026-02-24 13:49:03:493 [35mhttp[39m: [35m[0mGET /api/supervisors/analytics/heatmap [36m304[0m 13.621 ms - -[0m[39m
2026-02-24 13:49:03:493 [35mhttp[39m: [35m[0mGET /api/supervisors/analytics/overview [36m304[0m 22.965 ms - -[0m[39m
2026-02-24 13:49:34:4934 [35mhttp[39m: [35m[0mGET /api/supervisors/analytics/heatmap [36m304[0m 5.861 ms - -[0m[39m
2026-02-24 13:49:34:4934 [35mhttp[39m: [35m[0mGET /api/supervisors/analytics/overview [36m304[0m 11.133 ms - -[0m[39m
2026-02-24 13:50:03:503 [35mhttp[39m: [35m[0mGET /api/supervisors/analytics/heatmap [36m304[0m 6.509 ms - -[0m[39m
2026-02-24 13:50:03:503 [35mhttp[39m: [35m[0mGET /api/supervisors/analytics/overview [36m304[0m 13.126 ms - -[0m[39m
2026-02-24 13:50:40:5040 [35mhttp[39m: [35m[0mGET /api/supervisors/analytics/heatmap [36m304[0m 5.017 ms - -[0m[39m
2026-02-24 13:50:40:5040 [35mhttp[39m: [35m[0mGET /api/supervisors/analytics/overview [36m304[0m 10.219 ms - -[0m[39m
2026-02-24 13:51:41:5141 [35mhttp[39m: [35m[0mGET /api/supervisors/analytics/heatmap [36m304[0m 5.170 ms - -[0m[39m
2026-02-24 13:51:41:5141 [35mhttp[39m: [35m[0mGET /api/supervisors/analytics/overview [36m304[0m 10.580 ms - -[0m[39m
2026-02-24 13:52:11:5211 [35mhttp[39m: [35m[0mGET /api/supervisors/analytics/heatmap [36m304[0m 7.359 ms - -[0m[39m
2026-02-24 13:52:11:5211 [35mhttp[39m: [35m[0mGET /api/supervisors/analytics/overview [36m304[0m 17.253 ms - -[0m[39m
2026-02-24 13:52:11:5211 [35mhttp[39m: [35m[0mGET /api/supervisors/analytics/heatmap [36m304[0m 9.828 ms - -[0m[39m
2026-02-24 13:52:11:5211 [35mhttp[39m: [35m[0mGET /api/supervisors/analytics/overview [36m304[0m 22.599 ms - -[0m[39m
2026-02-24 13:53:39:5339 [35mhttp[39m: [35m[0mGET /api/supervisors/analytics/heatmap [36m304[0m 13.408 ms - -[0m[39m
2026-02-24 13:53:39:5339 [35mhttp[39m: [35m[0mGET /api/supervisors/analytics/overview [36m304[0m 23.841 ms - -[0m[39m
2026-02-24 13:53:39:5339 [35mhttp[39m: [35m[0mGET /api/supervisors/analytics/heatmap [36m304[0m 9.277 ms - -[0m[39m
2026-02-24 13:53:39:5339 [35mhttp[39m: [35m[0mGET /api/supervisors/analytics/overview [36m304[0m 12.421 ms - -[0m[39m
2026-02-24 13:53:43:5343 [35mhttp[39m: [35m[0mGET /api/auth/logout [36m304[0m 0.892 ms - -[0m[39m
2026-02-24 13:54:03:543 [35mhttp[39m: [35m[0mPOST /api/auth/supervisor-login [32m200[0m 124.268 ms - 791[0m[39m
2026-02-24 13:54:03:543 [35mhttp[39m: [35m[0mGET /api/supervisors/analytics/heatmap [36m304[0m 15.409 ms - -[0m[39m
2026-02-24 13:54:03:543 [35mhttp[39m: [35m[0mGET /api/supervisors/analytics/overview [36m304[0m 21.831 ms - -[0m[39m
2026-02-24 13:54:03:543 [35mhttp[39m: [35m[0mGET /api/supervisors/analytics/heatmap [36m304[0m 7.098 ms - -[0m[39m
2026-02-24 13:54:03:543 [35mhttp[39m: [35m[0mGET /api/supervisors/analytics/overview [36m304[0m 6.486 ms - -[0m[39m
2026-02-24 13:54:22:5422 [35mhttp[39m: [35m[0mGET /api/auth/logout [36m304[0m 0.208 ms - -[0m[39m
2026-02-24 13:54:34:5434 [35mhttp[39m: [35m[0mPOST /api/auth/supervisor-login [32m200[0m 116.994 ms - 791[0m[39m
2026-02-24 13:54:34:5434 [35mhttp[39m: [35m[0mGET /api/supervisors/analytics/heatmap [36m304[0m 10.800 ms - -[0m[39m
2026-02-24 13:54:34:5434 [35mhttp[39m: [35m[0mGET /api/supervisors/analytics/overview [36m304[0m 28.964 ms - -[0m[39m
2026-02-24 13:54:34:5434 [35mhttp[39m: [35m[0mGET /api/supervisors/analytics/heatmap [36m304[0m 9.255 ms - -[0m[39m
2026-02-24 13:54:34:5434 [35mhttp[39m: [35m[0mGET /api/supervisors/analytics/overview [36m304[0m 10.241 ms - -[0m[39m
2026-02-24 13:56:27:5627 [35mhttp[39m: [35m[0mGET /api/supervisors/analytics/heatmap [36m304[0m 11.055 ms - -[0m[39m
2026-02-24 13:56:27:5627 [35mhttp[39m: [35m[0mGET /api/supervisors/analytics/overview [36m304[0m 20.363 ms - -[0m[39m
2026-02-24 13:56:27:5627 [35mhttp[39m: [35m[0mGET /api/supervisors/analytics/heatmap [36m304[0m 11.490 ms - -[0m[39m
2026-02-24 13:56:27:5627 [35mhttp[39m: [35m[0mGET /api/supervisors/analytics/overview [36m304[0m 15.954 ms - -[0m[39m
2026-02-24 13:56:46:5646 [35mhttp[39m: [35m[0mGET /api/supervisors/analytics/heatmap [36m304[0m 10.890 ms - -[0m[39m
2026-02-24 13:56:46:5646 [35mhttp[39m: [35m[0mGET /api/supervisors/analytics/overview [36m304[0m 18.498 ms - -[0m[39m
2026-02-24 13:56:46:5646 [35mhttp[39m: [35m[0mGET /api/supervisors/analytics/heatmap [36m304[0m 6.788 ms - -[0m[39m
2026-02-24 13:56:46:5646 [35mhttp[39m: [35m[0mGET /api/supervisors/analytics/overview [36m304[0m 13.872 ms - -[0m[39m
2026-02-24 13:57:16:5716 [35mhttp[39m: [35m[0mGET /api/supervisors/analytics/heatmap [36m304[0m 12.965 ms - -[0m[39m
2026-02-24 13:57:16:5716 [35mhttp[39m: [35m[0mGET /api/supervisors/analytics/overview [36m304[0m 22.274 ms - -[0m[39m
2026-02-24 13:57:23:5723 [35mhttp[39m: [35m[0mGET /api/auth/logout [36m304[0m 0.251 ms - -[0m[39m
2026-02-24 13:57:36:5736 [31merror[39m: [31m401 - Invalid email or password - /api/auth/login - POST - ::1[39m
2026-02-24 13:57:36:5736 [31merror[39m: [31mError: Invalid email or password[39m
[31m    at file:///C:/Users/acer/civiccare-smart-city-portal/backend/src/controllers/authController.js:89:17[39m
[31m    at process.processTicksAndRejections (node:internal/process/task_queues:105:5)[39m
2026-02-24 13:57:36:5736 [35mhttp[39m: [35m[0mPOST /api/auth/login [33m401[0m 5.741 ms - 55[0m[39m
2026-02-24 14:02:22:222 [35mhttp[39m: [35m[0mPOST /api/auth/supervisor-login [32m200[0m 152.234 ms - 791[0m[39m
2026-02-24 14:02:23:223 [35mhttp[39m: [35m[0mGET /api/supervisors/analytics/heatmap [36m304[0m 10.938 ms - -[0m[39m
2026-02-24 14:02:23:223 [35mhttp[39m: [35m[0mGET /api/supervisors/analytics/overview [36m304[0m 21.044 ms - -[0m[39m
2026-02-24 14:02:23:223 [35mhttp[39m: [35m[0mGET /api/supervisors/analytics/heatmap [36m304[0m 7.650 ms - -[0m[39m
2026-02-24 14:02:23:223 [35mhttp[39m: [35m[0mGET /api/supervisors/analytics/overview [36m304[0m 7.849 ms - -[0m[39m
2026-02-24 14:02:27:227 [35mhttp[39m: [35m[0mGET /api/auth/logout [36m304[0m 0.390 ms - -[0m[39m
2026-02-24 14:02:45:245 [31merror[39m: [31m401 - Invalid email or password - /api/auth/login - POST - ::1[39m
2026-02-24 14:02:45:245 [31merror[39m: [31mError: Invalid email or password[39m
[31m    at file:///C:/Users/acer/civiccare-smart-city-portal/backend/src/controllers/authController.js:89:17[39m
[31m    at process.processTicksAndRejections (node:internal/process/task_queues:105:5)[39m
2026-02-24 14:02:45:245 [35mhttp[39m: [35m[0mPOST /api/auth/login [33m401[0m 3.902 ms - 55[0m[39m
2026-02-24 14:05:31:531 [31merror[39m: [31m401 - Invalid email or password - /api/auth/login - POST - ::1[39m
2026-02-24 14:05:31:531 [31merror[39m: [31mError: Invalid email or password[39m
[31m    at file:///C:/Users/acer/civiccare-smart-city-portal/backend/src/controllers/authController.js:89:17[39m
[31m    at process.processTicksAndRejections (node:internal/process/task_queues:105:5)[39m
2026-02-24 14:05:31:531 [35mhttp[39m: [35m[0mPOST /api/auth/login [33m401[0m 7.861 ms - 55[0m[39m
2026-02-24 14:07:02:72 [31merror[39m: [31m401 - Invalid email or password - /api/auth/login - POST - ::1[39m
2026-02-24 14:07:02:72 [31merror[39m: [31mError: Invalid email or password[39m
[31m    at file:///C:/Users/acer/civiccare-smart-city-portal/backend/src/controllers/authController.js:89:17[39m
[31m    at process.processTicksAndRejections (node:internal/process/task_queues:105:5)[39m
2026-02-24 14:07:02:72 [35mhttp[39m: [35m[0mPOST /api/auth/login [33m401[0m 3.480 ms - 55[0m[39m
2026-02-24 14:07:55:755 [31merror[39m: [31m401 - Invalid email or password - /api/auth/login - POST - ::1[39m
2026-02-24 14:07:55:755 [31merror[39m: [31mError: Invalid email or password[39m
[31m    at file:///C:/Users/acer/civiccare-smart-city-portal/backend/src/controllers/authController.js:89:17[39m
[31m    at process.processTicksAndRejections (node:internal/process/task_queues:105:5)[39m
2026-02-24 14:07:55:755 [35mhttp[39m: [35m[0mPOST /api/auth/login [33m401[0m 3.569 ms - 55[0m[39m
2026-02-24 14:10:09:109 [35mhttp[39m: [35m[0mPOST /api/auth/register [32m201[0m 191.010 ms - 370[0m[39m
2026-02-24 14:10:09:109 [35mhttp[39m: [35m[0mGET /api/complaints/user/699d63e9131e2c2e41891042 [32m200[0m 89.571 ms - 102[0m[39m
2026-02-24 14:10:09:109 [35mhttp[39m: [35m[0mGET /api/complaints/user/699d63e9131e2c2e41891042 [36m304[0m 9.538 ms - -[0m[39m
2026-02-24 14:10:14:1014 [35mhttp[39m: [35m[0mGET /api/auth/logout [36m304[0m 0.413 ms - -[0m[39m
2026-02-24 14:10:23:1023 [31merror[39m: [31m429 - Too many failed attempts. Try again in 13 minutes. - /api/auth/login - POST - ::1[39m
2026-02-24 14:10:23:1023 [31merror[39m: [31mError: Too many failed attempts. Try again in 13 minutes.[39m
[31m    at file:///C:/Users/acer/civiccare-smart-city-portal/backend/src/controllers/authController.js:72:17[39m
[31m    at file:///C:/Users/acer/civiccare-smart-city-portal/backend/src/utils/errorUtils.js:5:19[39m
[31m    at Layer.handle [as handle_request] (C:\Users\acer\civiccare-smart-city-portal\backend\node_modules\express\lib\router\layer.js:95:5)[39m
[31m    at next (C:\Users\acer\civiccare-smart-city-portal\backend\node_modules\express\lib\router\route.js:149:13)[39m
[31m    at validate (file:///C:/Users/acer/civiccare-smart-city-portal/backend/src/middleware/validation.js:10:3)[39m
[31m    at Layer.handle [as handle_request] (C:\Users\acer\civiccare-smart-city-portal\backend\node_modules\express\lib\router\layer.js:95:5)[39m
[31m    at next (C:\Users\acer\civiccare-smart-city-portal\backend\node_modules\express\lib\router\route.js:149:13)[39m
[31m    at middleware (C:\Users\acer\civiccare-smart-city-portal\backend\node_modules\express-validator\lib\middlewares\check.js:16:13)[39m
[31m    at process.processTicksAndRejections (node:internal/process/task_queues:105:5)[39m
2026-02-24 14:10:23:1023 [35mhttp[39m: [35m[0mPOST /api/auth/login [33m429[0m 2.250 ms - 80[0m[39m
2026-02-24 14:17:24:1724 [31merror[39m: [31m429 - Too many failed attempts. Try again in 6 minutes. - /api/auth/login - POST - ::1[39m
2026-02-24 14:17:24:1724 [31merror[39m: [31mError: Too many failed attempts. Try again in 6 minutes.[39m
[31m    at file:///C:/Users/acer/civiccare-smart-city-portal/backend/src/controllers/authController.js:72:17[39m
[31m    at file:///C:/Users/acer/civiccare-smart-city-portal/backend/src/utils/errorUtils.js:5:19[39m
[31m    at Layer.handle [as handle_request] (C:\Users\acer\civiccare-smart-city-portal\backend\node_modules\express\lib\router\layer.js:95:5)[39m
[31m    at next (C:\Users\acer\civiccare-smart-city-portal\backend\node_modules\express\lib\router\route.js:149:13)[39m
[31m    at validate (file:///C:/Users/acer/civiccare-smart-city-portal/backend/src/middleware/validation.js:10:3)[39m
[31m    at Layer.handle [as handle_request] (C:\Users\acer\civiccare-smart-city-portal\backend\node_modules\express\lib\router\layer.js:95:5)[39m
[31m    at next (C:\Users\acer\civiccare-smart-city-portal\backend\node_modules\express\lib\router\route.js:149:13)[39m
[31m    at middleware (C:\Users\acer\civiccare-smart-city-portal\backend\node_modules\express-validator\lib\middlewares\check.js:16:13)[39m
[31m    at process.processTicksAndRejections (node:internal/process/task_queues:105:5)[39m
2026-02-24 14:17:24:1724 [35mhttp[39m: [35m[0mPOST /api/auth/login [33m429[0m 1.741 ms - 79[0m[39m
2026-02-24 14:20:26:2026 [31merror[39m: [31m429 - Too many failed attempts. Try again in 3 minutes. - /api/auth/login - POST - ::1[39m
2026-02-24 14:20:26:2026 [31merror[39m: [31mError: Too many failed attempts. Try again in 3 minutes.[39m
[31m    at file:///C:/Users/acer/civiccare-smart-city-portal/backend/src/controllers/authController.js:72:17[39m
[31m    at file:///C:/Users/acer/civiccare-smart-city-portal/backend/src/utils/errorUtils.js:5:19[39m
[31m    at Layer.handle [as handle_request] (C:\Users\acer\civiccare-smart-city-portal\backend\node_modules\express\lib\router\layer.js:95:5)[39m
[31m    at next (C:\Users\acer\civiccare-smart-city-portal\backend\node_modules\express\lib\router\route.js:149:13)[39m
[31m    at validate (file:///C:/Users/acer/civiccare-smart-city-portal/backend/src/middleware/validation.js:10:3)[39m
[31m    at Layer.handle [as handle_request] (C:\Users\acer\civiccare-smart-city-portal\backend\node_modules\express\lib\router\layer.js:95:5)[39m
[31m    at next (C:\Users\acer\civiccare-smart-city-portal\backend\node_modules\express\lib\router\route.js:149:13)[39m
[31m    at middleware (C:\Users\acer\civiccare-smart-city-portal\backend\node_modules\express-validator\lib\middlewares\check.js:16:13)[39m
[31m    at process.processTicksAndRejections (node:internal/process/task_queues:105:5)[39m
2026-02-24 14:20:26:2026 [35mhttp[39m: [35m[0mPOST /api/auth/login [33m429[0m 2.302 ms - 79[0m[39m
2026-02-24 14:21:26:2126 [31merror[39m: [31m429 - Too many failed attempts. Try again in 2 minutes. - /api/auth/login - POST - ::1[39m
2026-02-24 14:21:26:2126 [31merror[39m: [31mError: Too many failed attempts. Try again in 2 minutes.[39m
[31m    at file:///C:/Users/acer/civiccare-smart-city-portal/backend/src/controllers/authController.js:72:17[39m
[31m    at file:///C:/Users/acer/civiccare-smart-city-portal/backend/src/utils/errorUtils.js:5:19[39m
[31m    at Layer.handle [as handle_request] (C:\Users\acer\civiccare-smart-city-portal\backend\node_modules\express\lib\router\layer.js:95:5)[39m
[31m    at next (C:\Users\acer\civiccare-smart-city-portal\backend\node_modules\express\lib\router\route.js:149:13)[39m
[31m    at validate (file:///C:/Users/acer/civiccare-smart-city-portal/backend/src/middleware/validation.js:10:3)[39m
[31m    at Layer.handle [as handle_request] (C:\Users\acer\civiccare-smart-city-portal\backend\node_modules\express\lib\router\layer.js:95:5)[39m
[31m    at next (C:\Users\acer\civiccare-smart-city-portal\backend\node_modules\express\lib\router\route.js:149:13)[39m
[31m    at middleware (C:\Users\acer\civiccare-smart-city-portal\backend\node_modules\express-validator\lib\middlewares\check.js:16:13)[39m
[31m    at process.processTicksAndRejections (node:internal/process/task_queues:105:5)[39m
2026-02-24 14:21:26:2126 [35mhttp[39m: [35m[0mPOST /api/auth/login [33m429[0m 2.121 ms - 79[0m[39m
2026-02-24 14:21:52:2152 [31merror[39m: [31m429 - Too many failed attempts. Try again in 2 minutes. - /api/auth/login - POST - ::1[39m
2026-02-24 14:21:52:2152 [31merror[39m: [31mError: Too many failed attempts. Try again in 2 minutes.[39m
[31m    at file:///C:/Users/acer/civiccare-smart-city-portal/backend/src/controllers/authController.js:72:17[39m
[31m    at file:///C:/Users/acer/civiccare-smart-city-portal/backend/src/utils/errorUtils.js:5:19[39m
[31m    at Layer.handle [as handle_request] (C:\Users\acer\civiccare-smart-city-portal\backend\node_modules\express\lib\router\layer.js:95:5)[39m
[31m    at next (C:\Users\acer\civiccare-smart-city-portal\backend\node_modules\express\lib\router\route.js:149:13)[39m
[31m    at validate (file:///C:/Users/acer/civiccare-smart-city-portal/backend/src/middleware/validation.js:10:3)[39m
[31m    at Layer.handle [as handle_request] (C:\Users\acer\civiccare-smart-city-portal\backend\node_modules\express\lib\router\layer.js:95:5)[39m
[31m    at next (C:\Users\acer\civiccare-smart-city-portal\backend\node_modules\express\lib\router\route.js:149:13)[39m
[31m    at middleware (C:\Users\acer\civiccare-smart-city-portal\backend\node_modules\express-validator\lib\middlewares\check.js:16:13)[39m
[31m    at process.processTicksAndRejections (node:internal/process/task_queues:105:5)[39m
2026-02-24 14:21:52:2152 [35mhttp[39m: [35m[0mPOST /api/auth/login [33m429[0m 2.001 ms - 79[0m[39m
2026-02-24 14:24:49:2449 [31merror[39m: [31m401 - Invalid email or password - /api/auth/login - POST - ::1[39m
2026-02-24 14:24:49:2449 [31merror[39m: [31mError: Invalid email or password[39m
[31m    at file:///C:/Users/acer/civiccare-smart-city-portal/backend/src/controllers/authController.js:89:17[39m
[31m    at process.processTicksAndRejections (node:internal/process/task_queues:105:5)[39m
2026-02-24 14:24:49:2449 [35mhttp[39m: [35m[0mPOST /api/auth/login [33m401[0m 6.039 ms - 55[0m[39m
2026-02-24 14:25:11:2511 [31merror[39m: [31m429 - Too many failed attempts. Try again in 15 minutes. - /api/auth/login - POST - ::1[39m
2026-02-24 14:25:11:2511 [31merror[39m: [31mError: Too many failed attempts. Try again in 15 minutes.[39m
[31m    at file:///C:/Users/acer/civiccare-smart-city-portal/backend/src/controllers/authController.js:72:17[39m
[31m    at file:///C:/Users/acer/civiccare-smart-city-portal/backend/src/utils/errorUtils.js:5:19[39m
[31m    at Layer.handle [as handle_request] (C:\Users\acer\civiccare-smart-city-portal\backend\node_modules\express\lib\router\layer.js:95:5)[39m
[31m    at next (C:\Users\acer\civiccare-smart-city-portal\backend\node_modules\express\lib\router\route.js:149:13)[39m
[31m    at validate (file:///C:/Users/acer/civiccare-smart-city-portal/backend/src/middleware/validation.js:10:3)[39m
[31m    at Layer.handle [as handle_request] (C:\Users\acer\civiccare-smart-city-portal\backend\node_modules\express\lib\router\layer.js:95:5)[39m
[31m    at next (C:\Users\acer\civiccare-smart-city-portal\backend\node_modules\express\lib\router\route.js:149:13)[39m
[31m    at middleware (C:\Users\acer\civiccare-smart-city-portal\backend\node_modules\express-validator\lib\middlewares\check.js:16:13)[39m
[31m    at process.processTicksAndRejections (node:internal/process/task_queues:105:5)[39m
2026-02-24 14:25:11:2511 [35mhttp[39m: [35m[0mPOST /api/auth/login [33m429[0m 1.821 ms - 80[0m[39m
2026-02-24 14:36:25:3625 [32minfo[39m: [32mMongoDB Connected: localhost[39m
2026-02-24 14:36:25:3625 [32minfo[39m: [32mServer running on port 5000[39m
2026-02-24 14:36:25:3625 [32minfo[39m: [32mEnvironment: development[39m
2026-02-24 14:36:47:3647 [32minfo[39m: [32mMongoDB Connected: localhost[39m
2026-02-24 14:37:02:372 [31merror[39m: [31m401 - Invalid email or password - /api/auth/login - POST - ::1[39m
2026-02-24 14:38:45:3845 [32minfo[39m: [32mMongoDB Connected: localhost[39m
2026-02-24 14:38:45:3845 [32minfo[39m: [32mServer running on port 5000[39m
2026-02-24 14:38:45:3845 [32minfo[39m: [32mEnvironment: development[39m
2026-02-24 14:38:53:3853 [31merror[39m: [31m401 - Invalid email or password - /api/auth/login - POST - ::1[39m
2026-02-24 14:38:53:3853 [31merror[39m: [31mError: Invalid email or password[39m
[31m    at file:///C:/Users/acer/civiccare-smart-city-portal/backend/src/controllers/authController.js:92:17[39m
[31m    at process.processTicksAndRejections (node:internal/process/task_queues:105:5)[39m
2026-02-24 14:38:53:3853 [35mhttp[39m: [35m[0mPOST /api/auth/login [33m401[0m 20.625 ms - 55[0m[39m
2026-02-24 14:39:44:3944 [31merror[39m: [31m401 - Invalid email or password - /api/auth/login - POST - ::1[39m
2026-02-24 14:39:44:3944 [31merror[39m: [31mError: Invalid email or password[39m
[31m    at file:///C:/Users/acer/civiccare-smart-city-portal/backend/src/controllers/authController.js:92:17[39m
[31m    at process.processTicksAndRejections (node:internal/process/task_queues:105:5)[39m
2026-02-24 14:39:44:3944 [35mhttp[39m: [35m[0mPOST /api/auth/login [33m401[0m 8.926 ms - 55[0m[39m
2026-02-24 14:41:19:4119 [32minfo[39m: [32mMongoDB Connected: localhost[39m
2026-02-24 14:42:49:4249 [32minfo[39m: [32mMongoDB Connected: localhost[39m
2026-02-24 14:42:49:4249 [32minfo[39m: [32mServer running on port 5000[39m
2026-02-24 14:42:49:4249 [32minfo[39m: [32mEnvironment: development[39m
2026-02-24 14:43:11:4311 [31merror[39m: [31m401 - Invalid email or password - /api/auth/login - POST - ::1[39m
2026-02-24 14:43:11:4311 [31merror[39m: [31mError: Invalid email or password[39m
[31m    at file:///C:/Users/acer/civiccare-smart-city-portal/backend/src/controllers/authController.js:92:17[39m
[31m    at process.processTicksAndRejections (node:internal/process/task_queues:105:5)[39m
2026-02-24 14:43:11:4311 [35mhttp[39m: [35m[0mPOST /api/auth/login [33m401[0m 100.181 ms - 55[0m[39m
2026-02-24 14:44:33:4433 [31merror[39m: [31m401 - Invalid email or password - /api/auth/login - POST - ::1[39m
2026-02-24 14:44:33:4433 [31merror[39m: [31mError: Invalid email or password[39m
[31m    at file:///C:/Users/acer/civiccare-smart-city-portal/backend/src/controllers/authController.js:92:17[39m
[31m    at process.processTicksAndRejections (node:internal/process/task_queues:105:5)[39m
2026-02-24 14:44:33:4433 [35mhttp[39m: [35m[0mPOST /api/auth/login [33m401[0m 3.931 ms - 55[0m[39m
2026-02-24 14:45:01:451 [31merror[39m: [31m401 - Invalid email or password - /api/auth/login - POST - ::1[39m
2026-02-24 14:45:01:451 [31merror[39m: [31mError: Invalid email or password[39m
[31m    at file:///C:/Users/acer/civiccare-smart-city-portal/backend/src/controllers/authController.js:92:17[39m
[31m    at process.processTicksAndRejections (node:internal/process/task_queues:105:5)[39m
2026-02-24 14:45:01:451 [35mhttp[39m: [35m[0mPOST /api/auth/login [33m401[0m 3.499 ms - 55[0m[39m
2026-02-24 14:45:06:456 [31merror[39m: [31m401 - Invalid email or password - /api/auth/login - POST - ::1[39m
2026-02-24 14:45:06:456 [31merror[39m: [31mError: Invalid email or password[39m
[31m    at file:///C:/Users/acer/civiccare-smart-city-portal/backend/src/controllers/authController.js:92:17[39m
[31m    at process.processTicksAndRejections (node:internal/process/task_queues:105:5)[39m
2026-02-24 14:45:06:456 [35mhttp[39m: [35m[0mPOST /api/auth/login [33m401[0m 2.692 ms - 55[0m[39m
2026-02-24 14:45:22:4522 [35mhttp[39m: [35m[0mPOST /api/auth/register [32m201[0m 141.472 ms - 387[0m[39m
2026-02-24 14:46:44:4644 [32minfo[39m: [32mMongoDB Connected: localhost[39m
2026-02-24 14:47:23:4723 [32minfo[39m: [32mMongoDB Connected: localhost[39m
2026-02-24 14:48:02:482 [35mhttp[39m: [35m[0mPOST /api/auth/admin-login [32m200[0m 245.578 ms - 404[0m[39m
2026-02-24 14:48:02:482 [35mhttp[39m: [35m[0mGET /api/admin/complaints/department/WASTE_MANAGEMENT [32m200[0m 89.599 ms - 1455[0m[39m
2026-02-24 14:48:02:482 [35mhttp[39m: [35m[0mGET /api/admin/complaints/department/WASTE_MANAGEMENT [36m304[0m 48.543 ms - -[0m[39m
2026-02-24 14:48:03:483 [35mhttp[39m: [35m[0mGET /api/admin/complaints/department/POTHOLES [32m200[0m 17.565 ms - 852[0m[39m
2026-02-24 14:48:04:484 [35mhttp[39m: [35m[0mGET /api/admin/complaints/department/POTHOLES [36m304[0m 19.907 ms - -[0m[39m
2026-02-24 14:48:05:485 [35mhttp[39m: [35m[0mGET /api/admin/complaints/department/ELECTRICITY [32m200[0m 22.116 ms - 1365[0m[39m
2026-02-24 14:48:05:485 [35mhttp[39m: [35m[0mGET /api/admin/complaints/department/ELECTRICITY [36m304[0m 21.404 ms - -[0m[39m
2026-02-24 14:48:06:486 [35mhttp[39m: [35m[0mGET /api/admin/complaints/department/WATER [32m200[0m 9.239 ms - 154[0m[39m
2026-02-24 14:48:06:486 [35mhttp[39m: [35m[0mGET /api/admin/complaints/department/WATER [36m304[0m 12.509 ms - -[0m[39m
2026-02-24 14:48:07:487 [35mhttp[39m: [35m[0mGET /api/admin/complaints/department/SANITATION [32m200[0m 9.032 ms - 159[0m[39m
2026-02-24 14:48:07:487 [35mhttp[39m: [35m[0mGET /api/admin/complaints/department/SANITATION [36m304[0m 8.800 ms - -[0m[39m
2026-02-24 14:48:08:488 [35mhttp[39m: [35m[0mGET /api/admin/complaints/department/PUBLIC_PROPERTY [32m200[0m 19.859 ms - 1372[0m[39m
2026-02-24 14:48:08:488 [35mhttp[39m: [35m[0mGET /api/admin/complaints/department/PUBLIC_PROPERTY [36m304[0m 19.318 ms - -[0m[39m
2026-02-24 14:48:09:489 [35mhttp[39m: [35m[0mGET /api/admin/complaints/department/E_WASTE [32m200[0m 20.343 ms - 1375[0m[39m
2026-02-24 14:48:09:489 [35mhttp[39m: [35m[0mGET /api/admin/complaints/department/E_WASTE [36m304[0m 15.494 ms - -[0m[39m
2026-02-24 14:48:10:4810 [35mhttp[39m: [35m[0mGET /api/admin/complaints/department/SECURITY [32m200[0m 15.704 ms - 1353[0m[39m
2026-02-24 14:48:10:4810 [35mhttp[39m: [35m[0mGET /api/admin/complaints/department/SECURITY [36m304[0m 18.952 ms - -[0m[39m
2026-02-24 14:48:11:4811 [35mhttp[39m: [35m[0mGET /api/admin/complaints/department/HEALTH [32m200[0m 11.886 ms - 155[0m[39m
2026-02-24 14:48:11:4811 [35mhttp[39m: [35m[0mGET /api/admin/complaints/department/HEALTH [36m304[0m 9.138 ms - -[0m[39m
2026-02-24 14:48:12:4812 [35mhttp[39m: [35m[0mGET /api/admin/complaints/department/ENVIRONMENT [32m200[0m 7.619 ms - 160[0m[39m
2026-02-24 14:48:12:4812 [35mhttp[39m: [35m[0mGET /api/admin/complaints/department/ENVIRONMENT [36m304[0m 10.669 ms - -[0m[39m
2026-02-24 14:48:13:4813 [35mhttp[39m: [35m[0mGET /api/admin/complaints/department/TRANSPORT [32m200[0m 8.115 ms - 158[0m[39m
2026-02-24 14:48:13:4813 [35mhttp[39m: [35m[0mGET /api/admin/complaints/department/TRANSPORT [36m304[0m 11.222 ms - -[0m[39m
2026-02-24 14:48:14:4814 [35mhttp[39m: [35m[0mGET /api/admin/complaints/department/EDUCATION [32m200[0m 9.229 ms - 158[0m[39m
2026-02-24 14:48:14:4814 [35mhttp[39m: [35m[0mGET /api/admin/complaints/department/EDUCATION [36m304[0m 9.377 ms - -[0m[39m
2026-02-24 14:48:21:4821 [35mhttp[39m: [35m[0mGET /api/auth/logout [32m200[0m 0.916 ms - 52[0m[39m
2026-02-24 14:48:37:4837 [35mhttp[39m: [35m[0mPOST /api/auth/supervisor-login [32m200[0m 278.055 ms - 791[0m[39m
2026-02-24 14:48:37:4837 [35mhttp[39m: [35m[0mGET /api/supervisors/analytics/heatmap [32m200[0m 31.367 ms - 66[0m[39m
2026-02-24 14:48:37:4837 [35mhttp[39m: [35m[0mGET /api/supervisors/analytics/overview [32m200[0m 53.551 ms - 524[0m[39m
2026-02-24 14:48:37:4837 [35mhttp[39m: [35m[0mGET /api/supervisors/analytics/heatmap [36m304[0m 20.670 ms - -[0m[39m
2026-02-24 14:48:37:4837 [35mhttp[39m: [35m[0mGET /api/supervisors/analytics/overview [36m304[0m 15.811 ms - -[0m[39m
2026-02-24 14:48:43:4843 [35mhttp[39m: [35m[0mGET /api/auth/logout [36m304[0m 0.353 ms - -[0m[39m
2026-02-24 14:49:11:4911 [31merror[39m: [31m401 - Invalid email or password - /api/auth/login - POST - ::1[39m
2026-02-24 14:49:11:4911 [31merror[39m: [31mError: Invalid email or password[39m
[31m    at file:///C:/Users/acer/civiccare-smart-city-portal/backend/src/controllers/authController.js:92:17[39m
[31m    at process.processTicksAndRejections (node:internal/process/task_queues:105:5)[39m
2026-02-24 14:49:11:4911 [35mhttp[39m: [35m[0mPOST /api/auth/login [33m401[0m 6.195 ms - 55[0m[39m
2026-02-24 16:20:05:205 [31merror[39m: [31m401 - Invalid email or password - /api/auth/login - POST - ::1[39m
2026-02-24 16:20:05:205 [31merror[39m: [31mError: Invalid email or password[39m
[31m    at file:///C:/Users/acer/civiccare-smart-city-portal/backend/src/controllers/authController.js:92:17[39m
[31m    at process.processTicksAndRejections (node:internal/process/task_queues:105:5)[39m
2026-02-24 16:20:05:205 [35mhttp[39m: [35m[0mPOST /api/auth/login [33m401[0m 15.686 ms - 55[0m[39m
2026-02-24 16:20:53:2053 [32minfo[39m: [32mMongoDB Connected: localhost[39m
2026-02-24 16:20:53:2053 [32minfo[39m: [32mServer running on port 5000[39m
2026-02-24 16:20:53:2053 [32minfo[39m: [32mEnvironment: development[39m
2026-02-24 16:21:13:2113 [31merror[39m: [31m401 - Invalid email or password - /api/auth/login - POST - ::1[39m
2026-02-24 16:21:13:2113 [31merror[39m: [31mError: Invalid email or password[39m
[31m    at file:///C:/Users/acer/civiccare-smart-city-portal/backend/src/controllers/authController.js:92:17[39m
[31m    at process.processTicksAndRejections (node:internal/process/task_queues:105:5)[39m
2026-02-24 16:21:13:2113 [35mhttp[39m: [35m[0mPOST /api/auth/login [33m401[0m 83.113 ms - 55[0m[39m
2026-02-24 16:21:44:2144 [31merror[39m: [31m401 - Invalid email or password - /api/auth/login - POST - ::1[39m
2026-02-24 16:21:44:2144 [31merror[39m: [31mError: Invalid email or password[39m
[31m    at file:///C:/Users/acer/civiccare-smart-city-portal/backend/src/controllers/authController.js:92:17[39m
[31m    at process.processTicksAndRejections (node:internal/process/task_queues:105:5)[39m
2026-02-24 16:21:44:2144 [35mhttp[39m: [35m[0mPOST /api/auth/login [33m401[0m 11.060 ms - 55[0m[39m
2026-02-24 16:23:38:2338 [31merror[39m: [31m401 - Invalid email or password - /api/auth/login - POST - ::1[39m
2026-02-24 16:23:38:2338 [31merror[39m: [31mError: Invalid email or password[39m
[31m    at file:///C:/Users/acer/civiccare-smart-city-portal/backend/src/controllers/authController.js:107:17[39m
2026-02-24 16:23:38:2338 [35mhttp[39m: [35m[0mPOST /api/auth/login [33m401[0m 272.314 ms - 55[0m[39m
2026-02-24 16:24:38:2438 [35mhttp[39m: [35m[0mPOST /api/auth/register [32m201[0m 102.789 ms - 387[0m[39m
2026-02-24 16:24:38:2438 [35mhttp[39m: [35m[0mPOST /api/auth/login [32m200[0m 88.756 ms - 387[0m[39m
2026-02-24 16:25:08:258 [32minfo[39m: [32mMongoDB Connected: localhost[39m
2026-02-24 16:25:26:2526 [31merror[39m: [31m400 - Please provide a valid email - /api/auth/login - POST - ::1[39m
2026-02-24 16:25:26:2526 [31merror[39m: [31mError: Please provide a valid email[39m
[31m    at validate (file:///C:/Users/acer/civiccare-smart-city-portal/backend/src/middleware/validation.js:8:17)[39m
[31m    at Layer.handle [as handle_request] (C:\Users\acer\civiccare-smart-city-portal\backend\node_modules\express\lib\router\layer.js:95:5)[39m
[31m    at next (C:\Users\acer\civiccare-smart-city-portal\backend\node_modules\express\lib\router\route.js:149:13)[39m
[31m    at middleware (C:\Users\acer\civiccare-smart-city-portal\backend\node_modules\express-validator\lib\middlewares\check.js:16:13)[39m
[31m    at process.processTicksAndRejections (node:internal/process/task_queues:105:5)[39m
2026-02-24 16:25:26:2526 [35mhttp[39m: [35m[0mPOST /api/auth/login [33m400[0m 5.689 ms - 58[0m[39m
2026-02-24 16:25:37:2537 [32minfo[39m: [32mMongoDB Connected: localhost[39m
2026-02-24 16:25:42:2542 [31merror[39m: [31m400 - Please provide a valid email - /api/auth/login - POST - ::1[39m
2026-02-24 16:25:42:2542 [31merror[39m: [31mError: Please provide a valid email[39m
[31m    at validate (file:///C:/Users/acer/civiccare-smart-city-portal/backend/src/middleware/validation.js:8:17)[39m
[31m    at Layer.handle [as handle_request] (C:\Users\acer\civiccare-smart-city-portal\backend\node_modules\express\lib\router\layer.js:95:5)[39m
[31m    at next (C:\Users\acer\civiccare-smart-city-portal\backend\node_modules\express\lib\router\route.js:149:13)[39m
[31m    at middleware (C:\Users\acer\civiccare-smart-city-portal\backend\node_modules\express-validator\lib\middlewares\check.js:16:13)[39m
[31m    at process.processTicksAndRejections (node:internal/process/task_queues:105:5)[39m
2026-02-24 16:25:42:2542 [35mhttp[39m: [35m[0mPOST /api/auth/login [33m400[0m 1.778 ms - 58[0m[39m
2026-02-24 16:25:58:2558 [35mhttp[39m: [35m[0mPOST /api/auth/login [32m200[0m 80.917 ms - 380[0m[39m
2026-02-24 16:26:22:2622 [31merror[39m: [31m401 - Invalid email or password - /api/auth/login - POST - ::1[39m
2026-02-24 16:26:22:2622 [31merror[39m: [31mError: Invalid email or password[39m
[31m    at file:///C:/Users/acer/civiccare-smart-city-portal/backend/src/controllers/authController.js:92:17[39m
[31m    at process.processTicksAndRejections (node:internal/process/task_queues:105:5)[39m
2026-02-24 16:26:22:2622 [35mhttp[39m: [35m[0mPOST /api/auth/login [33m401[0m 9.723 ms - 55[0m[39m
2026-02-24 16:27:02:272 [31merror[39m: [31m401 - Invalid email or password - /api/auth/login - POST - ::1[39m
2026-02-24 16:27:02:272 [31merror[39m: [31mError: Invalid email or password[39m
[31m    at file:///C:/Users/acer/civiccare-smart-city-portal/backend/src/controllers/authController.js:107:17[39m
2026-02-24 16:27:02:272 [35mhttp[39m: [35m[0mPOST /api/auth/login [33m401[0m 218.106 ms - 55[0m[39m
2026-02-24 16:28:21:2821 [32minfo[39m: [32mMongoDB Connected: localhost[39m
2026-02-24 16:28:21:2821 [32minfo[39m: [32mServer running on port 5000[39m
2026-02-24 16:28:21:2821 [32minfo[39m: [32mEnvironment: development[39m
2026-02-24 16:28:39:2839 [31merror[39m: [31m401 - Invalid email or password - /api/auth/login - POST - ::1[39m
2026-02-24 16:28:39:2839 [31merror[39m: [31mError: Invalid email or password[39m
[31m    at file:///C:/Users/acer/civiccare-smart-city-portal/backend/src/controllers/authController.js:93:17[39m
[31m    at process.processTicksAndRejections (node:internal/process/task_queues:105:5)[39m
2026-02-24 16:28:39:2839 [35mhttp[39m: [35m[0mPOST /api/auth/login [33m401[0m 116.549 ms - 55[0m[39m
2026-02-24 16:28:48:2848 [31merror[39m: [31m401 - Invalid email or password - /api/auth/login - POST - ::1[39m
2026-02-24 16:28:48:2848 [31merror[39m: [31mError: Invalid email or password[39m
[31m    at file:///C:/Users/acer/civiccare-smart-city-portal/backend/src/controllers/authController.js:93:17[39m
[31m    at process.processTicksAndRejections (node:internal/process/task_queues:105:5)[39m
2026-02-24 16:28:48:2848 [35mhttp[39m: [35m[0mPOST /api/auth/login [33m401[0m 11.035 ms - 55[0m[39m
2026-02-24 16:28:58:2858 [35mhttp[39m: [35m[0mPOST /api/auth/login [32m200[0m 362.191 ms - 370[0m[39m
2026-02-24 16:28:58:2858 [35mhttp[39m: [35m[0mGET /api/complaints/user/699d63e9131e2c2e41891042 [32m200[0m 39.718 ms - 102[0m[39m
2026-02-24 16:28:58:2858 [35mhttp[39m: [35m[0mGET /api/complaints/user/699d63e9131e2c2e41891042 [36m304[0m 19.958 ms - -[0m[39m
2026-02-24 16:30:51:3051 [35mhttp[39m: [35m[0mPOST /api/complaints [32m201[0m 148.761 ms - 621[0m[39m
2026-02-24 16:30:53:3053 [35mhttp[39m: [35m[0mGET /api/complaints/user/699d63e9131e2c2e41891042 [32m200[0m 42.876 ms - 694[0m[39m
2026-02-24 16:30:53:3053 [35mhttp[39m: [35m[0mGET /api/complaints/user/699d63e9131e2c2e41891042 [36m304[0m 24.126 ms - -[0m[39m
2026-02-24 16:30:59:3059 [35mhttp[39m: [35m[0mGET /api/auth/logout [36m304[0m 0.587 ms - -[0m[39m
2026-02-24 16:31:05:315 [31merror[39m: [31m401 - Invalid email or password - /api/auth/login - POST - ::1[39m
2026-02-24 16:31:05:315 [31merror[39m: [31mError: Invalid email or password[39m
[31m    at file:///C:/Users/acer/civiccare-smart-city-portal/backend/src/controllers/authController.js:93:17[39m
[31m    at process.processTicksAndRejections (node:internal/process/task_queues:105:5)[39m
2026-02-24 16:31:05:315 [35mhttp[39m: [35m[0mPOST /api/auth/login [33m401[0m 7.574 ms - 55[0m[39m
2026-02-24 16:31:48:3148 [31merror[39m: [31m401 - Invalid email or password - /api/auth/login - POST - ::1[39m
2026-02-24 16:31:48:3148 [31merror[39m: [31mError: Invalid email or password[39m
[31m    at file:///C:/Users/acer/civiccare-smart-city-portal/backend/src/controllers/authController.js:108:17[39m
2026-02-24 16:31:48:3148 [35mhttp[39m: [35m[0mPOST /api/auth/login [33m401[0m 248.880 ms - 55[0m[39m
2026-02-24 16:31:58:3158 [35mhttp[39m: [35m[0mPOST /api/auth/login [32m200[0m 217.208 ms - 380[0m[39m
2026-02-24 16:31:58:3158 [35mhttp[39m: [35m[0mGET /api/complaints/user/699b5a0555702c3234ac2710 [32m200[0m 44.618 ms - 3818[0m[39m
2026-02-24 16:31:58:3158 [35mhttp[39m: [35m[0mGET /api/complaints/user/699b5a0555702c3234ac2710 [36m304[0m 28.569 ms - -[0m[39m
2026-02-24 16:32:12:3212 [35mhttp[39m: [35m[0mGET /api/auth/logout [36m304[0m 0.562 ms - -[0m[39m
2026-02-24 16:32:23:3223 [31merror[39m: [31m401 - Invalid email or password - /api/auth/login - POST - ::1[39m
2026-02-24 16:32:23:3223 [31merror[39m: [31mError: Invalid email or password[39m
[31m    at file:///C:/Users/acer/civiccare-smart-city-portal/backend/src/controllers/authController.js:93:17[39m
[31m    at process.processTicksAndRejections (node:internal/process/task_queues:105:5)[39m
2026-02-24 16:32:23:3223 [35mhttp[39m: [35m[0mPOST /api/auth/login [33m401[0m 6.055 ms - 55[0m[39m
2026-02-24 16:33:24:3324 [31merror[39m: [31m401 - Invalid email or password - /api/auth/login - POST - ::1[39m
2026-02-24 16:33:24:3324 [31merror[39m: [31mError: Invalid email or password[39m
[31m    at file:///C:/Users/acer/civiccare-smart-city-portal/backend/src/controllers/authController.js:93:17[39m
[31m    at process.processTicksAndRejections (node:internal/process/task_queues:105:5)[39m
2026-02-24 16:33:24:3324 [35mhttp[39m: [35m[0mPOST /api/auth/login [33m401[0m 9.034 ms - 55[0m[39m
2026-02-24 16:33:40:3340 [35mhttp[39m: [35m[0mPOST /api/auth/admin-login [32m200[0m 262.175 ms - 397[0m[39m
2026-02-24 16:33:40:3340 [35mhttp[39m: [35m[0mGET /api/admin/complaints/department/WASTE_MANAGEMENT [36m304[0m 28.791 ms - -[0m[39m
2026-02-24 16:33:40:3340 [35mhttp[39m: [35m[0mGET /api/admin/complaints/department/WASTE_MANAGEMENT [36m304[0m 24.371 ms - -[0m[39m
2026-02-24 16:33:41:3341 [35mhttp[39m: [35m[0mGET /api/admin/complaints/department/POTHOLES [32m200[0m 18.395 ms - 1445[0m[39m
2026-02-24 16:33:41:3341 [35mhttp[39m: [35m[0mGET /api/admin/complaints/department/POTHOLES [36m304[0m 18.250 ms - -[0m[39m
2026-02-24 16:33:42:3342 [35mhttp[39m: [35m[0mGET /api/admin/complaints/department/ELECTRICITY [36m304[0m 20.661 ms - -[0m[39m
2026-02-24 16:33:42:3342 [35mhttp[39m: [35m[0mGET /api/admin/complaints/department/ELECTRICITY [36m304[0m 22.390 ms - -[0m[39m
2026-02-24 16:33:43:3343 [35mhttp[39m: [35m[0mGET /api/admin/complaints/department/WATER [36m304[0m 7.441 ms - -[0m[39m
2026-02-24 16:33:43:3343 [35mhttp[39m: [35m[0mGET /api/admin/complaints/department/WATER [36m304[0m 6.732 ms - -[0m[39m
2026-02-24 16:33:44:3344 [35mhttp[39m: [35m[0mGET /api/admin/complaints/department/SANITATION [36m304[0m 8.487 ms - -[0m[39m
2026-02-24 16:33:44:3344 [35mhttp[39m: [35m[0mGET /api/admin/complaints/department/SANITATION [36m304[0m 7.181 ms - -[0m[39m
2026-02-24 16:33:45:3345 [35mhttp[39m: [35m[0mGET /api/admin/complaints/department/PUBLIC_PROPERTY [36m304[0m 16.822 ms - -[0m[39m
2026-02-24 16:33:45:3345 [35mhttp[39m: [35m[0mGET /api/admin/complaints/department/PUBLIC_PROPERTY [36m304[0m 16.195 ms - -[0m[39m
2026-02-24 16:33:46:3346 [35mhttp[39m: [35m[0mGET /api/admin/complaints/department/E_WASTE [36m304[0m 19.137 ms - -[0m[39m
2026-02-24 16:33:46:3346 [35mhttp[39m: [35m[0mGET /api/admin/complaints/department/E_WASTE [36m304[0m 23.192 ms - -[0m[39m
2026-02-24 16:33:48:3348 [35mhttp[39m: [35m[0mGET /api/admin/complaints/department/SECURITY [36m304[0m 17.249 ms - -[0m[39m
2026-02-24 16:33:48:3348 [35mhttp[39m: [35m[0mGET /api/admin/complaints/department/SECURITY [36m304[0m 21.422 ms - -[0m[39m
2026-02-24 16:33:50:3350 [35mhttp[39m: [35m[0mGET /api/admin/complaints/department/HEALTH [36m304[0m 10.246 ms - -[0m[39m
2026-02-24 16:33:50:3350 [35mhttp[39m: [35m[0mGET /api/admin/complaints/department/HEALTH [36m304[0m 7.677 ms - -[0m[39m
2026-02-24 16:33:52:3352 [35mhttp[39m: [35m[0mGET /api/admin/complaints/department/ENVIRONMENT [36m304[0m 4.976 ms - -[0m[39m
2026-02-24 16:33:52:3352 [35mhttp[39m: [35m[0mGET /api/admin/complaints/department/ENVIRONMENT [36m304[0m 4.386 ms - -[0m[39m
2026-02-24 16:33:53:3353 [35mhttp[39m: [35m[0mGET /api/admin/complaints/department/TRANSPORT [36m304[0m 12.750 ms - -[0m[39m
2026-02-24 16:33:53:3353 [35mhttp[39m: [35m[0mGET /api/admin/complaints/department/TRANSPORT [36m304[0m 10.799 ms - -[0m[39m
2026-02-24 16:33:54:3354 [35mhttp[39m: [35m[0mGET /api/admin/complaints/department/EDUCATION [36m304[0m 8.313 ms - -[0m[39m
2026-02-24 16:33:54:3354 [35mhttp[39m: [35m[0mGET /api/admin/complaints/department/EDUCATION [36m304[0m 8.802 ms - -[0m[39m
2026-02-24 16:34:00:340 [35mhttp[39m: [35m[0mGET /api/setup/teams/by-category/POTHOLES [32m200[0m 28.967 ms - 688[0m[39m
2026-02-24 16:34:00:340 [35mhttp[39m: [35m[0mGET /api/setup/ward-offices [32m200[0m 31.585 ms - 1347[0m[39m
2026-02-24 16:34:00:340 [35mhttp[39m: [35m[0mGET /api/admin/complaints/department/POTHOLES [36m304[0m 34.277 ms - -[0m[39m
2026-02-24 16:34:00:340 [35mhttp[39m: [35m[0mGET /api/setup/teams/by-category/POTHOLES [36m304[0m 21.453 ms - -[0m[39m
2026-02-24 16:34:00:340 [35mhttp[39m: [35m[0mGET /api/setup/ward-offices [36m304[0m 19.743 ms - -[0m[39m
2026-02-24 16:34:00:340 [35mhttp[39m: [35m[0mGET /api/admin/complaints/department/POTHOLES [36m304[0m 25.165 ms - -[0m[39m
2026-02-24 16:34:12:3412 [35mhttp[39m: [35m[0mPOST /api/admin/assign-team [32m200[0m 57.675 ms - 1252[0m[39m
2026-02-24 16:34:12:3412 [35mhttp[39m: [35m[0mGET /api/setup/teams/by-category/POTHOLES [32m200[0m 25.426 ms - 714[0m[39m
2026-02-24 16:34:12:3412 [35mhttp[39m: [35m[0mGET /api/setup/ward-offices [36m304[0m 24.108 ms - -[0m[39m
2026-02-24 16:34:12:3412 [35mhttp[39m: [35m[0mGET /api/admin/complaints/department/POTHOLES [32m200[0m 30.133 ms - 2037[0m[39m
2026-02-24 16:34:23:3423 [35mhttp[39m: [35m[0mPOST /api/admin/assign-team [32m200[0m 33.401 ms - 1355[0m[39m
2026-02-24 16:34:23:3423 [35mhttp[39m: [35m[0mGET /api/setup/teams/by-category/POTHOLES [32m200[0m 31.644 ms - 740[0m[39m
2026-02-24 16:34:23:3423 [35mhttp[39m: [35m[0mGET /api/setup/ward-offices [36m304[0m 28.289 ms - -[0m[39m
2026-02-24 16:34:23:3423 [35mhttp[39m: [35m[0mGET /api/admin/complaints/department/POTHOLES [32m200[0m 53.463 ms - 2629[0m[39m
2026-02-24 16:34:36:3436 [35mhttp[39m: [35m[0mGET /api/auth/logout [36m304[0m 0.709 ms - -[0m[39m
2026-02-24 16:34:53:3453 [35mhttp[39m: [35m[0mPOST /api/auth/supervisor-login [32m200[0m 283.394 ms - 791[0m[39m
2026-02-24 16:34:53:3453 [35mhttp[39m: [35m[0mGET /api/supervisors/analytics/heatmap [36m304[0m 31.158 ms - -[0m[39m
2026-02-24 16:34:54:3454 [35mhttp[39m: [35m[0mGET /api/supervisors/analytics/overview [32m200[0m 49.315 ms - 524[0m[39m
2026-02-24 16:34:54:3454 [35mhttp[39m: [35m[0mGET /api/supervisors/analytics/heatmap [36m304[0m 27.020 ms - -[0m[39m
2026-02-24 16:34:54:3454 [35mhttp[39m: [35m[0mGET /api/supervisors/analytics/overview [36m304[0m 16.338 ms - -[0m[39m
2026-02-24 16:35:08:358 [35mhttp[39m: [35m[0mGET /api/auth/logout [36m304[0m 0.449 ms - -[0m[39m
2026-02-24 16:35:55:3555 [35mhttp[39m: [35m[0mPOST /api/auth/admin-login [32m200[0m 193.307 ms - 404[0m[39m
2026-02-24 16:35:55:3555 [35mhttp[39m: [35m[0mGET /api/admin/complaints/department/WASTE_MANAGEMENT [36m304[0m 21.533 ms - -[0m[39m
2026-02-24 16:35:55:3555 [35mhttp[39m: [35m[0mGET /api/admin/complaints/department/WASTE_MANAGEMENT [36m304[0m 18.507 ms - -[0m[39m
2026-02-24 16:35:56:3556 [35mhttp[39m: [35m[0mGET /api/admin/complaints/department/POTHOLES [36m304[0m 17.613 ms - -[0m[39m
2026-02-24 16:35:56:3556 [35mhttp[39m: [35m[0mGET /api/admin/complaints/department/POTHOLES [36m304[0m 16.749 ms - -[0m[39m
2026-02-24 16:35:57:3557 [35mhttp[39m: [35m[0mGET /api/admin/complaints/department/ELECTRICITY [36m304[0m 16.252 ms - -[0m[39m
2026-02-24 16:35:57:3557 [35mhttp[39m: [35m[0mGET /api/admin/complaints/department/ELECTRICITY [36m304[0m 22.297 ms - -[0m[39m
2026-02-24 16:35:58:3558 [35mhttp[39m: [35m[0mGET /api/admin/complaints/department/WATER [36m304[0m 11.700 ms - -[0m[39m
2026-02-24 16:35:58:3558 [35mhttp[39m: [35m[0mGET /api/admin/complaints/department/WATER [36m304[0m 8.890 ms - -[0m[39m
2026-02-24 16:35:59:3559 [35mhttp[39m: [35m[0mGET /api/admin/complaints/department/SANITATION [36m304[0m 7.819 ms - -[0m[39m
2026-02-24 16:35:59:3559 [35mhttp[39m: [35m[0mGET /api/admin/complaints/department/SANITATION [36m304[0m 10.646 ms - -[0m[39m
2026-02-24 16:36:00:360 [35mhttp[39m: [35m[0mGET /api/admin/complaints/department/PUBLIC_PROPERTY [36m304[0m 18.697 ms - -[0m[39m
2026-02-24 16:36:00:360 [35mhttp[39m: [35m[0mGET /api/admin/complaints/department/PUBLIC_PROPERTY [36m304[0m 19.683 ms - -[0m[39m
2026-02-24 16:36:01:361 [35mhttp[39m: [35m[0mGET /api/admin/complaints/department/E_WASTE [36m304[0m 15.436 ms - -[0m[39m
2026-02-24 16:36:01:361 [35mhttp[39m: [35m[0mGET /api/admin/complaints/department/E_WASTE [36m304[0m 15.389 ms - -[0m[39m
2026-02-24 16:36:02:362 [35mhttp[39m: [35m[0mGET /api/admin/complaints/department/SECURITY [36m304[0m 20.617 ms - -[0m[39m
2026-02-24 16:36:02:362 [35mhttp[39m: [35m[0mGET /api/admin/complaints/department/SECURITY [36m304[0m 16.499 ms - -[0m[39m
2026-02-24 16:36:03:363 [35mhttp[39m: [35m[0mGET /api/admin/complaints/department/HEALTH [36m304[0m 8.340 ms - -[0m[39m
2026-02-24 16:36:03:363 [35mhttp[39m: [35m[0mGET /api/admin/complaints/department/HEALTH [36m304[0m 7.824 ms - -[0m[39m
2026-02-24 16:36:05:365 [35mhttp[39m: [35m[0mGET /api/admin/complaints/department/ENVIRONMENT [36m304[0m 4.903 ms - -[0m[39m
2026-02-24 16:36:05:365 [35mhttp[39m: [35m[0mGET /api/admin/complaints/department/ENVIRONMENT [36m304[0m 4.486 ms - -[0m[39m
2026-02-24 16:36:07:367 [35mhttp[39m: [35m[0mGET /api/admin/complaints/department/TRANSPORT [36m304[0m 6.000 ms - -[0m[39m
2026-02-24 16:36:07:367 [35mhttp[39m: [35m[0mGET /api/admin/complaints/department/TRANSPORT [36m304[0m 3.329 ms - -[0m[39m
2026-02-24 16:36:09:369 [35mhttp[39m: [35m[0mGET /api/admin/complaints/department/EDUCATION [36m304[0m 3.270 ms - -[0m[39m
2026-02-24 16:36:09:369 [35mhttp[39m: [35m[0mGET /api/admin/complaints/department/EDUCATION [36m304[0m 3.856 ms - -[0m[39m
2026-02-24 16:38:19:3819 [35mhttp[39m: [35m[0mGET /api/setup/teams/by-category/POTHOLES [36m304[0m 27.978 ms - -[0m[39m
2026-02-24 16:38:19:3819 [35mhttp[39m: [35m[0mGET /api/setup/ward-offices [36m304[0m 27.163 ms - -[0m[39m
2026-02-24 16:38:19:3819 [35mhttp[39m: [35m[0mGET /api/admin/complaints/department/POTHOLES [36m304[0m 37.557 ms - -[0m[39m
2026-02-24 16:38:19:3819 [35mhttp[39m: [35m[0mGET /api/setup/teams/by-category/POTHOLES [36m304[0m 23.661 ms - -[0m[39m
2026-02-24 16:38:19:3819 [35mhttp[39m: [35m[0mGET /api/setup/ward-offices [36m304[0m 23.473 ms - -[0m[39m
2026-02-24 16:38:19:3819 [35mhttp[39m: [35m[0mGET /api/admin/complaints/department/POTHOLES [36m304[0m 34.052 ms - -[0m[39m
2026-02-24 16:40:57:4057 [35mhttp[39m: [35m[0mGET /api/setup/teams/by-category/POTHOLES [36m304[0m 23.147 ms - -[0m[39m
2026-02-24 16:40:57:4057 [35mhttp[39m: [35m[0mGET /api/setup/ward-offices [36m304[0m 22.368 ms - -[0m[39m
2026-02-24 16:40:57:4057 [35mhttp[39m: [35m[0mGET /api/admin/complaints/department/POTHOLES [36m304[0m 42.316 ms - -[0m[39m
2026-02-24 16:40:58:4058 [35mhttp[39m: [35m[0mGET /api/setup/teams/by-category/POTHOLES [36m304[0m 28.747 ms - -[0m[39m
2026-02-24 16:40:58:4058 [35mhttp[39m: [35m[0mGET /api/setup/ward-offices [36m304[0m 29.039 ms - -[0m[39m
2026-02-24 16:40:58:4058 [35mhttp[39m: [35m[0mGET /api/admin/complaints/department/POTHOLES [36m304[0m 39.803 ms - -[0m[39m
2026-02-24 16:41:02:412 [35mhttp[39m: [35m[0mGET /api/auth/logout [36m304[0m 0.477 ms - -[0m[39m
2026-02-24 16:41:11:4111 [35mhttp[39m: [35m[0mPOST /api/auth/admin-login [32m200[0m 232.087 ms - 397[0m[39m
2026-02-24 16:41:11:4111 [35mhttp[39m: [35m[0mGET /api/admin/complaints/department/WASTE_MANAGEMENT [36m304[0m 20.143 ms - -[0m[39m
2026-02-24 16:41:11:4111 [35mhttp[39m: [35m[0mGET /api/admin/complaints/department/WASTE_MANAGEMENT [36m304[0m 17.537 ms - -[0m[39m
2026-02-24 16:41:12:4112 [35mhttp[39m: [35m[0mGET /api/admin/complaints/department/POTHOLES [36m304[0m 22.679 ms - -[0m[39m
2026-02-24 16:41:12:4112 [35mhttp[39m: [35m[0mGET /api/admin/complaints/department/POTHOLES [36m304[0m 21.988 ms - -[0m[39m
2026-02-24 16:41:13:4113 [35mhttp[39m: [35m[0mGET /api/admin/complaints/department/ELECTRICITY [36m304[0m 15.743 ms - -[0m[39m
2026-02-24 16:41:13:4113 [35mhttp[39m: [35m[0mGET /api/admin/complaints/department/ELECTRICITY [36m304[0m 15.537 ms - -[0m[39m
2026-02-24 16:41:14:4114 [35mhttp[39m: [35m[0mGET /api/admin/complaints/department/WATER [36m304[0m 7.618 ms - -[0m[39m
2026-02-24 16:41:14:4114 [35mhttp[39m: [35m[0mGET /api/admin/complaints/department/WATER [36m304[0m 7.319 ms - -[0m[39m
2026-02-24 16:41:15:4115 [35mhttp[39m: [35m[0mGET /api/admin/complaints/department/SANITATION [36m304[0m 7.980 ms - -[0m[39m
2026-02-24 16:41:15:4115 [35mhttp[39m: [35m[0mGET /api/admin/complaints/department/SANITATION [36m304[0m 10.588 ms - -[0m[39m
2026-02-24 16:41:16:4116 [35mhttp[39m: [35m[0mGET /api/admin/complaints/department/PUBLIC_PROPERTY [36m304[0m 16.596 ms - -[0m[39m
2026-02-24 16:41:16:4116 [35mhttp[39m: [35m[0mGET /api/admin/complaints/department/PUBLIC_PROPERTY [36m304[0m 16.296 ms - -[0m[39m
2026-02-24 16:41:17:4117 [35mhttp[39m: [35m[0mGET /api/admin/complaints/department/E_WASTE [36m304[0m 17.081 ms - -[0m[39m
2026-02-24 16:41:17:4117 [35mhttp[39m: [35m[0mGET /api/admin/complaints/department/E_WASTE [36m304[0m 15.982 ms - -[0m[39m
2026-02-24 16:41:18:4118 [35mhttp[39m: [35m[0mGET /api/admin/complaints/department/SECURITY [36m304[0m 19.631 ms - -[0m[39m
2026-02-24 16:44:05:445 [35mhttp[39m: [35m[0mGET /api/setup/teams/by-category/WASTE_MANAGEMENT [32m200[0m 21.839 ms - 726[0m[39m
2026-02-24 16:44:05:445 [35mhttp[39m: [35m[0mGET /api/setup/ward-offices [36m304[0m 21.829 ms - -[0m[39m
2026-02-24 16:44:05:445 [35mhttp[39m: [35m[0mGET /api/admin/complaints/department/WASTE_MANAGEMENT [32m200[0m 33.273 ms - 1455[0m[39m
2026-02-24 16:44:05:445 [35mhttp[39m: [35m[0mGET /api/setup/teams/by-category/WASTE_MANAGEMENT [36m304[0m 16.999 ms - -[0m[39m
2026-02-24 16:44:05:445 [35mhttp[39m: [35m[0mGET /api/setup/ward-offices [36m304[0m 23.985 ms - -[0m[39m
2026-02-24 16:44:05:445 [35mhttp[39m: [35m[0mGET /api/admin/complaints/department/WASTE_MANAGEMENT [36m304[0m 31.596 ms - -[0m[39m
2026-02-24 16:44:08:448 [35mhttp[39m: [35m[0mGET /api/admin/complaints/department/WASTE_MANAGEMENT [36m304[0m 15.810 ms - -[0m[39m
2026-02-24 16:44:08:448 [35mhttp[39m: [35m[0mGET /api/admin/complaints/department/WASTE_MANAGEMENT [36m304[0m 21.866 ms - -[0m[39m
2026-02-24 16:44:09:449 [35mhttp[39m: [35m[0mGET /api/admin/complaints/department/POTHOLES [32m200[0m 19.526 ms - 2629[0m[39m
2026-02-24 16:44:09:449 [35mhttp[39m: [35m[0mGET /api/admin/complaints/department/POTHOLES [36m304[0m 17.168 ms - -[0m[39m
2026-02-24 16:44:10:4410 [35mhttp[39m: [35m[0mGET /api/admin/complaints/department/ELECTRICITY [32m200[0m 12.582 ms - 1365[0m[39m
2026-02-24 16:44:10:4410 [35mhttp[39m: [35m[0mGET /api/admin/complaints/department/ELECTRICITY [36m304[0m 11.909 ms - -[0m[39m
2026-02-24 16:44:11:4411 [35mhttp[39m: [35m[0mGET /api/admin/complaints/department/WATER [32m200[0m 6.979 ms - 154[0m[39m
2026-02-24 16:44:11:4411 [35mhttp[39m: [35m[0mGET /api/admin/complaints/department/WATER [36m304[0m 7.444 ms - -[0m[39m
2026-02-24 16:44:12:4412 [35mhttp[39m: [35m[0mGET /api/admin/complaints/department/SANITATION [32m200[0m 7.208 ms - 159[0m[39m
2026-02-24 16:44:12:4412 [35mhttp[39m: [35m[0mGET /api/admin/complaints/department/SANITATION [36m304[0m 6.248 ms - -[0m[39m
2026-02-24 16:44:14:4414 [35mhttp[39m: [35m[0mGET /api/admin/complaints/department/PUBLIC_PROPERTY [32m200[0m 10.603 ms - 1372[0m[39m
2026-02-24 16:44:14:4414 [35mhttp[39m: [35m[0mGET /api/admin/complaints/department/PUBLIC_PROPERTY [36m304[0m 7.184 ms - -[0m[39m
2026-02-24 16:44:16:4416 [35mhttp[39m: [35m[0mGET /api/admin/complaints/department/E_WASTE [32m200[0m 6.400 ms - 1375[0m[39m
2026-02-24 16:44:16:4416 [35mhttp[39m: [35m[0mGET /api/admin/complaints/department/E_WASTE [36m304[0m 5.260 ms - -[0m[39m
2026-02-24 16:44:18:4418 [35mhttp[39m: [35m[0mGET /api/admin/complaints/department/SECURITY [32m200[0m 7.823 ms - 1353[0m[39m
2026-02-24 16:44:18:4418 [35mhttp[39m: [35m[0mGET /api/admin/complaints/department/SECURITY [36m304[0m 5.643 ms - -[0m[39m
2026-02-24 16:44:20:4420 [35mhttp[39m: [35m[0mGET /api/admin/complaints/department/HEALTH [32m200[0m 5.466 ms - 155[0m[39m
2026-02-24 16:44:20:4420 [35mhttp[39m: [35m[0mGET /api/admin/complaints/department/HEALTH [36m304[0m 4.382 ms - -[0m[39m
2026-02-24 16:44:22:4422 [35mhttp[39m: [35m[0mGET /api/admin/complaints/department/ENVIRONMENT [32m200[0m 6.671 ms - 160[0m[39m
2026-02-24 16:44:22:4422 [35mhttp[39m: [35m[0mGET /api/admin/complaints/department/ENVIRONMENT [36m304[0m 3.629 ms - -[0m[39m
2026-02-24 16:44:24:4424 [35mhttp[39m: [35m[0mGET /api/admin/complaints/department/TRANSPORT [32m200[0m 6.240 ms - 158[0m[39m
2026-02-24 16:44:24:4424 [35mhttp[39m: [35m[0mGET /api/admin/complaints/department/TRANSPORT [36m304[0m 3.511 ms - -[0m[39m
2026-02-24 16:44:26:4426 [35mhttp[39m: [35m[0mGET /api/admin/complaints/department/EDUCATION [32m200[0m 5.678 ms - 158[0m[39m
2026-02-24 16:44:26:4426 [35mhttp[39m: [35m[0mGET /api/admin/complaints/department/EDUCATION [36m304[0m 4.699 ms - -[0m[39m
2026-02-24 16:44:31:4431 [35mhttp[39m: [35m[0mGET /api/admin/complaints/department/WASTE_MANAGEMENT [36m304[0m 20.476 ms - -[0m[39m
2026-02-24 16:44:32:4432 [35mhttp[39m: [35m[0mGET /api/admin/complaints/department/POTHOLES [36m304[0m 17.704 ms - -[0m[39m
2026-02-24 16:44:33:4433 [35mhttp[39m: [35m[0mGET /api/admin/complaints/department/ELECTRICITY [36m304[0m 13.834 ms - -[0m[39m
