2026-01-26 17:05:30:530 [31merror[39m: [31m401 - Invalid email or password - /api/auth/login - POST - ::ffff:127.0.0.1[39m
2026-01-26 17:05:30:530 [31merror[39m: [31mError: Invalid email or password[39m
[31m    at E:\01. My Data\CivicCare_Smart_City\backend\src\controllers\authController.js:51:17[39m
2026-01-26 17:11:42:1142 [31merror[39m: [31m400 - Category is required - /api/complaints - POST - ::ffff:127.0.0.1[39m
2026-01-26 17:11:42:1142 [31merror[39m: [31mError: Category is required[39m
[31m    at validate (E:\01. My Data\CivicCare_Smart_City\backend\src\middleware\validation.js:8:17)[39m
[31m    at Layer.handle [as handle_request] (E:\01. My Data\CivicCare_Smart_City\backend\node_modules\express\lib\router\layer.js:95:5)[39m
[31m    at next (E:\01. My Data\CivicCare_Smart_City\backend\node_modules\express\lib\router\route.js:149:13)[39m
[31m    at middleware (E:\01. My Data\CivicCare_Smart_City\backend\node_modules\express-validator\lib\middlewares\check.js:16:13)[39m
[31m    at processTicksAndRejections (node:internal/process/task_queues:105:5)[39m
2026-01-26 17:11:43:1143 [31merror[39m: [31m401 - Invalid email or password - /api/auth/login - POST - ::ffff:127.0.0.1[39m
2026-01-26 17:11:43:1143 [31merror[39m: [31mError: Invalid email or password[39m
[31m    at E:\01. My Data\CivicCare_Smart_City\backend\src\controllers\authController.js:51:17[39m
2026-01-26 17:14:42:1442 [31merror[39m: [31m401 - Invalid email or password - /api/auth/login - POST - ::1[39m
2026-01-26 17:14:42:1442 [31merror[39m: [31mError: Invalid email or password[39m
[31m    at file:///E:/01.%20My%20Data/CivicCare_Smart_City/backend/src/controllers/authController.js:44:17[39m
[31m    at process.processTicksAndRejections (node:internal/process/task_queues:105:5)[39m
2026-01-26 18:05:36:536 [31merror[39m: [31m401 - Invalid email or password - /api/auth/admin-login - POST - ::1[39m
2026-01-26 18:05:36:536 [31merror[39m: [31mError: Invalid email or password[39m
[31m    at file:///E:/01.%20My%20Data/CivicCare_Smart_City/backend/src/controllers/authController.js:83:17[39m
2026-01-26 18:05:50:550 [31merror[39m: [31m401 - Invalid email or password - /api/auth/admin-login - POST - ::1[39m
2026-01-26 18:05:50:550 [31merror[39m: [31mError: Invalid email or password[39m
[31m    at file:///E:/01.%20My%20Data/CivicCare_Smart_City/backend/src/controllers/authController.js:83:17[39m
2026-01-26 18:09:36:936 [31merror[39m: [31m400 - Category is required - /api/complaints - POST - ::ffff:127.0.0.1[39m
2026-01-26 18:09:36:936 [31merror[39m: [31mError: Category is required[39m
[31m    at validate (E:\01. My Data\CivicCare_Smart_City\backend\src\middleware\validation.js:8:17)[39m
[31m    at Layer.handle [as handle_request] (E:\01. My Data\CivicCare_Smart_City\backend\node_modules\express\lib\router\layer.js:95:5)[39m
[31m    at next (E:\01. My Data\CivicCare_Smart_City\backend\node_modules\express\lib\router\route.js:149:13)[39m
[31m    at middleware (E:\01. My Data\CivicCare_Smart_City\backend\node_modules\express-validator\lib\middlewares\check.js:16:13)[39m
[31m    at processTicksAndRejections (node:internal/process/task_queues:105:5)[39m
2026-02-05 14:12:53:1253 [31merror[39m: [31m401 - Invalid email or password - /api/auth/login - POST - ::1[39m
2026-02-05 14:12:53:1253 [31merror[39m: [31mError: Invalid email or password[39m
[31m    at file:///C:/Users/acer/civiccare-smart-city-portal/backend/src/controllers/authController.js:44:17[39m
[31m    at process.processTicksAndRejections (node:internal/process/task_queues:105:5)[39m
2026-02-05 14:17:26:1726 [31merror[39m: [31m401 - Invalid email or password - /api/auth/login - POST - ::1[39m
2026-02-05 14:17:26:1726 [31merror[39m: [31mError: Invalid email or password[39m
[31m    at file:///C:/Users/acer/civiccare-smart-city-portal/backend/src/controllers/authController.js:44:17[39m
[31m    at process.processTicksAndRejections (node:internal/process/task_queues:105:5)[39m
2026-02-05 14:18:23:1823 [31merror[39m: [31m401 - Invalid email or password - /api/auth/login - POST - ::1[39m
2026-02-05 14:18:23:1823 [31merror[39m: [31mError: Invalid email or password[39m
[31m    at file:///C:/Users/acer/civiccare-smart-city-portal/backend/src/controllers/authController.js:51:17[39m
2026-02-14 11:55:38:5538 [31merror[39m: [31m401 - Invalid email or password - /api/auth/login - POST - ::1[39m
2026-02-14 11:55:38:5538 [31merror[39m: [31mError: Invalid email or password[39m
[31m    at file:///C:/Users/acer/civiccare-smart-city-portal/backend/src/controllers/authController.js:44:17[39m
[31m    at process.processTicksAndRejections (node:internal/process/task_queues:105:5)[39m
2026-02-18 23:41:12:4112 [31merror[39m: [31m401 - Invalid email or password - /api/auth/login - POST - ::1[39m
2026-02-18 23:41:12:4112 [31merror[39m: [31mError: Invalid email or password[39m
[31m    at file:///C:/Users/acer/civiccare-smart-city-portal/backend/src/controllers/authController.js:51:17[39m
2026-02-18 23:57:35:5735 [31merror[39m: [31m401 - Invalid email or password - /api/auth/admin-login - POST - ::1[39m
2026-02-18 23:57:35:5735 [31merror[39m: [31mError: Invalid email or password[39m
[31m    at file:///C:/Users/acer/civiccare-smart-city-portal/backend/src/controllers/authController.js:83:17[39m
2026-02-18 23:59:15:5915 [31merror[39m: [31m401 - Please login to access this route - /api/auth/me - GET - ::1[39m
2026-02-18 23:59:15:5915 [31merror[39m: [31mError: Please login to access this route[39m
[31m    at protect (file:///C:/Users/acer/civiccare-smart-city-portal/backend/src/middleware/auth.js:14:19)[39m
[31m    at Layer.handle [as handle_request] (C:\Users\acer\civiccare-smart-city-portal\backend\node_modules\express\lib\router\layer.js:95:5)[39m
[31m    at next (C:\Users\acer\civiccare-smart-city-portal\backend\node_modules\express\lib\router\route.js:149:13)[39m
[31m    at Route.dispatch (C:\Users\acer\civiccare-smart-city-portal\backend\node_modules\express\lib\router\route.js:119:3)[39m
[31m    at Layer.handle [as handle_request] (C:\Users\acer\civiccare-smart-city-portal\backend\node_modules\express\lib\router\layer.js:95:5)[39m
[31m    at C:\Users\acer\civiccare-smart-city-portal\backend\node_modules\express\lib\router\index.js:284:15[39m
[31m    at Function.process_params (C:\Users\acer\civiccare-smart-city-portal\backend\node_modules\express\lib\router\index.js:346:12)[39m
[31m    at next (C:\Users\acer\civiccare-smart-city-portal\backend\node_modules\express\lib\router\index.js:280:10)[39m
[31m    at Function.handle (C:\Users\acer\civiccare-smart-city-portal\backend\node_modules\express\lib\router\index.js:175:3)[39m
[31m    at router (C:\Users\acer\civiccare-smart-city-portal\backend\node_modules\express\lib\router\index.js:47:12)[39m
2026-02-19 00:18:24:1824 [31merror[39m: [31m400 - Invalid category - /api/admin/complaints/department/WATER - GET - ::1[39m
2026-02-19 00:18:24:1824 [31merror[39m: [31mError: Invalid category[39m
[31m    at file:///C:/Users/acer/civiccare-smart-city-portal/backend/src/controllers/adminController.js:140:17[39m
[31m    at file:///C:/Users/acer/civiccare-smart-city-portal/backend/src/utils/errorUtils.js:5:19[39m
[31m    at Layer.handle [as handle_request] (C:\Users\acer\civiccare-smart-city-portal\backend\node_modules\express\lib\router\layer.js:95:5)[39m
[31m    at next (C:\Users\acer\civiccare-smart-city-portal\backend\node_modules\express\lib\router\route.js:149:13)[39m
[31m    at Route.dispatch (C:\Users\acer\civiccare-smart-city-portal\backend\node_modules\express\lib\router\route.js:119:3)[39m
[31m    at Layer.handle [as handle_request] (C:\Users\acer\civiccare-smart-city-portal\backend\node_modules\express\lib\router\layer.js:95:5)[39m
[31m    at C:\Users\acer\civiccare-smart-city-portal\backend\node_modules\express\lib\router\index.js:284:15[39m
[31m    at param (C:\Users\acer\civiccare-smart-city-portal\backend\node_modules\express\lib\router\index.js:365:14)[39m
[31m    at param (C:\Users\acer\civiccare-smart-city-portal\backend\node_modules\express\lib\router\index.js:376:14)[39m
[31m    at Function.process_params (C:\Users\acer\civiccare-smart-city-portal\backend\node_modules\express\lib\router\index.js:421:3)[39m
2026-02-19 00:18:55:1855 [31merror[39m: [31m403 - Access denied. Admin privileges required. - /api/auth/admin-login - POST - ::1[39m
2026-02-19 00:18:55:1855 [31merror[39m: [31mError: Access denied. Admin privileges required.[39m
[31m    at file:///C:/Users/acer/civiccare-smart-city-portal/backend/src/controllers/authController.js:159:17[39m
[31m    at process.processTicksAndRejections (node:internal/process/task_queues:105:5)[39m
2026-02-19 00:19:17:1917 [31merror[39m: [31m400 - Invalid category - /api/admin/complaints/department/ENVIRONMENT - GET - ::1[39m
2026-02-19 00:19:17:1917 [31merror[39m: [31mError: Invalid category[39m
[31m    at file:///C:/Users/acer/civiccare-smart-city-portal/backend/src/controllers/adminController.js:140:17[39m
[31m    at file:///C:/Users/acer/civiccare-smart-city-portal/backend/src/utils/errorUtils.js:5:19[39m
[31m    at Layer.handle [as handle_request] (C:\Users\acer\civiccare-smart-city-portal\backend\node_modules\express\lib\router\layer.js:95:5)[39m
[31m    at next (C:\Users\acer\civiccare-smart-city-portal\backend\node_modules\express\lib\router\route.js:149:13)[39m
[31m    at Route.dispatch (C:\Users\acer\civiccare-smart-city-portal\backend\node_modules\express\lib\router\route.js:119:3)[39m
[31m    at Layer.handle [as handle_request] (C:\Users\acer\civiccare-smart-city-portal\backend\node_modules\express\lib\router\layer.js:95:5)[39m
[31m    at C:\Users\acer\civiccare-smart-city-portal\backend\node_modules\express\lib\router\index.js:284:15[39m
[31m    at param (C:\Users\acer\civiccare-smart-city-portal\backend\node_modules\express\lib\router\index.js:365:14)[39m
[31m    at param (C:\Users\acer\civiccare-smart-city-portal\backend\node_modules\express\lib\router\index.js:376:14)[39m
[31m    at Function.process_params (C:\Users\acer\civiccare-smart-city-portal\backend\node_modules\express\lib\router\index.js:421:3)[39m
2026-02-19 00:22:21:2221 [31merror[39m: [31m400 - Invalid category - /api/admin/complaints/department/WATER - GET - ::1[39m
2026-02-19 00:22:21:2221 [31merror[39m: [31mError: Invalid category[39m
[31m    at file:///C:/Users/acer/civiccare-smart-city-portal/backend/src/controllers/adminController.js:140:17[39m
[31m    at file:///C:/Users/acer/civiccare-smart-city-portal/backend/src/utils/errorUtils.js:5:19[39m
[31m    at Layer.handle [as handle_request] (C:\Users\acer\civiccare-smart-city-portal\backend\node_modules\express\lib\router\layer.js:95:5)[39m
[31m    at next (C:\Users\acer\civiccare-smart-city-portal\backend\node_modules\express\lib\router\route.js:149:13)[39m
[31m    at Route.dispatch (C:\Users\acer\civiccare-smart-city-portal\backend\node_modules\express\lib\router\route.js:119:3)[39m
[31m    at Layer.handle [as handle_request] (C:\Users\acer\civiccare-smart-city-portal\backend\node_modules\express\lib\router\layer.js:95:5)[39m
[31m    at C:\Users\acer\civiccare-smart-city-portal\backend\node_modules\express\lib\router\index.js:284:15[39m
[31m    at param (C:\Users\acer\civiccare-smart-city-portal\backend\node_modules\express\lib\router\index.js:365:14)[39m
[31m    at param (C:\Users\acer\civiccare-smart-city-portal\backend\node_modules\express\lib\router\index.js:376:14)[39m
[31m    at Function.process_params (C:\Users\acer\civiccare-smart-city-portal\backend\node_modules\express\lib\router\index.js:421:3)[39m
2026-02-19 00:22:54:2254 [31merror[39m: [31m400 - Invalid category - /api/admin/complaints/department/ENVIRONMENT - GET - ::1[39m
2026-02-19 00:22:54:2254 [31merror[39m: [31mError: Invalid category[39m
[31m    at file:///C:/Users/acer/civiccare-smart-city-portal/backend/src/controllers/adminController.js:140:17[39m
[31m    at file:///C:/Users/acer/civiccare-smart-city-portal/backend/src/utils/errorUtils.js:5:19[39m
[31m    at Layer.handle [as handle_request] (C:\Users\acer\civiccare-smart-city-portal\backend\node_modules\express\lib\router\layer.js:95:5)[39m
[31m    at next (C:\Users\acer\civiccare-smart-city-portal\backend\node_modules\express\lib\router\route.js:149:13)[39m
[31m    at Route.dispatch (C:\Users\acer\civiccare-smart-city-portal\backend\node_modules\express\lib\router\route.js:119:3)[39m
[31m    at Layer.handle [as handle_request] (C:\Users\acer\civiccare-smart-city-portal\backend\node_modules\express\lib\router\layer.js:95:5)[39m
[31m    at C:\Users\acer\civiccare-smart-city-portal\backend\node_modules\express\lib\router\index.js:284:15[39m
[31m    at param (C:\Users\acer\civiccare-smart-city-portal\backend\node_modules\express\lib\router\index.js:365:14)[39m
[31m    at param (C:\Users\acer\civiccare-smart-city-portal\backend\node_modules\express\lib\router\index.js:376:14)[39m
[31m    at Function.process_params (C:\Users\acer\civiccare-smart-city-portal\backend\node_modules\express\lib\router\index.js:421:3)[39m
2026-02-19 00:24:25:2425 [31merror[39m: [31m400 - Invalid category - /api/admin/complaints/department/ENVIRONMENT - GET - ::1[39m
2026-02-19 00:24:25:2425 [31merror[39m: [31mError: Invalid category[39m
[31m    at file:///C:/Users/acer/civiccare-smart-city-portal/backend/src/controllers/adminController.js:140:17[39m
[31m    at file:///C:/Users/acer/civiccare-smart-city-portal/backend/src/utils/errorUtils.js:5:19[39m
[31m    at Layer.handle [as handle_request] (C:\Users\acer\civiccare-smart-city-portal\backend\node_modules\express\lib\router\layer.js:95:5)[39m
[31m    at next (C:\Users\acer\civiccare-smart-city-portal\backend\node_modules\express\lib\router\route.js:149:13)[39m
[31m    at Route.dispatch (C:\Users\acer\civiccare-smart-city-portal\backend\node_modules\express\lib\router\route.js:119:3)[39m
[31m    at Layer.handle [as handle_request] (C:\Users\acer\civiccare-smart-city-portal\backend\node_modules\express\lib\router\layer.js:95:5)[39m
[31m    at C:\Users\acer\civiccare-smart-city-portal\backend\node_modules\express\lib\router\index.js:284:15[39m
[31m    at param (C:\Users\acer\civiccare-smart-city-portal\backend\node_modules\express\lib\router\index.js:365:14)[39m
[31m    at param (C:\Users\acer\civiccare-smart-city-portal\backend\node_modules\express\lib\router\index.js:376:14)[39m
[31m    at Function.process_params (C:\Users\acer\civiccare-smart-city-portal\backend\node_modules\express\lib\router\index.js:421:3)[39m
2026-02-19 00:24:25:2425 [31merror[39m: [31m400 - Invalid category - /api/admin/complaints/department/ENVIRONMENT - GET - ::1[39m
2026-02-19 00:24:25:2425 [31merror[39m: [31mError: Invalid category[39m
[31m    at file:///C:/Users/acer/civiccare-smart-city-portal/backend/src/controllers/adminController.js:140:17[39m
[31m    at file:///C:/Users/acer/civiccare-smart-city-portal/backend/src/utils/errorUtils.js:5:19[39m
[31m    at Layer.handle [as handle_request] (C:\Users\acer\civiccare-smart-city-portal\backend\node_modules\express\lib\router\layer.js:95:5)[39m
[31m    at next (C:\Users\acer\civiccare-smart-city-portal\backend\node_modules\express\lib\router\route.js:149:13)[39m
[31m    at Route.dispatch (C:\Users\acer\civiccare-smart-city-portal\backend\node_modules\express\lib\router\route.js:119:3)[39m
[31m    at Layer.handle [as handle_request] (C:\Users\acer\civiccare-smart-city-portal\backend\node_modules\express\lib\router\layer.js:95:5)[39m
[31m    at C:\Users\acer\civiccare-smart-city-portal\backend\node_modules\express\lib\router\index.js:284:15[39m
[31m    at param (C:\Users\acer\civiccare-smart-city-portal\backend\node_modules\express\lib\router\index.js:365:14)[39m
[31m    at param (C:\Users\acer\civiccare-smart-city-portal\backend\node_modules\express\lib\router\index.js:376:14)[39m
[31m    at Function.process_params (C:\Users\acer\civiccare-smart-city-portal\backend\node_modules\express\lib\router\index.js:421:3)[39m
2026-02-19 00:24:40:2440 [31merror[39m: [31m400 - Invalid category - /api/admin/complaints/department/ENVIRONMENT - GET - ::1[39m
2026-02-19 00:24:40:2440 [31merror[39m: [31mError: Invalid category[39m
[31m    at file:///C:/Users/acer/civiccare-smart-city-portal/backend/src/controllers/adminController.js:140:17[39m
[31m    at file:///C:/Users/acer/civiccare-smart-city-portal/backend/src/utils/errorUtils.js:5:19[39m
[31m    at Layer.handle [as handle_request] (C:\Users\acer\civiccare-smart-city-portal\backend\node_modules\express\lib\router\layer.js:95:5)[39m
[31m    at next (C:\Users\acer\civiccare-smart-city-portal\backend\node_modules\express\lib\router\route.js:149:13)[39m
[31m    at Route.dispatch (C:\Users\acer\civiccare-smart-city-portal\backend\node_modules\express\lib\router\route.js:119:3)[39m
[31m    at Layer.handle [as handle_request] (C:\Users\acer\civiccare-smart-city-portal\backend\node_modules\express\lib\router\layer.js:95:5)[39m
[31m    at C:\Users\acer\civiccare-smart-city-portal\backend\node_modules\express\lib\router\index.js:284:15[39m
[31m    at param (C:\Users\acer\civiccare-smart-city-portal\backend\node_modules\express\lib\router\index.js:365:14)[39m
[31m    at param (C:\Users\acer\civiccare-smart-city-portal\backend\node_modules\express\lib\router\index.js:376:14)[39m
[31m    at Function.process_params (C:\Users\acer\civiccare-smart-city-portal\backend\node_modules\express\lib\router\index.js:421:3)[39m
2026-02-19 00:24:40:2440 [31merror[39m: [31m400 - Invalid category - /api/admin/complaints/department/ENVIRONMENT - GET - ::1[39m
2026-02-19 00:24:40:2440 [31merror[39m: [31mError: Invalid category[39m
[31m    at file:///C:/Users/acer/civiccare-smart-city-portal/backend/src/controllers/adminController.js:140:17[39m
[31m    at file:///C:/Users/acer/civiccare-smart-city-portal/backend/src/utils/errorUtils.js:5:19[39m
[31m    at Layer.handle [as handle_request] (C:\Users\acer\civiccare-smart-city-portal\backend\node_modules\express\lib\router\layer.js:95:5)[39m
[31m    at next (C:\Users\acer\civiccare-smart-city-portal\backend\node_modules\express\lib\router\route.js:149:13)[39m
[31m    at Route.dispatch (C:\Users\acer\civiccare-smart-city-portal\backend\node_modules\express\lib\router\route.js:119:3)[39m
[31m    at Layer.handle [as handle_request] (C:\Users\acer\civiccare-smart-city-portal\backend\node_modules\express\lib\router\layer.js:95:5)[39m
[31m    at C:\Users\acer\civiccare-smart-city-portal\backend\node_modules\express\lib\router\index.js:284:15[39m
[31m    at param (C:\Users\acer\civiccare-smart-city-portal\backend\node_modules\express\lib\router\index.js:365:14)[39m
[31m    at param (C:\Users\acer\civiccare-smart-city-portal\backend\node_modules\express\lib\router\index.js:376:14)[39m
[31m    at Function.process_params (C:\Users\acer\civiccare-smart-city-portal\backend\node_modules\express\lib\router\index.js:421:3)[39m
2026-02-19 00:24:57:2457 [31merror[39m: [31m400 - Invalid category - /api/admin/complaints/department/ENVIRONMENT - GET - ::1[39m
2026-02-19 00:24:57:2457 [31merror[39m: [31mError: Invalid category[39m
[31m    at file:///C:/Users/acer/civiccare-smart-city-portal/backend/src/controllers/adminController.js:140:17[39m
[31m    at file:///C:/Users/acer/civiccare-smart-city-portal/backend/src/utils/errorUtils.js:5:19[39m
[31m    at Layer.handle [as handle_request] (C:\Users\acer\civiccare-smart-city-portal\backend\node_modules\express\lib\router\layer.js:95:5)[39m
[31m    at next (C:\Users\acer\civiccare-smart-city-portal\backend\node_modules\express\lib\router\route.js:149:13)[39m
[31m    at Route.dispatch (C:\Users\acer\civiccare-smart-city-portal\backend\node_modules\express\lib\router\route.js:119:3)[39m
[31m    at Layer.handle [as handle_request] (C:\Users\acer\civiccare-smart-city-portal\backend\node_modules\express\lib\router\layer.js:95:5)[39m
[31m    at C:\Users\acer\civiccare-smart-city-portal\backend\node_modules\express\lib\router\index.js:284:15[39m
[31m    at param (C:\Users\acer\civiccare-smart-city-portal\backend\node_modules\express\lib\router\index.js:365:14)[39m
[31m    at param (C:\Users\acer\civiccare-smart-city-portal\backend\node_modules\express\lib\router\index.js:376:14)[39m
[31m    at Function.process_params (C:\Users\acer\civiccare-smart-city-portal\backend\node_modules\express\lib\router\index.js:421:3)[39m
2026-02-19 00:24:57:2457 [31merror[39m: [31m400 - Invalid category - /api/admin/complaints/department/ENVIRONMENT - GET - ::1[39m
2026-02-19 00:24:57:2457 [31merror[39m: [31mError: Invalid category[39m
[31m    at file:///C:/Users/acer/civiccare-smart-city-portal/backend/src/controllers/adminController.js:140:17[39m
[31m    at file:///C:/Users/acer/civiccare-smart-city-portal/backend/src/utils/errorUtils.js:5:19[39m
[31m    at Layer.handle [as handle_request] (C:\Users\acer\civiccare-smart-city-portal\backend\node_modules\express\lib\router\layer.js:95:5)[39m
[31m    at next (C:\Users\acer\civiccare-smart-city-portal\backend\node_modules\express\lib\router\route.js:149:13)[39m
[31m    at Route.dispatch (C:\Users\acer\civiccare-smart-city-portal\backend\node_modules\express\lib\router\route.js:119:3)[39m
[31m    at Layer.handle [as handle_request] (C:\Users\acer\civiccare-smart-city-portal\backend\node_modules\express\lib\router\layer.js:95:5)[39m
[31m    at C:\Users\acer\civiccare-smart-city-portal\backend\node_modules\express\lib\router\index.js:284:15[39m
[31m    at param (C:\Users\acer\civiccare-smart-city-portal\backend\node_modules\express\lib\router\index.js:365:14)[39m
[31m    at param (C:\Users\acer\civiccare-smart-city-portal\backend\node_modules\express\lib\router\index.js:376:14)[39m
[31m    at Function.process_params (C:\Users\acer\civiccare-smart-city-portal\backend\node_modules\express\lib\router\index.js:421:3)[39m
2026-02-19 00:25:07:257 [31merror[39m: [31m400 - Invalid category - /api/admin/complaints/department/WATER - GET - ::1[39m
2026-02-19 00:25:07:257 [31merror[39m: [31mError: Invalid category[39m
[31m    at file:///C:/Users/acer/civiccare-smart-city-portal/backend/src/controllers/adminController.js:140:17[39m
[31m    at file:///C:/Users/acer/civiccare-smart-city-portal/backend/src/utils/errorUtils.js:5:19[39m
[31m    at Layer.handle [as handle_request] (C:\Users\acer\civiccare-smart-city-portal\backend\node_modules\express\lib\router\layer.js:95:5)[39m
[31m    at next (C:\Users\acer\civiccare-smart-city-portal\backend\node_modules\express\lib\router\route.js:149:13)[39m
[31m    at Route.dispatch (C:\Users\acer\civiccare-smart-city-portal\backend\node_modules\express\lib\router\route.js:119:3)[39m
[31m    at Layer.handle [as handle_request] (C:\Users\acer\civiccare-smart-city-portal\backend\node_modules\express\lib\router\layer.js:95:5)[39m
[31m    at C:\Users\acer\civiccare-smart-city-portal\backend\node_modules\express\lib\router\index.js:284:15[39m
[31m    at param (C:\Users\acer\civiccare-smart-city-portal\backend\node_modules\express\lib\router\index.js:365:14)[39m
[31m    at param (C:\Users\acer\civiccare-smart-city-portal\backend\node_modules\express\lib\router\index.js:376:14)[39m
[31m    at Function.process_params (C:\Users\acer\civiccare-smart-city-portal\backend\node_modules\express\lib\router\index.js:421:3)[39m
2026-02-19 00:25:07:257 [31merror[39m: [31m400 - Invalid category - /api/admin/complaints/department/SANITATION - GET - ::1[39m
2026-02-19 00:25:07:257 [31merror[39m: [31mError: Invalid category[39m
[31m    at file:///C:/Users/acer/civiccare-smart-city-portal/backend/src/controllers/adminController.js:140:17[39m
[31m    at file:///C:/Users/acer/civiccare-smart-city-portal/backend/src/utils/errorUtils.js:5:19[39m
[31m    at Layer.handle [as handle_request] (C:\Users\acer\civiccare-smart-city-portal\backend\node_modules\express\lib\router\layer.js:95:5)[39m
[31m    at next (C:\Users\acer\civiccare-smart-city-portal\backend\node_modules\express\lib\router\route.js:149:13)[39m
[31m    at Route.dispatch (C:\Users\acer\civiccare-smart-city-portal\backend\node_modules\express\lib\router\route.js:119:3)[39m
[31m    at Layer.handle [as handle_request] (C:\Users\acer\civiccare-smart-city-portal\backend\node_modules\express\lib\router\layer.js:95:5)[39m
[31m    at C:\Users\acer\civiccare-smart-city-portal\backend\node_modules\express\lib\router\index.js:284:15[39m
[31m    at param (C:\Users\acer\civiccare-smart-city-portal\backend\node_modules\express\lib\router\index.js:365:14)[39m
[31m    at param (C:\Users\acer\civiccare-smart-city-portal\backend\node_modules\express\lib\router\index.js:376:14)[39m
[31m    at Function.process_params (C:\Users\acer\civiccare-smart-city-portal\backend\node_modules\express\lib\router\index.js:421:3)[39m
2026-02-19 00:25:07:257 [31merror[39m: [31m400 - Invalid category - /api/admin/complaints/department/ENVIRONMENT - GET - ::1[39m
2026-02-19 00:25:07:257 [31merror[39m: [31mError: Invalid category[39m
[31m    at file:///C:/Users/acer/civiccare-smart-city-portal/backend/src/controllers/adminController.js:140:17[39m
[31m    at file:///C:/Users/acer/civiccare-smart-city-portal/backend/src/utils/errorUtils.js:5:19[39m
[31m    at Layer.handle [as handle_request] (C:\Users\acer\civiccare-smart-city-portal\backend\node_modules\express\lib\router\layer.js:95:5)[39m
[31m    at next (C:\Users\acer\civiccare-smart-city-portal\backend\node_modules\express\lib\router\route.js:149:13)[39m
[31m    at Route.dispatch (C:\Users\acer\civiccare-smart-city-portal\backend\node_modules\express\lib\router\route.js:119:3)[39m
[31m    at Layer.handle [as handle_request] (C:\Users\acer\civiccare-smart-city-portal\backend\node_modules\express\lib\router\layer.js:95:5)[39m
[31m    at C:\Users\acer\civiccare-smart-city-portal\backend\node_modules\express\lib\router\index.js:284:15[39m
[31m    at param (C:\Users\acer\civiccare-smart-city-portal\backend\node_modules\express\lib\router\index.js:365:14)[39m
[31m    at param (C:\Users\acer\civiccare-smart-city-portal\backend\node_modules\express\lib\router\index.js:376:14)[39m
[31m    at Function.process_params (C:\Users\acer\civiccare-smart-city-portal\backend\node_modules\express\lib\router\index.js:421:3)[39m
2026-02-19 00:44:51:4451 [31merror[39m: [31m403 - Not authorized to access these complaints - /api/complaints/user/undefined - GET - ::1[39m
2026-02-19 00:44:51:4451 [31merror[39m: [31mError: Not authorized to access these complaints[39m
[31m    at file:///C:/Users/acer/civiccare-smart-city-portal/backend/src/controllers/complaintController.js:45:17[39m
[31m    at file:///C:/Users/acer/civiccare-smart-city-portal/backend/src/utils/errorUtils.js:5:19[39m
[31m    at Layer.handle [as handle_request] (C:\Users\acer\civiccare-smart-city-portal\backend\node_modules\express\lib\router\layer.js:95:5)[39m
[31m    at next (C:\Users\acer\civiccare-smart-city-portal\backend\node_modules\express\lib\router\route.js:149:13)[39m
[31m    at protect (file:///C:/Users/acer/civiccare-smart-city-portal/backend/src/middleware/auth.js:29:5)[39m
[31m    at process.processTicksAndRejections (node:internal/process/task_queues:105:5)[39m
2026-02-19 00:44:51:4451 [31merror[39m: [31m403 - Not authorized to access these complaints - /api/complaints/user/undefined - GET - ::1[39m
2026-02-19 00:44:51:4451 [31merror[39m: [31mError: Not authorized to access these complaints[39m
[31m    at file:///C:/Users/acer/civiccare-smart-city-portal/backend/src/controllers/complaintController.js:45:17[39m
[31m    at file:///C:/Users/acer/civiccare-smart-city-portal/backend/src/utils/errorUtils.js:5:19[39m
[31m    at Layer.handle [as handle_request] (C:\Users\acer\civiccare-smart-city-portal\backend\node_modules\express\lib\router\layer.js:95:5)[39m
[31m    at next (C:\Users\acer\civiccare-smart-city-portal\backend\node_modules\express\lib\router\route.js:149:13)[39m
[31m    at protect (file:///C:/Users/acer/civiccare-smart-city-portal/backend/src/middleware/auth.js:29:5)[39m
[31m    at process.processTicksAndRejections (node:internal/process/task_queues:105:5)[39m
2026-02-19 00:46:36:4636 [31merror[39m: [31m403 - Not authorized to access these complaints - /api/complaints/user/undefined - GET - ::1[39m
2026-02-19 00:46:36:4636 [31merror[39m: [31mError: Not authorized to access these complaints[39m
[31m    at file:///C:/Users/acer/civiccare-smart-city-portal/backend/src/controllers/complaintController.js:45:17[39m
[31m    at file:///C:/Users/acer/civiccare-smart-city-portal/backend/src/utils/errorUtils.js:5:19[39m
[31m    at Layer.handle [as handle_request] (C:\Users\acer\civiccare-smart-city-portal\backend\node_modules\express\lib\router\layer.js:95:5)[39m
[31m    at next (C:\Users\acer\civiccare-smart-city-portal\backend\node_modules\express\lib\router\route.js:149:13)[39m
[31m    at protect (file:///C:/Users/acer/civiccare-smart-city-portal/backend/src/middleware/auth.js:29:5)[39m
[31m    at process.processTicksAndRejections (node:internal/process/task_queues:105:5)[39m
2026-02-19 00:46:36:4636 [31merror[39m: [31m403 - Not authorized to access these complaints - /api/complaints/user/undefined - GET - ::1[39m
2026-02-19 00:46:36:4636 [31merror[39m: [31mError: Not authorized to access these complaints[39m
[31m    at file:///C:/Users/acer/civiccare-smart-city-portal/backend/src/controllers/complaintController.js:45:17[39m
[31m    at file:///C:/Users/acer/civiccare-smart-city-portal/backend/src/utils/errorUtils.js:5:19[39m
[31m    at Layer.handle [as handle_request] (C:\Users\acer\civiccare-smart-city-portal\backend\node_modules\express\lib\router\layer.js:95:5)[39m
[31m    at next (C:\Users\acer\civiccare-smart-city-portal\backend\node_modules\express\lib\router\route.js:149:13)[39m
[31m    at protect (file:///C:/Users/acer/civiccare-smart-city-portal/backend/src/middleware/auth.js:29:5)[39m
[31m    at process.processTicksAndRejections (node:internal/process/task_queues:105:5)[39m
2026-02-19 00:46:40:4640 [31merror[39m: [31m403 - Not authorized to access these complaints - /api/complaints/user/undefined - GET - ::1[39m
2026-02-19 00:46:40:4640 [31merror[39m: [31mError: Not authorized to access these complaints[39m
[31m    at file:///C:/Users/acer/civiccare-smart-city-portal/backend/src/controllers/complaintController.js:45:17[39m
[31m    at file:///C:/Users/acer/civiccare-smart-city-portal/backend/src/utils/errorUtils.js:5:19[39m
[31m    at Layer.handle [as handle_request] (C:\Users\acer\civiccare-smart-city-portal\backend\node_modules\express\lib\router\layer.js:95:5)[39m
[31m    at next (C:\Users\acer\civiccare-smart-city-portal\backend\node_modules\express\lib\router\route.js:149:13)[39m
[31m    at protect (file:///C:/Users/acer/civiccare-smart-city-portal/backend/src/middleware/auth.js:29:5)[39m
[31m    at process.processTicksAndRejections (node:internal/process/task_queues:105:5)[39m
2026-02-19 00:46:40:4640 [31merror[39m: [31m403 - Not authorized to access these complaints - /api/complaints/user/undefined - GET - ::1[39m
2026-02-19 00:46:40:4640 [31merror[39m: [31mError: Not authorized to access these complaints[39m
[31m    at file:///C:/Users/acer/civiccare-smart-city-portal/backend/src/controllers/complaintController.js:45:17[39m
[31m    at file:///C:/Users/acer/civiccare-smart-city-portal/backend/src/utils/errorUtils.js:5:19[39m
[31m    at Layer.handle [as handle_request] (C:\Users\acer\civiccare-smart-city-portal\backend\node_modules\express\lib\router\layer.js:95:5)[39m
[31m    at next (C:\Users\acer\civiccare-smart-city-portal\backend\node_modules\express\lib\router\route.js:149:13)[39m
[31m    at protect (file:///C:/Users/acer/civiccare-smart-city-portal/backend/src/middleware/auth.js:29:5)[39m
[31m    at process.processTicksAndRejections (node:internal/process/task_queues:105:5)[39m
2026-02-19 13:44:52:4452 [31merror[39m: [31m403 - Not authorized to access these complaints - /api/complaints/user/undefined - GET - ::1[39m
2026-02-19 13:44:52:4452 [31merror[39m: [31mError: Not authorized to access these complaints[39m
[31m    at file:///C:/Users/acer/civiccare-smart-city-portal/backend/src/controllers/complaintController.js:45:17[39m
[31m    at file:///C:/Users/acer/civiccare-smart-city-portal/backend/src/utils/errorUtils.js:5:19[39m
[31m    at Layer.handle [as handle_request] (C:\Users\acer\civiccare-smart-city-portal\backend\node_modules\express\lib\router\layer.js:95:5)[39m
[31m    at next (C:\Users\acer\civiccare-smart-city-portal\backend\node_modules\express\lib\router\route.js:149:13)[39m
[31m    at protect (file:///C:/Users/acer/civiccare-smart-city-portal/backend/src/middleware/auth.js:29:5)[39m
[31m    at process.processTicksAndRejections (node:internal/process/task_queues:105:5)[39m
2026-02-19 13:44:52:4452 [31merror[39m: [31m403 - Not authorized to access these complaints - /api/complaints/user/undefined - GET - ::1[39m
2026-02-19 13:44:52:4452 [31merror[39m: [31mError: Not authorized to access these complaints[39m
[31m    at file:///C:/Users/acer/civiccare-smart-city-portal/backend/src/controllers/complaintController.js:45:17[39m
[31m    at file:///C:/Users/acer/civiccare-smart-city-portal/backend/src/utils/errorUtils.js:5:19[39m
[31m    at Layer.handle [as handle_request] (C:\Users\acer\civiccare-smart-city-portal\backend\node_modules\express\lib\router\layer.js:95:5)[39m
[31m    at next (C:\Users\acer\civiccare-smart-city-portal\backend\node_modules\express\lib\router\route.js:149:13)[39m
[31m    at protect (file:///C:/Users/acer/civiccare-smart-city-portal/backend/src/middleware/auth.js:29:5)[39m
[31m    at process.processTicksAndRejections (node:internal/process/task_queues:105:5)[39m
2026-02-19 13:45:30:4530 [31merror[39m: [31m403 - Not authorized to access these complaints - /api/complaints/user/undefined - GET - ::1[39m
2026-02-19 13:45:30:4530 [31merror[39m: [31mError: Not authorized to access these complaints[39m
[31m    at file:///C:/Users/acer/civiccare-smart-city-portal/backend/src/controllers/complaintController.js:45:17[39m
[31m    at file:///C:/Users/acer/civiccare-smart-city-portal/backend/src/utils/errorUtils.js:5:19[39m
[31m    at Layer.handle [as handle_request] (C:\Users\acer\civiccare-smart-city-portal\backend\node_modules\express\lib\router\layer.js:95:5)[39m
[31m    at next (C:\Users\acer\civiccare-smart-city-portal\backend\node_modules\express\lib\router\route.js:149:13)[39m
[31m    at protect (file:///C:/Users/acer/civiccare-smart-city-portal/backend/src/middleware/auth.js:29:5)[39m
[31m    at process.processTicksAndRejections (node:internal/process/task_queues:105:5)[39m
2026-02-19 13:45:30:4530 [31merror[39m: [31m403 - Not authorized to access these complaints - /api/complaints/user/undefined - GET - ::1[39m
2026-02-19 13:45:30:4530 [31merror[39m: [31mError: Not authorized to access these complaints[39m
[31m    at file:///C:/Users/acer/civiccare-smart-city-portal/backend/src/controllers/complaintController.js:45:17[39m
[31m    at file:///C:/Users/acer/civiccare-smart-city-portal/backend/src/utils/errorUtils.js:5:19[39m
[31m    at Layer.handle [as handle_request] (C:\Users\acer\civiccare-smart-city-portal\backend\node_modules\express\lib\router\layer.js:95:5)[39m
[31m    at next (C:\Users\acer\civiccare-smart-city-portal\backend\node_modules\express\lib\router\route.js:149:13)[39m
[31m    at protect (file:///C:/Users/acer/civiccare-smart-city-portal/backend/src/middleware/auth.js:29:5)[39m
[31m    at process.processTicksAndRejections (node:internal/process/task_queues:105:5)[39m
2026-02-19 13:50:55:5055 [31merror[39m: [31m403 - Not authorized to access these complaints - /api/complaints/user/undefined - GET - ::1[39m
2026-02-19 13:50:55:5055 [31merror[39m: [31mError: Not authorized to access these complaints[39m
[31m    at file:///C:/Users/acer/civiccare-smart-city-portal/backend/src/controllers/complaintController.js:45:17[39m
[31m    at file:///C:/Users/acer/civiccare-smart-city-portal/backend/src/utils/errorUtils.js:5:19[39m
[31m    at Layer.handle [as handle_request] (C:\Users\acer\civiccare-smart-city-portal\backend\node_modules\express\lib\router\layer.js:95:5)[39m
[31m    at next (C:\Users\acer\civiccare-smart-city-portal\backend\node_modules\express\lib\router\route.js:149:13)[39m
[31m    at protect (file:///C:/Users/acer/civiccare-smart-city-portal/backend/src/middleware/auth.js:29:5)[39m
[31m    at process.processTicksAndRejections (node:internal/process/task_queues:105:5)[39m
2026-02-19 13:50:55:5055 [31merror[39m: [31m403 - Not authorized to access these complaints - /api/complaints/user/undefined - GET - ::1[39m
2026-02-19 13:50:55:5055 [31merror[39m: [31mError: Not authorized to access these complaints[39m
[31m    at file:///C:/Users/acer/civiccare-smart-city-portal/backend/src/controllers/complaintController.js:45:17[39m
[31m    at file:///C:/Users/acer/civiccare-smart-city-portal/backend/src/utils/errorUtils.js:5:19[39m
[31m    at Layer.handle [as handle_request] (C:\Users\acer\civiccare-smart-city-portal\backend\node_modules\express\lib\router\layer.js:95:5)[39m
[31m    at next (C:\Users\acer\civiccare-smart-city-portal\backend\node_modules\express\lib\router\route.js:149:13)[39m
[31m    at protect (file:///C:/Users/acer/civiccare-smart-city-portal/backend/src/middleware/auth.js:29:5)[39m
[31m    at process.processTicksAndRejections (node:internal/process/task_queues:105:5)[39m
2026-02-19 13:51:10:5110 [31merror[39m: [31m403 - Not authorized to access these complaints - /api/complaints/user/undefined?status=ASSIGNED - GET - ::1[39m
2026-02-19 13:51:10:5110 [31merror[39m: [31mError: Not authorized to access these complaints[39m
[31m    at file:///C:/Users/acer/civiccare-smart-city-portal/backend/src/controllers/complaintController.js:45:17[39m
[31m    at file:///C:/Users/acer/civiccare-smart-city-portal/backend/src/utils/errorUtils.js:5:19[39m
[31m    at Layer.handle [as handle_request] (C:\Users\acer\civiccare-smart-city-portal\backend\node_modules\express\lib\router\layer.js:95:5)[39m
[31m    at next (C:\Users\acer\civiccare-smart-city-portal\backend\node_modules\express\lib\router\route.js:149:13)[39m
[31m    at protect (file:///C:/Users/acer/civiccare-smart-city-portal/backend/src/middleware/auth.js:29:5)[39m
[31m    at process.processTicksAndRejections (node:internal/process/task_queues:105:5)[39m
2026-02-22 18:26:04:264 [31merror[39m: [31m403 - Not authorized to access these complaints - /api/complaints/user/undefined - GET - ::1[39m
2026-02-22 18:26:04:264 [31merror[39m: [31mError: Not authorized to access these complaints[39m
[31m    at file:///C:/Users/acer/civiccare-smart-city-portal/backend/src/controllers/complaintController.js:45:17[39m
[31m    at file:///C:/Users/acer/civiccare-smart-city-portal/backend/src/utils/errorUtils.js:5:19[39m
[31m    at Layer.handle [as handle_request] (C:\Users\acer\civiccare-smart-city-portal\backend\node_modules\express\lib\router\layer.js:95:5)[39m
[31m    at next (C:\Users\acer\civiccare-smart-city-portal\backend\node_modules\express\lib\router\route.js:149:13)[39m
[31m    at protect (file:///C:/Users/acer/civiccare-smart-city-portal/backend/src/middleware/auth.js:29:5)[39m
[31m    at process.processTicksAndRejections (node:internal/process/task_queues:105:5)[39m
2026-02-22 18:26:04:264 [31merror[39m: [31m403 - Not authorized to access these complaints - /api/complaints/user/undefined - GET - ::1[39m
2026-02-22 18:26:04:264 [31merror[39m: [31mError: Not authorized to access these complaints[39m
[31m    at file:///C:/Users/acer/civiccare-smart-city-portal/backend/src/controllers/complaintController.js:45:17[39m
[31m    at file:///C:/Users/acer/civiccare-smart-city-portal/backend/src/utils/errorUtils.js:5:19[39m
[31m    at Layer.handle [as handle_request] (C:\Users\acer\civiccare-smart-city-portal\backend\node_modules\express\lib\router\layer.js:95:5)[39m
[31m    at next (C:\Users\acer\civiccare-smart-city-portal\backend\node_modules\express\lib\router\route.js:149:13)[39m
[31m    at protect (file:///C:/Users/acer/civiccare-smart-city-portal/backend/src/middleware/auth.js:29:5)[39m
[31m    at process.processTicksAndRejections (node:internal/process/task_queues:105:5)[39m
2026-02-22 18:27:34:2734 [31merror[39m: [31m403 - Not authorized to access these complaints - /api/complaints/user/undefined - GET - ::1[39m
2026-02-22 18:27:34:2734 [31merror[39m: [31mError: Not authorized to access these complaints[39m
[31m    at file:///C:/Users/acer/civiccare-smart-city-portal/backend/src/controllers/complaintController.js:45:17[39m
[31m    at file:///C:/Users/acer/civiccare-smart-city-portal/backend/src/utils/errorUtils.js:5:19[39m
[31m    at Layer.handle [as handle_request] (C:\Users\acer\civiccare-smart-city-portal\backend\node_modules\express\lib\router\layer.js:95:5)[39m
[31m    at next (C:\Users\acer\civiccare-smart-city-portal\backend\node_modules\express\lib\router\route.js:149:13)[39m
[31m    at protect (file:///C:/Users/acer/civiccare-smart-city-portal/backend/src/middleware/auth.js:29:5)[39m
[31m    at process.processTicksAndRejections (node:internal/process/task_queues:105:5)[39m
2026-02-22 18:27:34:2734 [31merror[39m: [31m403 - Not authorized to access these complaints - /api/complaints/user/undefined - GET - ::1[39m
2026-02-22 18:27:34:2734 [31merror[39m: [31mError: Not authorized to access these complaints[39m
[31m    at file:///C:/Users/acer/civiccare-smart-city-portal/backend/src/controllers/complaintController.js:45:17[39m
[31m    at file:///C:/Users/acer/civiccare-smart-city-portal/backend/src/utils/errorUtils.js:5:19[39m
[31m    at Layer.handle [as handle_request] (C:\Users\acer\civiccare-smart-city-portal\backend\node_modules\express\lib\router\layer.js:95:5)[39m
[31m    at next (C:\Users\acer\civiccare-smart-city-portal\backend\node_modules\express\lib\router\route.js:149:13)[39m
[31m    at protect (file:///C:/Users/acer/civiccare-smart-city-portal/backend/src/middleware/auth.js:29:5)[39m
[31m    at process.processTicksAndRejections (node:internal/process/task_queues:105:5)[39m
2026-02-22 18:29:33:2933 [31merror[39m: [31m403 - Not authorized to access these complaints - /api/complaints/user/undefined - GET - ::1[39m
2026-02-22 18:29:33:2933 [31merror[39m: [31mError: Not authorized to access these complaints[39m
[31m    at file:///C:/Users/acer/civiccare-smart-city-portal/backend/src/controllers/complaintController.js:45:17[39m
[31m    at file:///C:/Users/acer/civiccare-smart-city-portal/backend/src/utils/errorUtils.js:5:19[39m
[31m    at Layer.handle [as handle_request] (C:\Users\acer\civiccare-smart-city-portal\backend\node_modules\express\lib\router\layer.js:95:5)[39m
[31m    at next (C:\Users\acer\civiccare-smart-city-portal\backend\node_modules\express\lib\router\route.js:149:13)[39m
[31m    at protect (file:///C:/Users/acer/civiccare-smart-city-portal/backend/src/middleware/auth.js:29:5)[39m
[31m    at process.processTicksAndRejections (node:internal/process/task_queues:105:5)[39m
2026-02-22 18:29:33:2933 [31merror[39m: [31m403 - Not authorized to access these complaints - /api/complaints/user/undefined - GET - ::1[39m
2026-02-22 18:29:33:2933 [31merror[39m: [31mError: Not authorized to access these complaints[39m
[31m    at file:///C:/Users/acer/civiccare-smart-city-portal/backend/src/controllers/complaintController.js:45:17[39m
[31m    at file:///C:/Users/acer/civiccare-smart-city-portal/backend/src/utils/errorUtils.js:5:19[39m
[31m    at Layer.handle [as handle_request] (C:\Users\acer\civiccare-smart-city-portal\backend\node_modules\express\lib\router\layer.js:95:5)[39m
[31m    at next (C:\Users\acer\civiccare-smart-city-portal\backend\node_modules\express\lib\router\route.js:149:13)[39m
[31m    at protect (file:///C:/Users/acer/civiccare-smart-city-portal/backend/src/middleware/auth.js:29:5)[39m
[31m    at process.processTicksAndRejections (node:internal/process/task_queues:105:5)[39m
2026-02-22 18:30:49:3049 [31merror[39m: [31m403 - Not authorized to access these complaints - /api/complaints/user/undefined - GET - ::1[39m
2026-02-22 18:30:49:3049 [31merror[39m: [31mError: Not authorized to access these complaints[39m
[31m    at file:///C:/Users/acer/civiccare-smart-city-portal/backend/src/controllers/complaintController.js:45:17[39m
[31m    at file:///C:/Users/acer/civiccare-smart-city-portal/backend/src/utils/errorUtils.js:5:19[39m
[31m    at Layer.handle [as handle_request] (C:\Users\acer\civiccare-smart-city-portal\backend\node_modules\express\lib\router\layer.js:95:5)[39m
[31m    at next (C:\Users\acer\civiccare-smart-city-portal\backend\node_modules\express\lib\router\route.js:149:13)[39m
[31m    at protect (file:///C:/Users/acer/civiccare-smart-city-portal/backend/src/middleware/auth.js:29:5)[39m
[31m    at process.processTicksAndRejections (node:internal/process/task_queues:105:5)[39m
2026-02-22 18:30:49:3049 [31merror[39m: [31m403 - Not authorized to access these complaints - /api/complaints/user/undefined - GET - ::1[39m
2026-02-22 18:30:49:3049 [31merror[39m: [31mError: Not authorized to access these complaints[39m
[31m    at file:///C:/Users/acer/civiccare-smart-city-portal/backend/src/controllers/complaintController.js:45:17[39m
[31m    at file:///C:/Users/acer/civiccare-smart-city-portal/backend/src/utils/errorUtils.js:5:19[39m
[31m    at Layer.handle [as handle_request] (C:\Users\acer\civiccare-smart-city-portal\backend\node_modules\express\lib\router\layer.js:95:5)[39m
[31m    at next (C:\Users\acer\civiccare-smart-city-portal\backend\node_modules\express\lib\router\route.js:149:13)[39m
[31m    at protect (file:///C:/Users/acer/civiccare-smart-city-portal/backend/src/middleware/auth.js:29:5)[39m
[31m    at process.processTicksAndRejections (node:internal/process/task_queues:105:5)[39m
2026-02-22 18:30:58:3058 [31merror[39m: [31m403 - Not authorized to access these complaints - /api/complaints/user/undefined - GET - ::1[39m
2026-02-22 18:30:58:3058 [31merror[39m: [31mError: Not authorized to access these complaints[39m
[31m    at file:///C:/Users/acer/civiccare-smart-city-portal/backend/src/controllers/complaintController.js:45:17[39m
[31m    at file:///C:/Users/acer/civiccare-smart-city-portal/backend/src/utils/errorUtils.js:5:19[39m
[31m    at Layer.handle [as handle_request] (C:\Users\acer\civiccare-smart-city-portal\backend\node_modules\express\lib\router\layer.js:95:5)[39m
[31m    at next (C:\Users\acer\civiccare-smart-city-portal\backend\node_modules\express\lib\router\route.js:149:13)[39m
[31m    at protect (file:///C:/Users/acer/civiccare-smart-city-portal/backend/src/middleware/auth.js:29:5)[39m
[31m    at process.processTicksAndRejections (node:internal/process/task_queues:105:5)[39m
2026-02-22 18:30:58:3058 [31merror[39m: [31m403 - Not authorized to access these complaints - /api/complaints/user/undefined - GET - ::1[39m
2026-02-22 18:30:58:3058 [31merror[39m: [31mError: Not authorized to access these complaints[39m
[31m    at file:///C:/Users/acer/civiccare-smart-city-portal/backend/src/controllers/complaintController.js:45:17[39m
[31m    at file:///C:/Users/acer/civiccare-smart-city-portal/backend/src/utils/errorUtils.js:5:19[39m
[31m    at Layer.handle [as handle_request] (C:\Users\acer\civiccare-smart-city-portal\backend\node_modules\express\lib\router\layer.js:95:5)[39m
[31m    at next (C:\Users\acer\civiccare-smart-city-portal\backend\node_modules\express\lib\router\route.js:149:13)[39m
[31m    at protect (file:///C:/Users/acer/civiccare-smart-city-portal/backend/src/middleware/auth.js:29:5)[39m
[31m    at process.processTicksAndRejections (node:internal/process/task_queues:105:5)[39m
2026-02-22 18:42:22:4222 [31merror[39m: [31m403 - Access denied. Admin privileges required. - /api/auth/admin-login - POST - ::1[39m
2026-02-22 18:42:22:4222 [31merror[39m: [31mError: Access denied. Admin privileges required.[39m
[31m    at file:///C:/Users/acer/civiccare-smart-city-portal/backend/src/controllers/authController.js:159:17[39m
[31m    at process.processTicksAndRejections (node:internal/process/task_queues:105:5)[39m
2026-02-22 19:00:59:059 [31merror[39m: [31m500 - Schema hasn't been registered for model "Team".[39m
[31mUse mongoose.model(name, schema) - /api/complaints/user/69901574ca612f86ba796f6f - GET - ::1[39m
2026-02-22 19:00:59:059 [31merror[39m: [31mMissingSchemaError: Schema hasn't been registered for model "Team".[39m
[31mUse mongoose.model(name, schema)[39m
[31m    at NativeConnection.model (C:\Users\acer\civiccare-smart-city-portal\backend\node_modules\mongoose\lib\connection.js:1497:13)[39m
[31m    at _getModelFromConn (C:\Users\acer\civiccare-smart-city-portal\backend\node_modules\mongoose\lib\helpers\populate\getModelsMapForPopulate.js:579:15)[39m
[31m    at addModelNamesToMap (C:\Users\acer\civiccare-smart-city-portal\backend\node_modules\mongoose\lib\helpers\populate\getModelsMapForPopulate.js:507:17)[39m
[31m    at getModelsMapForPopulate (C:\Users\acer\civiccare-smart-city-portal\backend\node_modules\mongoose\lib\helpers\populate\getModelsMapForPopulate.js:208:7)[39m
[31m    at _populatePath (C:\Users\acer\civiccare-smart-city-portal\backend\node_modules\mongoose\lib\model.js:4491:21)[39m
[31m    at Function.populate (C:\Users\acer\civiccare-smart-city-portal\backend\node_modules\mongoose\lib\model.js:4458:21)[39m
[31m    at model.Query._find (C:\Users\acer\civiccare-smart-city-portal\backend\node_modules\mongoose\lib\query.js:2456:20)[39m
[31m    at process.processTicksAndRejections (node:internal/process/task_queues:105:5)[39m
[31m    at async model.Query.exec (C:\Users\acer\civiccare-smart-city-portal\backend\node_modules\mongoose\lib\query.js:4627:63)[39m
[31m    at async file:///C:/Users/acer/civiccare-smart-city-portal/backend/src/controllers/complaintController.js:60:22[39m
2026-02-22 19:00:59:059 [31merror[39m: [31m500 - Schema hasn't been registered for model "Team".[39m
[31mUse mongoose.model(name, schema) - /api/complaints/user/69901574ca612f86ba796f6f - GET - ::1[39m
2026-02-22 19:00:59:059 [31merror[39m: [31mMissingSchemaError: Schema hasn't been registered for model "Team".[39m
[31mUse mongoose.model(name, schema)[39m
[31m    at NativeConnection.model (C:\Users\acer\civiccare-smart-city-portal\backend\node_modules\mongoose\lib\connection.js:1497:13)[39m
[31m    at _getModelFromConn (C:\Users\acer\civiccare-smart-city-portal\backend\node_modules\mongoose\lib\helpers\populate\getModelsMapForPopulate.js:579:15)[39m
[31m    at addModelNamesToMap (C:\Users\acer\civiccare-smart-city-portal\backend\node_modules\mongoose\lib\helpers\populate\getModelsMapForPopulate.js:507:17)[39m
[31m    at getModelsMapForPopulate (C:\Users\acer\civiccare-smart-city-portal\backend\node_modules\mongoose\lib\helpers\populate\getModelsMapForPopulate.js:208:7)[39m
[31m    at _populatePath (C:\Users\acer\civiccare-smart-city-portal\backend\node_modules\mongoose\lib\model.js:4491:21)[39m
[31m    at Function.populate (C:\Users\acer\civiccare-smart-city-portal\backend\node_modules\mongoose\lib\model.js:4458:21)[39m
[31m    at model.Query._find (C:\Users\acer\civiccare-smart-city-portal\backend\node_modules\mongoose\lib\query.js:2456:20)[39m
[31m    at process.processTicksAndRejections (node:internal/process/task_queues:105:5)[39m
[31m    at async model.Query.exec (C:\Users\acer\civiccare-smart-city-portal\backend\node_modules\mongoose\lib\query.js:4627:63)[39m
[31m    at async file:///C:/Users/acer/civiccare-smart-city-portal/backend/src/controllers/complaintController.js:60:22[39m
2026-02-22 19:01:38:138 [31merror[39m: [31m500 - Schema hasn't been registered for model "Team".[39m
[31mUse mongoose.model(name, schema) - /api/complaints/user/69901574ca612f86ba796f6f - GET - ::1[39m
2026-02-22 19:01:38:138 [31merror[39m: [31mMissingSchemaError: Schema hasn't been registered for model "Team".[39m
[31mUse mongoose.model(name, schema)[39m
[31m    at NativeConnection.model (C:\Users\acer\civiccare-smart-city-portal\backend\node_modules\mongoose\lib\connection.js:1497:13)[39m
[31m    at _getModelFromConn (C:\Users\acer\civiccare-smart-city-portal\backend\node_modules\mongoose\lib\helpers\populate\getModelsMapForPopulate.js:579:15)[39m
[31m    at addModelNamesToMap (C:\Users\acer\civiccare-smart-city-portal\backend\node_modules\mongoose\lib\helpers\populate\getModelsMapForPopulate.js:507:17)[39m
[31m    at getModelsMapForPopulate (C:\Users\acer\civiccare-smart-city-portal\backend\node_modules\mongoose\lib\helpers\populate\getModelsMapForPopulate.js:208:7)[39m
[31m    at _populatePath (C:\Users\acer\civiccare-smart-city-portal\backend\node_modules\mongoose\lib\model.js:4491:21)[39m
[31m    at Function.populate (C:\Users\acer\civiccare-smart-city-portal\backend\node_modules\mongoose\lib\model.js:4458:21)[39m
[31m    at model.Query._find (C:\Users\acer\civiccare-smart-city-portal\backend\node_modules\mongoose\lib\query.js:2456:20)[39m
[31m    at process.processTicksAndRejections (node:internal/process/task_queues:105:5)[39m
[31m    at async model.Query.exec (C:\Users\acer\civiccare-smart-city-portal\backend\node_modules\mongoose\lib\query.js:4627:63)[39m
[31m    at async file:///C:/Users/acer/civiccare-smart-city-portal/backend/src/controllers/complaintController.js:60:22[39m
2026-02-22 19:01:38:138 [31merror[39m: [31m500 - Schema hasn't been registered for model "Team".[39m
[31mUse mongoose.model(name, schema) - /api/complaints/user/69901574ca612f86ba796f6f - GET - ::1[39m
2026-02-22 19:01:38:138 [31merror[39m: [31mMissingSchemaError: Schema hasn't been registered for model "Team".[39m
[31mUse mongoose.model(name, schema)[39m
[31m    at NativeConnection.model (C:\Users\acer\civiccare-smart-city-portal\backend\node_modules\mongoose\lib\connection.js:1497:13)[39m
[31m    at _getModelFromConn (C:\Users\acer\civiccare-smart-city-portal\backend\node_modules\mongoose\lib\helpers\populate\getModelsMapForPopulate.js:579:15)[39m
[31m    at addModelNamesToMap (C:\Users\acer\civiccare-smart-city-portal\backend\node_modules\mongoose\lib\helpers\populate\getModelsMapForPopulate.js:507:17)[39m
[31m    at getModelsMapForPopulate (C:\Users\acer\civiccare-smart-city-portal\backend\node_modules\mongoose\lib\helpers\populate\getModelsMapForPopulate.js:208:7)[39m
[31m    at _populatePath (C:\Users\acer\civiccare-smart-city-portal\backend\node_modules\mongoose\lib\model.js:4491:21)[39m
[31m    at Function.populate (C:\Users\acer\civiccare-smart-city-portal\backend\node_modules\mongoose\lib\model.js:4458:21)[39m
[31m    at model.Query._find (C:\Users\acer\civiccare-smart-city-portal\backend\node_modules\mongoose\lib\query.js:2456:20)[39m
[31m    at process.processTicksAndRejections (node:internal/process/task_queues:105:5)[39m
[31m    at async model.Query.exec (C:\Users\acer\civiccare-smart-city-portal\backend\node_modules\mongoose\lib\query.js:4627:63)[39m
[31m    at async file:///C:/Users/acer/civiccare-smart-city-portal/backend/src/controllers/complaintController.js:60:22[39m
2026-02-22 19:07:47:747 [31merror[39m: [31m401 - Invalid email or password - /api/auth/login - POST - ::1[39m
2026-02-22 19:07:47:747 [31merror[39m: [31mError: Invalid email or password[39m
[31m    at file:///C:/Users/acer/civiccare-smart-city-portal/backend/src/controllers/authController.js:89:17[39m
[31m    at process.processTicksAndRejections (node:internal/process/task_queues:105:5)[39m
2026-02-22 19:11:09:119 [31merror[39m: [31m500 - Complaint validation failed: title: Please provide complaint title - /api/complaints - POST - ::1[39m
2026-02-22 19:11:09:119 [31merror[39m: [31mValidationError: Complaint validation failed: title: Please provide complaint title[39m
[31m    at Document.invalidate (C:\Users\acer\civiccare-smart-city-portal\backend\node_modules\mongoose\lib\document.js:3373:32)[39m
[31m    at C:\Users\acer\civiccare-smart-city-portal\backend\node_modules\mongoose\lib\document.js:3134:17[39m
[31m    at C:\Users\acer\civiccare-smart-city-portal\backend\node_modules\mongoose\lib\schemaType.js:1446:9[39m
[31m    at process.processTicksAndRejections (node:internal/process/task_queues:85:11)[39m
2026-02-22 19:11:12:1112 [31merror[39m: [31m500 - Complaint validation failed: title: Please provide complaint title - /api/complaints - POST - ::1[39m
2026-02-22 19:11:12:1112 [31merror[39m: [31mValidationError: Complaint validation failed: title: Please provide complaint title[39m
[31m    at Document.invalidate (C:\Users\acer\civiccare-smart-city-portal\backend\node_modules\mongoose\lib\document.js:3373:32)[39m
[31m    at C:\Users\acer\civiccare-smart-city-portal\backend\node_modules\mongoose\lib\document.js:3134:17[39m
[31m    at C:\Users\acer\civiccare-smart-city-portal\backend\node_modules\mongoose\lib\schemaType.js:1446:9[39m
[31m    at process.processTicksAndRejections (node:internal/process/task_queues:85:11)[39m
2026-02-22 19:11:44:1144 [31merror[39m: [31m500 - Complaint validation failed: title: Please provide complaint title - /api/complaints - POST - ::1[39m
2026-02-22 19:11:44:1144 [31merror[39m: [31mValidationError: Complaint validation failed: title: Please provide complaint title[39m
[31m    at Document.invalidate (C:\Users\acer\civiccare-smart-city-portal\backend\node_modules\mongoose\lib\document.js:3373:32)[39m
[31m    at C:\Users\acer\civiccare-smart-city-portal\backend\node_modules\mongoose\lib\document.js:3134:17[39m
[31m    at C:\Users\acer\civiccare-smart-city-portal\backend\node_modules\mongoose\lib\schemaType.js:1446:9[39m
[31m    at process.processTicksAndRejections (node:internal/process/task_queues:85:11)[39m
2026-02-22 19:13:03:133 [31merror[39m: [31m500 - Complaint validation failed: title: Please provide complaint title - /api/complaints - POST - ::1[39m
2026-02-22 19:13:03:133 [31merror[39m: [31mValidationError: Complaint validation failed: title: Please provide complaint title[39m
[31m    at Document.invalidate (C:\Users\acer\civiccare-smart-city-portal\backend\node_modules\mongoose\lib\document.js:3373:32)[39m
[31m    at C:\Users\acer\civiccare-smart-city-portal\backend\node_modules\mongoose\lib\document.js:3134:17[39m
[31m    at C:\Users\acer\civiccare-smart-city-portal\backend\node_modules\mongoose\lib\schemaType.js:1446:9[39m
[31m    at process.processTicksAndRejections (node:internal/process/task_queues:85:11)[39m
2026-02-22 19:21:54:2154 [31merror[39m: [31m500 - Complaint validation failed: remarks: Cast to embedded failed for value "bhjbkm" (type string) at path "remarks" because of "ObjectParameterError", title: Please provide complaint title - /api/admin/assign-team - POST - ::1[39m
2026-02-22 19:21:54:2154 [31merror[39m: [31mValidationError: Complaint validation failed: remarks: Cast to embedded failed for value "bhjbkm" (type string) at path "remarks" because of "ObjectParameterError", title: Please provide complaint title[39m
[31m    at Document.invalidate (C:\Users\acer\civiccare-smart-city-portal\backend\node_modules\mongoose\lib\document.js:3373:32)[39m
[31m    at model.$set (C:\Users\acer\civiccare-smart-city-portal\backend\node_modules\mongoose\lib\document.js:1490:12)[39m
[31m    at model.set [as remarks] (C:\Users\acer\civiccare-smart-city-portal\backend\node_modules\mongoose\lib\helpers\document\compile.js:205:19)[39m
[31m    at file:///C:/Users/acer/civiccare-smart-city-portal/backend/src/controllers/adminController.js:29:21[39m
[31m    at process.processTicksAndRejections (node:internal/process/task_queues:105:5)[39m
2026-02-22 19:21:56:2156 [31merror[39m: [31m500 - Complaint validation failed: remarks: Cast to embedded failed for value "bhjbkm" (type string) at path "remarks" because of "ObjectParameterError", title: Please provide complaint title - /api/admin/assign-team - POST - ::1[39m
2026-02-22 19:21:56:2156 [31merror[39m: [31mValidationError: Complaint validation failed: remarks: Cast to embedded failed for value "bhjbkm" (type string) at path "remarks" because of "ObjectParameterError", title: Please provide complaint title[39m
[31m    at Document.invalidate (C:\Users\acer\civiccare-smart-city-portal\backend\node_modules\mongoose\lib\document.js:3373:32)[39m
[31m    at model.$set (C:\Users\acer\civiccare-smart-city-portal\backend\node_modules\mongoose\lib\document.js:1490:12)[39m
[31m    at model.set [as remarks] (C:\Users\acer\civiccare-smart-city-portal\backend\node_modules\mongoose\lib\helpers\document\compile.js:205:19)[39m
[31m    at file:///C:/Users/acer/civiccare-smart-city-portal/backend/src/controllers/adminController.js:29:21[39m
[31m    at process.processTicksAndRejections (node:internal/process/task_queues:105:5)[39m
2026-02-22 19:21:58:2158 [31merror[39m: [31m500 - Complaint validation failed: remarks: Cast to embedded failed for value "bhjbkm" (type string) at path "remarks" because of "ObjectParameterError", title: Please provide complaint title - /api/admin/assign-team - POST - ::1[39m
2026-02-22 19:21:58:2158 [31merror[39m: [31mValidationError: Complaint validation failed: remarks: Cast to embedded failed for value "bhjbkm" (type string) at path "remarks" because of "ObjectParameterError", title: Please provide complaint title[39m
[31m    at Document.invalidate (C:\Users\acer\civiccare-smart-city-portal\backend\node_modules\mongoose\lib\document.js:3373:32)[39m
[31m    at model.$set (C:\Users\acer\civiccare-smart-city-portal\backend\node_modules\mongoose\lib\document.js:1490:12)[39m
[31m    at model.set [as remarks] (C:\Users\acer\civiccare-smart-city-portal\backend\node_modules\mongoose\lib\helpers\document\compile.js:205:19)[39m
[31m    at file:///C:/Users/acer/civiccare-smart-city-portal/backend/src/controllers/adminController.js:29:21[39m
[31m    at process.processTicksAndRejections (node:internal/process/task_queues:105:5)[39m
2026-02-22 19:22:00:220 [31merror[39m: [31m500 - Complaint validation failed: remarks: Cast to embedded failed for value "bhjbkm" (type string) at path "remarks" because of "ObjectParameterError", title: Please provide complaint title - /api/admin/assign-team - POST - ::1[39m
2026-02-22 19:22:00:220 [31merror[39m: [31mValidationError: Complaint validation failed: remarks: Cast to embedded failed for value "bhjbkm" (type string) at path "remarks" because of "ObjectParameterError", title: Please provide complaint title[39m
[31m    at Document.invalidate (C:\Users\acer\civiccare-smart-city-portal\backend\node_modules\mongoose\lib\document.js:3373:32)[39m
[31m    at model.$set (C:\Users\acer\civiccare-smart-city-portal\backend\node_modules\mongoose\lib\document.js:1490:12)[39m
[31m    at model.set [as remarks] (C:\Users\acer\civiccare-smart-city-portal\backend\node_modules\mongoose\lib\helpers\document\compile.js:205:19)[39m
[31m    at file:///C:/Users/acer/civiccare-smart-city-portal/backend/src/controllers/adminController.js:29:21[39m
[31m    at process.processTicksAndRejections (node:internal/process/task_queues:105:5)[39m
2026-02-22 19:22:00:220 [31merror[39m: [31m500 - Complaint validation failed: remarks: Cast to embedded failed for value "bhjbkm" (type string) at path "remarks" because of "ObjectParameterError", title: Please provide complaint title - /api/admin/assign-team - POST - ::1[39m
2026-02-22 19:22:00:220 [31merror[39m: [31mValidationError: Complaint validation failed: remarks: Cast to embedded failed for value "bhjbkm" (type string) at path "remarks" because of "ObjectParameterError", title: Please provide complaint title[39m
[31m    at Document.invalidate (C:\Users\acer\civiccare-smart-city-portal\backend\node_modules\mongoose\lib\document.js:3373:32)[39m
[31m    at model.$set (C:\Users\acer\civiccare-smart-city-portal\backend\node_modules\mongoose\lib\document.js:1490:12)[39m
[31m    at model.set [as remarks] (C:\Users\acer\civiccare-smart-city-portal\backend\node_modules\mongoose\lib\helpers\document\compile.js:205:19)[39m
[31m    at file:///C:/Users/acer/civiccare-smart-city-portal/backend/src/controllers/adminController.js:29:21[39m
[31m    at process.processTicksAndRejections (node:internal/process/task_queues:105:5)[39m
2026-02-22 19:32:11:3211 [31merror[39m: [31m500 - Complaint validation failed: remarks: Cast to embedded failed for value "jbhkj" (type string) at path "remarks" because of "ObjectParameterError", title: Please provide complaint title - /api/admin/assign-team - POST - ::1[39m
2026-02-22 19:32:11:3211 [31merror[39m: [31mValidationError: Complaint validation failed: remarks: Cast to embedded failed for value "jbhkj" (type string) at path "remarks" because of "ObjectParameterError", title: Please provide complaint title[39m
[31m    at Document.invalidate (C:\Users\acer\civiccare-smart-city-portal\backend\node_modules\mongoose\lib\document.js:3373:32)[39m
[31m    at model.$set (C:\Users\acer\civiccare-smart-city-portal\backend\node_modules\mongoose\lib\document.js:1490:12)[39m
[31m    at model.set [as remarks] (C:\Users\acer\civiccare-smart-city-portal\backend\node_modules\mongoose\lib\helpers\document\compile.js:205:19)[39m
[31m    at file:///C:/Users/acer/civiccare-smart-city-portal/backend/src/controllers/adminController.js:28:21[39m
[31m    at process.processTicksAndRejections (node:internal/process/task_queues:105:5)[39m
2026-02-22 19:32:12:3212 [31merror[39m: [31m500 - Complaint validation failed: remarks: Cast to embedded failed for value "jbhkj" (type string) at path "remarks" because of "ObjectParameterError", title: Please provide complaint title - /api/admin/assign-team - POST - ::1[39m
2026-02-22 19:32:12:3212 [31merror[39m: [31mValidationError: Complaint validation failed: remarks: Cast to embedded failed for value "jbhkj" (type string) at path "remarks" because of "ObjectParameterError", title: Please provide complaint title[39m
[31m    at Document.invalidate (C:\Users\acer\civiccare-smart-city-portal\backend\node_modules\mongoose\lib\document.js:3373:32)[39m
[31m    at model.$set (C:\Users\acer\civiccare-smart-city-portal\backend\node_modules\mongoose\lib\document.js:1490:12)[39m
[31m    at model.set [as remarks] (C:\Users\acer\civiccare-smart-city-portal\backend\node_modules\mongoose\lib\helpers\document\compile.js:205:19)[39m
[31m    at file:///C:/Users/acer/civiccare-smart-city-portal/backend/src/controllers/adminController.js:28:21[39m
[31m    at process.processTicksAndRejections (node:internal/process/task_queues:105:5)[39m
2026-02-22 19:32:12:3212 [31merror[39m: [31m500 - Complaint validation failed: remarks: Cast to embedded failed for value "jbhkj" (type string) at path "remarks" because of "ObjectParameterError", title: Please provide complaint title - /api/admin/assign-team - POST - ::1[39m
2026-02-22 19:32:12:3212 [31merror[39m: [31mValidationError: Complaint validation failed: remarks: Cast to embedded failed for value "jbhkj" (type string) at path "remarks" because of "ObjectParameterError", title: Please provide complaint title[39m
[31m    at Document.invalidate (C:\Users\acer\civiccare-smart-city-portal\backend\node_modules\mongoose\lib\document.js:3373:32)[39m
[31m    at model.$set (C:\Users\acer\civiccare-smart-city-portal\backend\node_modules\mongoose\lib\document.js:1490:12)[39m
[31m    at model.set [as remarks] (C:\Users\acer\civiccare-smart-city-portal\backend\node_modules\mongoose\lib\helpers\document\compile.js:205:19)[39m
[31m    at file:///C:/Users/acer/civiccare-smart-city-portal/backend/src/controllers/adminController.js:28:21[39m
[31m    at process.processTicksAndRejections (node:internal/process/task_queues:105:5)[39m
2026-02-22 19:32:12:3212 [31merror[39m: [31m500 - Complaint validation failed: remarks: Cast to embedded failed for value "jbhkj" (type string) at path "remarks" because of "ObjectParameterError", title: Please provide complaint title - /api/admin/assign-team - POST - ::1[39m
2026-02-22 19:32:12:3212 [31merror[39m: [31mValidationError: Complaint validation failed: remarks: Cast to embedded failed for value "jbhkj" (type string) at path "remarks" because of "ObjectParameterError", title: Please provide complaint title[39m
[31m    at Document.invalidate (C:\Users\acer\civiccare-smart-city-portal\backend\node_modules\mongoose\lib\document.js:3373:32)[39m
[31m    at model.$set (C:\Users\acer\civiccare-smart-city-portal\backend\node_modules\mongoose\lib\document.js:1490:12)[39m
[31m    at model.set [as remarks] (C:\Users\acer\civiccare-smart-city-portal\backend\node_modules\mongoose\lib\helpers\document\compile.js:205:19)[39m
[31m    at file:///C:/Users/acer/civiccare-smart-city-portal/backend/src/controllers/adminController.js:28:21[39m
[31m    at process.processTicksAndRejections (node:internal/process/task_queues:105:5)[39m
2026-02-22 19:42:43:4243 [31merror[39m: [31m401 - Invalid email or password - /api/auth/supervisor-login - POST - ::1[39m
2026-02-22 19:42:43:4243 [31merror[39m: [31mError: Invalid email or password[39m
[31m    at file:///C:/Users/acer/civiccare-smart-city-portal/backend/src/controllers/authController.js:214:17[39m
[31m    at process.processTicksAndRejections (node:internal/process/task_queues:105:5)[39m
2026-02-23 00:35:39:3539 [31merror[39m: [31m500 - Complaint validation failed: remarks: Cast to embedded failed for value "nmdnskd" (type string) at path "remarks" because of "ObjectParameterError" - /api/admin/assign-team - POST - ::1[39m
2026-02-23 00:35:39:3539 [31merror[39m: [31mValidationError: Complaint validation failed: remarks: Cast to embedded failed for value "nmdnskd" (type string) at path "remarks" because of "ObjectParameterError"[39m
[31m    at Document.invalidate (C:\Users\acer\civiccare-smart-city-portal\backend\node_modules\mongoose\lib\document.js:3373:32)[39m
[31m    at model.$set (C:\Users\acer\civiccare-smart-city-portal\backend\node_modules\mongoose\lib\document.js:1490:12)[39m
[31m    at model.set [as remarks] (C:\Users\acer\civiccare-smart-city-portal\backend\node_modules\mongoose\lib\helpers\document\compile.js:205:19)[39m
[31m    at file:///C:/Users/acer/civiccare-smart-city-portal/backend/src/controllers/adminController.js:28:21[39m
[31m    at process.processTicksAndRejections (node:internal/process/task_queues:105:5)[39m
2026-02-23 00:39:28:3928 [31merror[39m: [31m500 - Complaint validation failed: remarks: Cast to embedded failed for value "nmdnskd" (type string) at path "remarks" because of "ObjectParameterError" - /api/admin/assign-team - POST - ::1[39m
2026-02-23 00:39:28:3928 [31merror[39m: [31mValidationError: Complaint validation failed: remarks: Cast to embedded failed for value "nmdnskd" (type string) at path "remarks" because of "ObjectParameterError"[39m
[31m    at Document.invalidate (C:\Users\acer\civiccare-smart-city-portal\backend\node_modules\mongoose\lib\document.js:3373:32)[39m
[31m    at model.$set (C:\Users\acer\civiccare-smart-city-portal\backend\node_modules\mongoose\lib\document.js:1490:12)[39m
[31m    at model.set [as remarks] (C:\Users\acer\civiccare-smart-city-portal\backend\node_modules\mongoose\lib\helpers\document\compile.js:205:19)[39m
[31m    at file:///C:/Users/acer/civiccare-smart-city-portal/backend/src/controllers/adminController.js:28:21[39m
[31m    at process.processTicksAndRejections (node:internal/process/task_queues:105:5)[39m
2026-02-23 00:39:40:3940 [31merror[39m: [31m500 - Complaint validation failed: remarks: Cast to embedded failed for value "fgdfgd" (type string) at path "remarks" because of "ObjectParameterError" - /api/admin/assign-team - POST - ::1[39m
2026-02-23 00:39:40:3940 [31merror[39m: [31mValidationError: Complaint validation failed: remarks: Cast to embedded failed for value "fgdfgd" (type string) at path "remarks" because of "ObjectParameterError"[39m
[31m    at Document.invalidate (C:\Users\acer\civiccare-smart-city-portal\backend\node_modules\mongoose\lib\document.js:3373:32)[39m
[31m    at model.$set (C:\Users\acer\civiccare-smart-city-portal\backend\node_modules\mongoose\lib\document.js:1490:12)[39m
[31m    at model.set [as remarks] (C:\Users\acer\civiccare-smart-city-portal\backend\node_modules\mongoose\lib\helpers\document\compile.js:205:19)[39m
[31m    at file:///C:/Users/acer/civiccare-smart-city-portal/backend/src/controllers/adminController.js:28:21[39m
[31m    at process.processTicksAndRejections (node:internal/process/task_queues:105:5)[39m
2026-02-23 00:43:17:4317 [31merror[39m: [31m401 - Invalid email or password - /api/auth/supervisor-login - POST - ::1[39m
2026-02-23 00:43:17:4317 [31merror[39m: [31mError: Invalid email or password[39m
[31m    at file:///C:/Users/acer/civiccare-smart-city-portal/backend/src/controllers/authController.js:214:17[39m
[31m    at process.processTicksAndRejections (node:internal/process/task_queues:105:5)[39m
2026-02-23 00:51:05:515 [31merror[39m: [31m401 - Invalid email or password - /api/auth/supervisor-login - POST - ::1[39m
2026-02-23 00:51:05:515 [31merror[39m: [31mError: Invalid email or password[39m
[31m    at file:///C:/Users/acer/civiccare-smart-city-portal/backend/src/controllers/authController.js:214:17[39m
[31m    at process.processTicksAndRejections (node:internal/process/task_queues:105:5)[39m
2026-02-23 00:51:19:5119 [31merror[39m: [31m401 - Invalid email or password - /api/auth/supervisor-login - POST - ::1[39m
2026-02-23 00:51:19:5119 [31merror[39m: [31mError: Invalid email or password[39m
[31m    at file:///C:/Users/acer/civiccare-smart-city-portal/backend/src/controllers/authController.js:214:17[39m
[31m    at process.processTicksAndRejections (node:internal/process/task_queues:105:5)[39m
2026-02-23 00:51:39:5139 [31merror[39m: [31m401 - Invalid email or password - /api/auth/supervisor-login - POST - ::1[39m
2026-02-23 00:51:39:5139 [31merror[39m: [31mError: Invalid email or password[39m
[31m    at file:///C:/Users/acer/civiccare-smart-city-portal/backend/src/controllers/authController.js:214:17[39m
[31m    at process.processTicksAndRejections (node:internal/process/task_queues:105:5)[39m
2026-02-23 01:01:56:156 [31merror[39m: [31m403 - You are not registered as a supervisor - /api/auth/supervisor-login - POST - ::1[39m
2026-02-23 01:01:56:156 [31merror[39m: [31mError: You are not registered as a supervisor[39m
[31m    at file:///C:/Users/acer/civiccare-smart-city-portal/backend/src/controllers/authController.js:221:17[39m
[31m    at process.processTicksAndRejections (node:internal/process/task_queues:105:5)[39m
2026-02-23 01:02:45:245 [31merror[39m: [31m401 - Invalid email or password - /api/auth/supervisor-login - POST - ::1[39m
2026-02-23 01:02:45:245 [31merror[39m: [31mError: Invalid email or password[39m
[31m    at file:///C:/Users/acer/civiccare-smart-city-portal/backend/src/controllers/authController.js:228:17[39m
2026-02-23 01:04:20:420 [31merror[39m: [31m404 - User not found - /api/admin/complaints/department/WASTE_MANAGEMENT - GET - ::1[39m
2026-02-23 01:04:20:420 [31merror[39m: [31mError: User not found[39m
[31m    at protect (file:///C:/Users/acer/civiccare-smart-city-portal/backend/src/middleware/auth.js:26:19)[39m
[31m    at process.processTicksAndRejections (node:internal/process/task_queues:105:5)[39m
2026-02-23 01:04:20:420 [31merror[39m: [31m404 - User not found - /api/admin/complaints/department/WASTE_MANAGEMENT - GET - ::1[39m
2026-02-23 01:04:20:420 [31merror[39m: [31mError: User not found[39m
[31m    at protect (file:///C:/Users/acer/civiccare-smart-city-portal/backend/src/middleware/auth.js:26:19)[39m
[31m    at process.processTicksAndRejections (node:internal/process/task_queues:105:5)[39m
2026-02-23 01:04:21:421 [31merror[39m: [31m404 - User not found - /api/admin/complaints/department/POTHOLES - GET - ::1[39m
2026-02-23 01:04:21:421 [31merror[39m: [31mError: User not found[39m
[31m    at protect (file:///C:/Users/acer/civiccare-smart-city-portal/backend/src/middleware/auth.js:26:19)[39m
[31m    at process.processTicksAndRejections (node:internal/process/task_queues:105:5)[39m
2026-02-23 01:04:21:421 [31merror[39m: [31m404 - User not found - /api/admin/complaints/department/POTHOLES - GET - ::1[39m
2026-02-23 01:04:21:421 [31merror[39m: [31mError: User not found[39m
[31m    at protect (file:///C:/Users/acer/civiccare-smart-city-portal/backend/src/middleware/auth.js:26:19)[39m
[31m    at process.processTicksAndRejections (node:internal/process/task_queues:105:5)[39m
2026-02-23 01:04:22:422 [31merror[39m: [31m404 - User not found - /api/admin/complaints/department/ELECTRICITY - GET - ::1[39m
2026-02-23 01:04:22:422 [31merror[39m: [31mError: User not found[39m
[31m    at protect (file:///C:/Users/acer/civiccare-smart-city-portal/backend/src/middleware/auth.js:26:19)[39m
[31m    at process.processTicksAndRejections (node:internal/process/task_queues:105:5)[39m
2026-02-23 01:04:22:422 [31merror[39m: [31m404 - User not found - /api/admin/complaints/department/ELECTRICITY - GET - ::1[39m
2026-02-23 01:04:22:422 [31merror[39m: [31mError: User not found[39m
[31m    at protect (file:///C:/Users/acer/civiccare-smart-city-portal/backend/src/middleware/auth.js:26:19)[39m
[31m    at process.processTicksAndRejections (node:internal/process/task_queues:105:5)[39m
2026-02-23 01:04:23:423 [31merror[39m: [31m401 - Please login to access this route - /api/admin/complaints/department/WATER - GET - ::1[39m
2026-02-23 01:04:23:423 [31merror[39m: [31mError: Please login to access this route[39m
[31m    at protect (file:///C:/Users/acer/civiccare-smart-city-portal/backend/src/middleware/auth.js:14:19)[39m
[31m    at Layer.handle [as handle_request] (C:\Users\acer\civiccare-smart-city-portal\backend\node_modules\express\lib\router\layer.js:95:5)[39m
[31m    at trim_prefix (C:\Users\acer\civiccare-smart-city-portal\backend\node_modules\express\lib\router\index.js:328:13)[39m
[31m    at C:\Users\acer\civiccare-smart-city-portal\backend\node_modules\express\lib\router\index.js:286:9[39m
[31m    at Function.process_params (C:\Users\acer\civiccare-smart-city-portal\backend\node_modules\express\lib\router\index.js:346:12)[39m
[31m    at next (C:\Users\acer\civiccare-smart-city-portal\backend\node_modules\express\lib\router\index.js:280:10)[39m
[31m    at Function.handle (C:\Users\acer\civiccare-smart-city-portal\backend\node_modules\express\lib\router\index.js:175:3)[39m
[31m    at router (C:\Users\acer\civiccare-smart-city-portal\backend\node_modules\express\lib\router\index.js:47:12)[39m
[31m    at Layer.handle [as handle_request] (C:\Users\acer\civiccare-smart-city-portal\backend\node_modules\express\lib\router\layer.js:95:5)[39m
[31m    at trim_prefix (C:\Users\acer\civiccare-smart-city-portal\backend\node_modules\express\lib\router\index.js:328:13)[39m
2026-02-23 01:04:23:423 [31merror[39m: [31m401 - Please login to access this route - /api/admin/complaints/department/WATER - GET - ::1[39m
2026-02-23 01:04:23:423 [31merror[39m: [31mError: Please login to access this route[39m
[31m    at protect (file:///C:/Users/acer/civiccare-smart-city-portal/backend/src/middleware/auth.js:14:19)[39m
[31m    at Layer.handle [as handle_request] (C:\Users\acer\civiccare-smart-city-portal\backend\node_modules\express\lib\router\layer.js:95:5)[39m
[31m    at trim_prefix (C:\Users\acer\civiccare-smart-city-portal\backend\node_modules\express\lib\router\index.js:328:13)[39m
[31m    at C:\Users\acer\civiccare-smart-city-portal\backend\node_modules\express\lib\router\index.js:286:9[39m
[31m    at Function.process_params (C:\Users\acer\civiccare-smart-city-portal\backend\node_modules\express\lib\router\index.js:346:12)[39m
[31m    at next (C:\Users\acer\civiccare-smart-city-portal\backend\node_modules\express\lib\router\index.js:280:10)[39m
[31m    at Function.handle (C:\Users\acer\civiccare-smart-city-portal\backend\node_modules\express\lib\router\index.js:175:3)[39m
[31m    at router (C:\Users\acer\civiccare-smart-city-portal\backend\node_modules\express\lib\router\index.js:47:12)[39m
[31m    at Layer.handle [as handle_request] (C:\Users\acer\civiccare-smart-city-portal\backend\node_modules\express\lib\router\layer.js:95:5)[39m
[31m    at trim_prefix (C:\Users\acer\civiccare-smart-city-portal\backend\node_modules\express\lib\router\index.js:328:13)[39m
2026-02-23 01:05:48:548 [31merror[39m: [31m401 - Invalid email or password - /api/auth/supervisor-login - POST - ::1[39m
2026-02-23 01:05:48:548 [31merror[39m: [31mError: Invalid email or password[39m
[31m    at file:///C:/Users/acer/civiccare-smart-city-portal/backend/src/controllers/authController.js:214:17[39m
[31m    at process.processTicksAndRejections (node:internal/process/task_queues:105:5)[39m
2026-02-23 01:06:35:635 [31merror[39m: [31m401 - Invalid email or password - /api/auth/supervisor-login - POST - ::1[39m
2026-02-23 01:06:35:635 [31merror[39m: [31mError: Invalid email or password[39m
[31m    at file:///C:/Users/acer/civiccare-smart-city-portal/backend/src/controllers/authController.js:214:17[39m
[31m    at process.processTicksAndRejections (node:internal/process/task_queues:105:5)[39m
2026-02-23 01:07:19:719 [31merror[39m: [31m401 - Invalid email or password - /api/auth/supervisor-login - POST - ::1[39m
2026-02-23 01:07:19:719 [31merror[39m: [31mError: Invalid email or password[39m
[31m    at file:///C:/Users/acer/civiccare-smart-city-portal/backend/src/controllers/authController.js:214:17[39m
[31m    at process.processTicksAndRejections (node:internal/process/task_queues:105:5)[39m
2026-02-23 01:11:57:1157 [31merror[39m: [31m401 - Invalid email or password - /api/auth/supervisor-login - POST - ::1[39m
2026-02-23 01:11:57:1157 [31merror[39m: [31mError: Invalid email or password[39m
[31m    at file:///C:/Users/acer/civiccare-smart-city-portal/backend/src/controllers/authController.js:214:17[39m
[31m    at process.processTicksAndRejections (node:internal/process/task_queues:105:5)[39m
2026-02-23 01:24:49:2449 [31merror[39m: [31m401 - Invalid email or password - /api/auth/supervisor-login - POST - ::1[39m
2026-02-23 01:24:49:2449 [31merror[39m: [31mError: Invalid email or password[39m
[31m    at file:///C:/Users/acer/civiccare-smart-city-portal/backend/src/controllers/authController.js:214:17[39m
[31m    at process.processTicksAndRejections (node:internal/process/task_queues:105:5)[39m
2026-02-23 01:31:17:3117 [31merror[39m: [31m401 - Invalid email or password - /api/auth/login - POST - ::1[39m
2026-02-23 01:31:17:3117 [31merror[39m: [31mError: Invalid email or password[39m
[31m    at file:///C:/Users/acer/civiccare-smart-city-portal/backend/src/controllers/authController.js:89:17[39m
[31m    at process.processTicksAndRejections (node:internal/process/task_queues:105:5)[39m
2026-02-23 01:31:33:3133 [31merror[39m: [31m401 - Invalid email or password - /api/auth/login - POST - ::1[39m
2026-02-23 01:31:33:3133 [31merror[39m: [31mError: Invalid email or password[39m
[31m    at file:///C:/Users/acer/civiccare-smart-city-portal/backend/src/controllers/authController.js:102:17[39m
2026-02-23 01:31:50:3150 [31merror[39m: [31m401 - Invalid email or password - /api/auth/login - POST - ::1[39m
2026-02-23 01:31:50:3150 [31merror[39m: [31mError: Invalid email or password[39m
[31m    at file:///C:/Users/acer/civiccare-smart-city-portal/backend/src/controllers/authController.js:89:17[39m
[31m    at process.processTicksAndRejections (node:internal/process/task_queues:105:5)[39m
2026-02-23 01:33:41:3341 [31merror[39m: [31m401 - Invalid email or password - /api/auth/supervisor-login - POST - ::1[39m
2026-02-23 01:33:41:3341 [31merror[39m: [31mError: Invalid email or password[39m
[31m    at file:///C:/Users/acer/civiccare-smart-city-portal/backend/src/controllers/authController.js:214:17[39m
[31m    at process.processTicksAndRejections (node:internal/process/task_queues:105:5)[39m
2026-02-23 01:33:59:3359 [31merror[39m: [31m401 - Invalid email or password - /api/auth/supervisor-login - POST - ::1[39m
2026-02-23 01:33:59:3359 [31merror[39m: [31mError: Invalid email or password[39m
[31m    at file:///C:/Users/acer/civiccare-smart-city-portal/backend/src/controllers/authController.js:228:17[39m
2026-02-23 01:34:16:3416 [31merror[39m: [31m401 - Invalid email or password - /api/auth/supervisor-login - POST - ::1[39m
2026-02-23 01:34:16:3416 [31merror[39m: [31mError: Invalid email or password[39m
[31m    at file:///C:/Users/acer/civiccare-smart-city-portal/backend/src/controllers/authController.js:214:17[39m
[31m    at process.processTicksAndRejections (node:internal/process/task_queues:105:5)[39m
2026-02-23 01:34:44:3444 [31merror[39m: [31m401 - Invalid email or password - /api/auth/supervisor-login - POST - ::1[39m
2026-02-23 01:34:44:3444 [31merror[39m: [31mError: Invalid email or password[39m
[31m    at file:///C:/Users/acer/civiccare-smart-city-portal/backend/src/controllers/authController.js:214:17[39m
[31m    at process.processTicksAndRejections (node:internal/process/task_queues:105:5)[39m
2026-02-23 01:35:49:3549 [31merror[39m: [31m401 - Invalid email or password - /api/auth/login - POST - ::1[39m
2026-02-23 01:35:49:3549 [31merror[39m: [31mError: Invalid email or password[39m
[31m    at file:///C:/Users/acer/civiccare-smart-city-portal/backend/src/controllers/authController.js:89:17[39m
[31m    at process.processTicksAndRejections (node:internal/process/task_queues:105:5)[39m
2026-02-23 01:36:11:3611 [31merror[39m: [31m401 - Invalid email or password - /api/auth/login - POST - ::1[39m
2026-02-23 01:36:11:3611 [31merror[39m: [31mError: Invalid email or password[39m
[31m    at file:///C:/Users/acer/civiccare-smart-city-portal/backend/src/controllers/authController.js:89:17[39m
[31m    at process.processTicksAndRejections (node:internal/process/task_queues:105:5)[39m
2026-02-24 13:26:02:262 [31merror[39m: [31m401 - Please login to access this route - /api/admin/complaints/department/HEALTH - GET - ::1[39m
2026-02-24 13:26:02:262 [31merror[39m: [31mError: Please login to access this route[39m
[31m    at protect (file:///C:/Users/acer/civiccare-smart-city-portal/backend/src/middleware/auth.js:14:19)[39m
[31m    at Layer.handle [as handle_request] (C:\Users\acer\civiccare-smart-city-portal\backend\node_modules\express\lib\router\layer.js:95:5)[39m
[31m    at trim_prefix (C:\Users\acer\civiccare-smart-city-portal\backend\node_modules\express\lib\router\index.js:328:13)[39m
[31m    at C:\Users\acer\civiccare-smart-city-portal\backend\node_modules\express\lib\router\index.js:286:9[39m
[31m    at Function.process_params (C:\Users\acer\civiccare-smart-city-portal\backend\node_modules\express\lib\router\index.js:346:12)[39m
[31m    at next (C:\Users\acer\civiccare-smart-city-portal\backend\node_modules\express\lib\router\index.js:280:10)[39m
[31m    at Function.handle (C:\Users\acer\civiccare-smart-city-portal\backend\node_modules\express\lib\router\index.js:175:3)[39m
[31m    at router (C:\Users\acer\civiccare-smart-city-portal\backend\node_modules\express\lib\router\index.js:47:12)[39m
[31m    at Layer.handle [as handle_request] (C:\Users\acer\civiccare-smart-city-portal\backend\node_modules\express\lib\router\layer.js:95:5)[39m
[31m    at trim_prefix (C:\Users\acer\civiccare-smart-city-portal\backend\node_modules\express\lib\router\index.js:328:13)[39m
2026-02-24 13:26:12:2612 [31merror[39m: [31m401 - Invalid email or password - /api/auth/login - POST - ::1[39m
2026-02-24 13:26:12:2612 [31merror[39m: [31mError: Invalid email or password[39m
[31m    at file:///C:/Users/acer/civiccare-smart-city-portal/backend/src/controllers/authController.js:89:17[39m
[31m    at process.processTicksAndRejections (node:internal/process/task_queues:105:5)[39m
2026-02-24 13:26:25:2625 [31merror[39m: [31m401 - Invalid email or password - /api/auth/login - POST - ::1[39m
2026-02-24 13:26:25:2625 [31merror[39m: [31mError: Invalid email or password[39m
[31m    at file:///C:/Users/acer/civiccare-smart-city-portal/backend/src/controllers/authController.js:89:17[39m
[31m    at process.processTicksAndRejections (node:internal/process/task_queues:105:5)[39m
2026-02-24 13:32:43:3243 [31merror[39m: [31m403 - User role 'SUPERVISOR' is not authorized to access this route - /api/complaints?limit=500 - GET - ::1[39m
2026-02-24 13:32:43:3243 [31merror[39m: [31mError: User role 'SUPERVISOR' is not authorized to access this route[39m
[31m    at file:///C:/Users/acer/civiccare-smart-city-portal/backend/src/middleware/auth.js:39:9[39m
[31m    at Layer.handle [as handle_request] (C:\Users\acer\civiccare-smart-city-portal\backend\node_modules\express\lib\router\layer.js:95:5)[39m
[31m    at next (C:\Users\acer\civiccare-smart-city-portal\backend\node_modules\express\lib\router\route.js:149:13)[39m
[31m    at protect (file:///C:/Users/acer/civiccare-smart-city-portal/backend/src/middleware/auth.js:29:5)[39m
[31m    at process.processTicksAndRejections (node:internal/process/task_queues:105:5)[39m
2026-02-24 13:32:43:3243 [31merror[39m: [31m403 - User role 'SUPERVISOR' is not authorized to access this route - /api/complaints/stats/overview - GET - ::1[39m
2026-02-24 13:32:43:3243 [31merror[39m: [31mError: User role 'SUPERVISOR' is not authorized to access this route[39m
[31m    at file:///C:/Users/acer/civiccare-smart-city-portal/backend/src/middleware/auth.js:39:9[39m
[31m    at Layer.handle [as handle_request] (C:\Users\acer\civiccare-smart-city-portal\backend\node_modules\express\lib\router\layer.js:95:5)[39m
[31m    at next (C:\Users\acer\civiccare-smart-city-portal\backend\node_modules\express\lib\router\route.js:149:13)[39m
[31m    at protect (file:///C:/Users/acer/civiccare-smart-city-portal/backend/src/middleware/auth.js:29:5)[39m
[31m    at process.processTicksAndRejections (node:internal/process/task_queues:105:5)[39m
2026-02-24 13:32:53:3253 [31merror[39m: [31m403 - User role 'SUPERVISOR' is not authorized to access this route - /api/complaints/stats/overview - GET - ::1[39m
2026-02-24 13:32:53:3253 [31merror[39m: [31mError: User role 'SUPERVISOR' is not authorized to access this route[39m
[31m    at file:///C:/Users/acer/civiccare-smart-city-portal/backend/src/middleware/auth.js:39:9[39m
[31m    at Layer.handle [as handle_request] (C:\Users\acer\civiccare-smart-city-portal\backend\node_modules\express\lib\router\layer.js:95:5)[39m
[31m    at next (C:\Users\acer\civiccare-smart-city-portal\backend\node_modules\express\lib\router\route.js:149:13)[39m
[31m    at protect (file:///C:/Users/acer/civiccare-smart-city-portal/backend/src/middleware/auth.js:29:5)[39m
[31m    at process.processTicksAndRejections (node:internal/process/task_queues:105:5)[39m
2026-02-24 13:32:53:3253 [31merror[39m: [31m403 - User role 'SUPERVISOR' is not authorized to access this route - /api/complaints?limit=500 - GET - ::1[39m
2026-02-24 13:32:53:3253 [31merror[39m: [31mError: User role 'SUPERVISOR' is not authorized to access this route[39m
[31m    at file:///C:/Users/acer/civiccare-smart-city-portal/backend/src/middleware/auth.js:39:9[39m
[31m    at Layer.handle [as handle_request] (C:\Users\acer\civiccare-smart-city-portal\backend\node_modules\express\lib\router\layer.js:95:5)[39m
[31m    at next (C:\Users\acer\civiccare-smart-city-portal\backend\node_modules\express\lib\router\route.js:149:13)[39m
[31m    at protect (file:///C:/Users/acer/civiccare-smart-city-portal/backend/src/middleware/auth.js:29:5)[39m
[31m    at process.processTicksAndRejections (node:internal/process/task_queues:105:5)[39m
2026-02-24 13:32:53:3253 [31merror[39m: [31m403 - User role 'SUPERVISOR' is not authorized to access this route - /api/complaints/stats/overview - GET - ::1[39m
2026-02-24 13:32:53:3253 [31merror[39m: [31mError: User role 'SUPERVISOR' is not authorized to access this route[39m
[31m    at file:///C:/Users/acer/civiccare-smart-city-portal/backend/src/middleware/auth.js:39:9[39m
[31m    at Layer.handle [as handle_request] (C:\Users\acer\civiccare-smart-city-portal\backend\node_modules\express\lib\router\layer.js:95:5)[39m
[31m    at next (C:\Users\acer\civiccare-smart-city-portal\backend\node_modules\express\lib\router\route.js:149:13)[39m
[31m    at protect (file:///C:/Users/acer/civiccare-smart-city-portal/backend/src/middleware/auth.js:29:5)[39m
[31m    at process.processTicksAndRejections (node:internal/process/task_queues:105:5)[39m
2026-02-24 13:32:53:3253 [31merror[39m: [31m403 - User role 'SUPERVISOR' is not authorized to access this route - /api/complaints?limit=500 - GET - ::1[39m
2026-02-24 13:32:53:3253 [31merror[39m: [31mError: User role 'SUPERVISOR' is not authorized to access this route[39m
[31m    at file:///C:/Users/acer/civiccare-smart-city-portal/backend/src/middleware/auth.js:39:9[39m
[31m    at Layer.handle [as handle_request] (C:\Users\acer\civiccare-smart-city-portal\backend\node_modules\express\lib\router\layer.js:95:5)[39m
[31m    at next (C:\Users\acer\civiccare-smart-city-portal\backend\node_modules\express\lib\router\route.js:149:13)[39m
[31m    at protect (file:///C:/Users/acer/civiccare-smart-city-portal/backend/src/middleware/auth.js:29:5)[39m
[31m    at process.processTicksAndRejections (node:internal/process/task_queues:105:5)[39m
2026-02-24 13:33:23:3323 [31merror[39m: [31m403 - User role 'SUPERVISOR' is not authorized to access this route - /api/complaints?limit=500 - GET - ::1[39m
2026-02-24 13:33:23:3323 [31merror[39m: [31mError: User role 'SUPERVISOR' is not authorized to access this route[39m
[31m    at file:///C:/Users/acer/civiccare-smart-city-portal/backend/src/middleware/auth.js:39:9[39m
[31m    at Layer.handle [as handle_request] (C:\Users\acer\civiccare-smart-city-portal\backend\node_modules\express\lib\router\layer.js:95:5)[39m
[31m    at next (C:\Users\acer\civiccare-smart-city-portal\backend\node_modules\express\lib\router\route.js:149:13)[39m
[31m    at protect (file:///C:/Users/acer/civiccare-smart-city-portal/backend/src/middleware/auth.js:29:5)[39m
[31m    at process.processTicksAndRejections (node:internal/process/task_queues:105:5)[39m
2026-02-24 13:33:23:3323 [31merror[39m: [31m403 - User role 'SUPERVISOR' is not authorized to access this route - /api/complaints/stats/overview - GET - ::1[39m
2026-02-24 13:33:23:3323 [31merror[39m: [31mError: User role 'SUPERVISOR' is not authorized to access this route[39m
[31m    at file:///C:/Users/acer/civiccare-smart-city-portal/backend/src/middleware/auth.js:39:9[39m
[31m    at Layer.handle [as handle_request] (C:\Users\acer\civiccare-smart-city-portal\backend\node_modules\express\lib\router\layer.js:95:5)[39m
[31m    at next (C:\Users\acer\civiccare-smart-city-portal\backend\node_modules\express\lib\router\route.js:149:13)[39m
[31m    at protect (file:///C:/Users/acer/civiccare-smart-city-portal/backend/src/middleware/auth.js:29:5)[39m
[31m    at process.processTicksAndRejections (node:internal/process/task_queues:105:5)[39m
2026-02-24 13:39:02:392 [31merror[39m: [31m401 - Invalid email or password - /api/auth/supervisor-login - POST - ::1[39m
2026-02-24 13:39:02:392 [31merror[39m: [31mError: Invalid email or password[39m
[31m    at file:///C:/Users/acer/civiccare-smart-city-portal/backend/src/controllers/authController.js:214:17[39m
[31m    at process.processTicksAndRejections (node:internal/process/task_queues:105:5)[39m
2026-02-24 13:57:36:5736 [31merror[39m: [31m401 - Invalid email or password - /api/auth/login - POST - ::1[39m
2026-02-24 13:57:36:5736 [31merror[39m: [31mError: Invalid email or password[39m
[31m    at file:///C:/Users/acer/civiccare-smart-city-portal/backend/src/controllers/authController.js:89:17[39m
[31m    at process.processTicksAndRejections (node:internal/process/task_queues:105:5)[39m
2026-02-24 14:02:45:245 [31merror[39m: [31m401 - Invalid email or password - /api/auth/login - POST - ::1[39m
2026-02-24 14:02:45:245 [31merror[39m: [31mError: Invalid email or password[39m
[31m    at file:///C:/Users/acer/civiccare-smart-city-portal/backend/src/controllers/authController.js:89:17[39m
[31m    at process.processTicksAndRejections (node:internal/process/task_queues:105:5)[39m
2026-02-24 14:05:31:531 [31merror[39m: [31m401 - Invalid email or password - /api/auth/login - POST - ::1[39m
2026-02-24 14:05:31:531 [31merror[39m: [31mError: Invalid email or password[39m
[31m    at file:///C:/Users/acer/civiccare-smart-city-portal/backend/src/controllers/authController.js:89:17[39m
[31m    at process.processTicksAndRejections (node:internal/process/task_queues:105:5)[39m
2026-02-24 14:07:02:72 [31merror[39m: [31m401 - Invalid email or password - /api/auth/login - POST - ::1[39m
2026-02-24 14:07:02:72 [31merror[39m: [31mError: Invalid email or password[39m
[31m    at file:///C:/Users/acer/civiccare-smart-city-portal/backend/src/controllers/authController.js:89:17[39m
[31m    at process.processTicksAndRejections (node:internal/process/task_queues:105:5)[39m
2026-02-24 14:07:55:755 [31merror[39m: [31m401 - Invalid email or password - /api/auth/login - POST - ::1[39m
2026-02-24 14:07:55:755 [31merror[39m: [31mError: Invalid email or password[39m
[31m    at file:///C:/Users/acer/civiccare-smart-city-portal/backend/src/controllers/authController.js:89:17[39m
[31m    at process.processTicksAndRejections (node:internal/process/task_queues:105:5)[39m
2026-02-24 14:10:23:1023 [31merror[39m: [31m429 - Too many failed attempts. Try again in 13 minutes. - /api/auth/login - POST - ::1[39m
2026-02-24 14:10:23:1023 [31merror[39m: [31mError: Too many failed attempts. Try again in 13 minutes.[39m
[31m    at file:///C:/Users/acer/civiccare-smart-city-portal/backend/src/controllers/authController.js:72:17[39m
[31m    at file:///C:/Users/acer/civiccare-smart-city-portal/backend/src/utils/errorUtils.js:5:19[39m
[31m    at Layer.handle [as handle_request] (C:\Users\acer\civiccare-smart-city-portal\backend\node_modules\express\lib\router\layer.js:95:5)[39m
[31m    at next (C:\Users\acer\civiccare-smart-city-portal\backend\node_modules\express\lib\router\route.js:149:13)[39m
[31m    at validate (file:///C:/Users/acer/civiccare-smart-city-portal/backend/src/middleware/validation.js:10:3)[39m
[31m    at Layer.handle [as handle_request] (C:\Users\acer\civiccare-smart-city-portal\backend\node_modules\express\lib\router\layer.js:95:5)[39m
[31m    at next (C:\Users\acer\civiccare-smart-city-portal\backend\node_modules\express\lib\router\route.js:149:13)[39m
[31m    at middleware (C:\Users\acer\civiccare-smart-city-portal\backend\node_modules\express-validator\lib\middlewares\check.js:16:13)[39m
[31m    at process.processTicksAndRejections (node:internal/process/task_queues:105:5)[39m
2026-02-24 14:17:24:1724 [31merror[39m: [31m429 - Too many failed attempts. Try again in 6 minutes. - /api/auth/login - POST - ::1[39m
2026-02-24 14:17:24:1724 [31merror[39m: [31mError: Too many failed attempts. Try again in 6 minutes.[39m
[31m    at file:///C:/Users/acer/civiccare-smart-city-portal/backend/src/controllers/authController.js:72:17[39m
[31m    at file:///C:/Users/acer/civiccare-smart-city-portal/backend/src/utils/errorUtils.js:5:19[39m
[31m    at Layer.handle [as handle_request] (C:\Users\acer\civiccare-smart-city-portal\backend\node_modules\express\lib\router\layer.js:95:5)[39m
[31m    at next (C:\Users\acer\civiccare-smart-city-portal\backend\node_modules\express\lib\router\route.js:149:13)[39m
[31m    at validate (file:///C:/Users/acer/civiccare-smart-city-portal/backend/src/middleware/validation.js:10:3)[39m
[31m    at Layer.handle [as handle_request] (C:\Users\acer\civiccare-smart-city-portal\backend\node_modules\express\lib\router\layer.js:95:5)[39m
[31m    at next (C:\Users\acer\civiccare-smart-city-portal\backend\node_modules\express\lib\router\route.js:149:13)[39m
[31m    at middleware (C:\Users\acer\civiccare-smart-city-portal\backend\node_modules\express-validator\lib\middlewares\check.js:16:13)[39m
[31m    at process.processTicksAndRejections (node:internal/process/task_queues:105:5)[39m
2026-02-24 14:20:26:2026 [31merror[39m: [31m429 - Too many failed attempts. Try again in 3 minutes. - /api/auth/login - POST - ::1[39m
2026-02-24 14:20:26:2026 [31merror[39m: [31mError: Too many failed attempts. Try again in 3 minutes.[39m
[31m    at file:///C:/Users/acer/civiccare-smart-city-portal/backend/src/controllers/authController.js:72:17[39m
[31m    at file:///C:/Users/acer/civiccare-smart-city-portal/backend/src/utils/errorUtils.js:5:19[39m
[31m    at Layer.handle [as handle_request] (C:\Users\acer\civiccare-smart-city-portal\backend\node_modules\express\lib\router\layer.js:95:5)[39m
[31m    at next (C:\Users\acer\civiccare-smart-city-portal\backend\node_modules\express\lib\router\route.js:149:13)[39m
[31m    at validate (file:///C:/Users/acer/civiccare-smart-city-portal/backend/src/middleware/validation.js:10:3)[39m
[31m    at Layer.handle [as handle_request] (C:\Users\acer\civiccare-smart-city-portal\backend\node_modules\express\lib\router\layer.js:95:5)[39m
[31m    at next (C:\Users\acer\civiccare-smart-city-portal\backend\node_modules\express\lib\router\route.js:149:13)[39m
[31m    at middleware (C:\Users\acer\civiccare-smart-city-portal\backend\node_modules\express-validator\lib\middlewares\check.js:16:13)[39m
[31m    at process.processTicksAndRejections (node:internal/process/task_queues:105:5)[39m
2026-02-24 14:21:26:2126 [31merror[39m: [31m429 - Too many failed attempts. Try again in 2 minutes. - /api/auth/login - POST - ::1[39m
2026-02-24 14:21:26:2126 [31merror[39m: [31mError: Too many failed attempts. Try again in 2 minutes.[39m
[31m    at file:///C:/Users/acer/civiccare-smart-city-portal/backend/src/controllers/authController.js:72:17[39m
[31m    at file:///C:/Users/acer/civiccare-smart-city-portal/backend/src/utils/errorUtils.js:5:19[39m
[31m    at Layer.handle [as handle_request] (C:\Users\acer\civiccare-smart-city-portal\backend\node_modules\express\lib\router\layer.js:95:5)[39m
[31m    at next (C:\Users\acer\civiccare-smart-city-portal\backend\node_modules\express\lib\router\route.js:149:13)[39m
[31m    at validate (file:///C:/Users/acer/civiccare-smart-city-portal/backend/src/middleware/validation.js:10:3)[39m
[31m    at Layer.handle [as handle_request] (C:\Users\acer\civiccare-smart-city-portal\backend\node_modules\express\lib\router\layer.js:95:5)[39m
[31m    at next (C:\Users\acer\civiccare-smart-city-portal\backend\node_modules\express\lib\router\route.js:149:13)[39m
[31m    at middleware (C:\Users\acer\civiccare-smart-city-portal\backend\node_modules\express-validator\lib\middlewares\check.js:16:13)[39m
[31m    at process.processTicksAndRejections (node:internal/process/task_queues:105:5)[39m
2026-02-24 14:21:52:2152 [31merror[39m: [31m429 - Too many failed attempts. Try again in 2 minutes. - /api/auth/login - POST - ::1[39m
2026-02-24 14:21:52:2152 [31merror[39m: [31mError: Too many failed attempts. Try again in 2 minutes.[39m
[31m    at file:///C:/Users/acer/civiccare-smart-city-portal/backend/src/controllers/authController.js:72:17[39m
[31m    at file:///C:/Users/acer/civiccare-smart-city-portal/backend/src/utils/errorUtils.js:5:19[39m
[31m    at Layer.handle [as handle_request] (C:\Users\acer\civiccare-smart-city-portal\backend\node_modules\express\lib\router\layer.js:95:5)[39m
[31m    at next (C:\Users\acer\civiccare-smart-city-portal\backend\node_modules\express\lib\router\route.js:149:13)[39m
[31m    at validate (file:///C:/Users/acer/civiccare-smart-city-portal/backend/src/middleware/validation.js:10:3)[39m
[31m    at Layer.handle [as handle_request] (C:\Users\acer\civiccare-smart-city-portal\backend\node_modules\express\lib\router\layer.js:95:5)[39m
[31m    at next (C:\Users\acer\civiccare-smart-city-portal\backend\node_modules\express\lib\router\route.js:149:13)[39m
[31m    at middleware (C:\Users\acer\civiccare-smart-city-portal\backend\node_modules\express-validator\lib\middlewares\check.js:16:13)[39m
[31m    at process.processTicksAndRejections (node:internal/process/task_queues:105:5)[39m
2026-02-24 14:24:49:2449 [31merror[39m: [31m401 - Invalid email or password - /api/auth/login - POST - ::1[39m
2026-02-24 14:24:49:2449 [31merror[39m: [31mError: Invalid email or password[39m
[31m    at file:///C:/Users/acer/civiccare-smart-city-portal/backend/src/controllers/authController.js:89:17[39m
[31m    at process.processTicksAndRejections (node:internal/process/task_queues:105:5)[39m
2026-02-24 14:25:11:2511 [31merror[39m: [31m429 - Too many failed attempts. Try again in 15 minutes. - /api/auth/login - POST - ::1[39m
2026-02-24 14:25:11:2511 [31merror[39m: [31mError: Too many failed attempts. Try again in 15 minutes.[39m
[31m    at file:///C:/Users/acer/civiccare-smart-city-portal/backend/src/controllers/authController.js:72:17[39m
[31m    at file:///C:/Users/acer/civiccare-smart-city-portal/backend/src/utils/errorUtils.js:5:19[39m
[31m    at Layer.handle [as handle_request] (C:\Users\acer\civiccare-smart-city-portal\backend\node_modules\express\lib\router\layer.js:95:5)[39m
[31m    at next (C:\Users\acer\civiccare-smart-city-portal\backend\node_modules\express\lib\router\route.js:149:13)[39m
[31m    at validate (file:///C:/Users/acer/civiccare-smart-city-portal/backend/src/middleware/validation.js:10:3)[39m
[31m    at Layer.handle [as handle_request] (C:\Users\acer\civiccare-smart-city-portal\backend\node_modules\express\lib\router\layer.js:95:5)[39m
[31m    at next (C:\Users\acer\civiccare-smart-city-portal\backend\node_modules\express\lib\router\route.js:149:13)[39m
[31m    at middleware (C:\Users\acer\civiccare-smart-city-portal\backend\node_modules\express-validator\lib\middlewares\check.js:16:13)[39m
[31m    at process.processTicksAndRejections (node:internal/process/task_queues:105:5)[39m
2026-02-24 14:37:02:372 [31merror[39m: [31m401 - Invalid email or password - /api/auth/login - POST - ::1[39m
2026-02-24 14:38:53:3853 [31merror[39m: [31m401 - Invalid email or password - /api/auth/login - POST - ::1[39m
2026-02-24 14:38:53:3853 [31merror[39m: [31mError: Invalid email or password[39m
[31m    at file:///C:/Users/acer/civiccare-smart-city-portal/backend/src/controllers/authController.js:92:17[39m
[31m    at process.processTicksAndRejections (node:internal/process/task_queues:105:5)[39m
2026-02-24 14:39:44:3944 [31merror[39m: [31m401 - Invalid email or password - /api/auth/login - POST - ::1[39m
2026-02-24 14:39:44:3944 [31merror[39m: [31mError: Invalid email or password[39m
[31m    at file:///C:/Users/acer/civiccare-smart-city-portal/backend/src/controllers/authController.js:92:17[39m
[31m    at process.processTicksAndRejections (node:internal/process/task_queues:105:5)[39m
2026-02-24 14:43:11:4311 [31merror[39m: [31m401 - Invalid email or password - /api/auth/login - POST - ::1[39m
2026-02-24 14:43:11:4311 [31merror[39m: [31mError: Invalid email or password[39m
[31m    at file:///C:/Users/acer/civiccare-smart-city-portal/backend/src/controllers/authController.js:92:17[39m
[31m    at process.processTicksAndRejections (node:internal/process/task_queues:105:5)[39m
2026-02-24 14:44:33:4433 [31merror[39m: [31m401 - Invalid email or password - /api/auth/login - POST - ::1[39m
2026-02-24 14:44:33:4433 [31merror[39m: [31mError: Invalid email or password[39m
[31m    at file:///C:/Users/acer/civiccare-smart-city-portal/backend/src/controllers/authController.js:92:17[39m
[31m    at process.processTicksAndRejections (node:internal/process/task_queues:105:5)[39m
2026-02-24 14:45:01:451 [31merror[39m: [31m401 - Invalid email or password - /api/auth/login - POST - ::1[39m
2026-02-24 14:45:01:451 [31merror[39m: [31mError: Invalid email or password[39m
[31m    at file:///C:/Users/acer/civiccare-smart-city-portal/backend/src/controllers/authController.js:92:17[39m
[31m    at process.processTicksAndRejections (node:internal/process/task_queues:105:5)[39m
2026-02-24 14:45:06:456 [31merror[39m: [31m401 - Invalid email or password - /api/auth/login - POST - ::1[39m
2026-02-24 14:45:06:456 [31merror[39m: [31mError: Invalid email or password[39m
[31m    at file:///C:/Users/acer/civiccare-smart-city-portal/backend/src/controllers/authController.js:92:17[39m
[31m    at process.processTicksAndRejections (node:internal/process/task_queues:105:5)[39m
2026-02-24 14:49:11:4911 [31merror[39m: [31m401 - Invalid email or password - /api/auth/login - POST - ::1[39m
2026-02-24 14:49:11:4911 [31merror[39m: [31mError: Invalid email or password[39m
[31m    at file:///C:/Users/acer/civiccare-smart-city-portal/backend/src/controllers/authController.js:92:17[39m
[31m    at process.processTicksAndRejections (node:internal/process/task_queues:105:5)[39m
2026-02-24 16:20:05:205 [31merror[39m: [31m401 - Invalid email or password - /api/auth/login - POST - ::1[39m
2026-02-24 16:20:05:205 [31merror[39m: [31mError: Invalid email or password[39m
[31m    at file:///C:/Users/acer/civiccare-smart-city-portal/backend/src/controllers/authController.js:92:17[39m
[31m    at process.processTicksAndRejections (node:internal/process/task_queues:105:5)[39m
2026-02-24 16:21:13:2113 [31merror[39m: [31m401 - Invalid email or password - /api/auth/login - POST - ::1[39m
2026-02-24 16:21:13:2113 [31merror[39m: [31mError: Invalid email or password[39m
[31m    at file:///C:/Users/acer/civiccare-smart-city-portal/backend/src/controllers/authController.js:92:17[39m
[31m    at process.processTicksAndRejections (node:internal/process/task_queues:105:5)[39m
2026-02-24 16:21:44:2144 [31merror[39m: [31m401 - Invalid email or password - /api/auth/login - POST - ::1[39m
2026-02-24 16:21:44:2144 [31merror[39m: [31mError: Invalid email or password[39m
[31m    at file:///C:/Users/acer/civiccare-smart-city-portal/backend/src/controllers/authController.js:92:17[39m
[31m    at process.processTicksAndRejections (node:internal/process/task_queues:105:5)[39m
2026-02-24 16:23:38:2338 [31merror[39m: [31m401 - Invalid email or password - /api/auth/login - POST - ::1[39m
2026-02-24 16:23:38:2338 [31merror[39m: [31mError: Invalid email or password[39m
[31m    at file:///C:/Users/acer/civiccare-smart-city-portal/backend/src/controllers/authController.js:107:17[39m
2026-02-24 16:25:26:2526 [31merror[39m: [31m400 - Please provide a valid email - /api/auth/login - POST - ::1[39m
2026-02-24 16:25:26:2526 [31merror[39m: [31mError: Please provide a valid email[39m
[31m    at validate (file:///C:/Users/acer/civiccare-smart-city-portal/backend/src/middleware/validation.js:8:17)[39m
[31m    at Layer.handle [as handle_request] (C:\Users\acer\civiccare-smart-city-portal\backend\node_modules\express\lib\router\layer.js:95:5)[39m
[31m    at next (C:\Users\acer\civiccare-smart-city-portal\backend\node_modules\express\lib\router\route.js:149:13)[39m
[31m    at middleware (C:\Users\acer\civiccare-smart-city-portal\backend\node_modules\express-validator\lib\middlewares\check.js:16:13)[39m
[31m    at process.processTicksAndRejections (node:internal/process/task_queues:105:5)[39m
2026-02-24 16:25:42:2542 [31merror[39m: [31m400 - Please provide a valid email - /api/auth/login - POST - ::1[39m
2026-02-24 16:25:42:2542 [31merror[39m: [31mError: Please provide a valid email[39m
[31m    at validate (file:///C:/Users/acer/civiccare-smart-city-portal/backend/src/middleware/validation.js:8:17)[39m
[31m    at Layer.handle [as handle_request] (C:\Users\acer\civiccare-smart-city-portal\backend\node_modules\express\lib\router\layer.js:95:5)[39m
[31m    at next (C:\Users\acer\civiccare-smart-city-portal\backend\node_modules\express\lib\router\route.js:149:13)[39m
[31m    at middleware (C:\Users\acer\civiccare-smart-city-portal\backend\node_modules\express-validator\lib\middlewares\check.js:16:13)[39m
[31m    at process.processTicksAndRejections (node:internal/process/task_queues:105:5)[39m
2026-02-24 16:26:22:2622 [31merror[39m: [31m401 - Invalid email or password - /api/auth/login - POST - ::1[39m
2026-02-24 16:26:22:2622 [31merror[39m: [31mError: Invalid email or password[39m
[31m    at file:///C:/Users/acer/civiccare-smart-city-portal/backend/src/controllers/authController.js:92:17[39m
[31m    at process.processTicksAndRejections (node:internal/process/task_queues:105:5)[39m
2026-02-24 16:27:02:272 [31merror[39m: [31m401 - Invalid email or password - /api/auth/login - POST - ::1[39m
2026-02-24 16:27:02:272 [31merror[39m: [31mError: Invalid email or password[39m
[31m    at file:///C:/Users/acer/civiccare-smart-city-portal/backend/src/controllers/authController.js:107:17[39m
2026-02-24 16:28:39:2839 [31merror[39m: [31m401 - Invalid email or password - /api/auth/login - POST - ::1[39m
2026-02-24 16:28:39:2839 [31merror[39m: [31mError: Invalid email or password[39m
[31m    at file:///C:/Users/acer/civiccare-smart-city-portal/backend/src/controllers/authController.js:93:17[39m
[31m    at process.processTicksAndRejections (node:internal/process/task_queues:105:5)[39m
2026-02-24 16:28:48:2848 [31merror[39m: [31m401 - Invalid email or password - /api/auth/login - POST - ::1[39m
2026-02-24 16:28:48:2848 [31merror[39m: [31mError: Invalid email or password[39m
[31m    at file:///C:/Users/acer/civiccare-smart-city-portal/backend/src/controllers/authController.js:93:17[39m
[31m    at process.processTicksAndRejections (node:internal/process/task_queues:105:5)[39m
2026-02-24 16:31:05:315 [31merror[39m: [31m401 - Invalid email or password - /api/auth/login - POST - ::1[39m
2026-02-24 16:31:05:315 [31merror[39m: [31mError: Invalid email or password[39m
[31m    at file:///C:/Users/acer/civiccare-smart-city-portal/backend/src/controllers/authController.js:93:17[39m
[31m    at process.processTicksAndRejections (node:internal/process/task_queues:105:5)[39m
2026-02-24 16:31:48:3148 [31merror[39m: [31m401 - Invalid email or password - /api/auth/login - POST - ::1[39m
2026-02-24 16:31:48:3148 [31merror[39m: [31mError: Invalid email or password[39m
[31m    at file:///C:/Users/acer/civiccare-smart-city-portal/backend/src/controllers/authController.js:108:17[39m
2026-02-24 16:32:23:3223 [31merror[39m: [31m401 - Invalid email or password - /api/auth/login - POST - ::1[39m
2026-02-24 16:32:23:3223 [31merror[39m: [31mError: Invalid email or password[39m
[31m    at file:///C:/Users/acer/civiccare-smart-city-portal/backend/src/controllers/authController.js:93:17[39m
[31m    at process.processTicksAndRejections (node:internal/process/task_queues:105:5)[39m
2026-02-24 16:33:24:3324 [31merror[39m: [31m401 - Invalid email or password - /api/auth/login - POST - ::1[39m
2026-02-24 16:33:24:3324 [31merror[39m: [31mError: Invalid email or password[39m
[31m    at file:///C:/Users/acer/civiccare-smart-city-portal/backend/src/controllers/authController.js:93:17[39m
[31m    at process.processTicksAndRejections (node:internal/process/task_queues:105:5)[39m
2026-03-30 02:14:49:1449 [31merror[39m: [31m401 - Invalid email or password - /api/auth/admin-login - POST - ::1[39m
2026-03-30 02:14:49:1449 [31merror[39m: [31mError: Invalid email or password[39m
[31m    at file:///D:/civiccare-smart-city-portal-feature-admin-dashboard-enhancements/backend/src/controllers/authController.js:163:17[39m
[31m    at process.processTicksAndRejections (node:internal/process/task_queues:105:5)[39m
2026-03-30 02:14:58:1458 [31merror[39m: [31m401 - Invalid email or password - /api/auth/login - POST - ::1[39m
2026-03-30 02:14:58:1458 [31merror[39m: [31mError: Invalid email or password[39m
[31m    at file:///D:/civiccare-smart-city-portal-feature-admin-dashboard-enhancements/backend/src/controllers/authController.js:93:17[39m
[31m    at process.processTicksAndRejections (node:internal/process/task_queues:105:5)[39m
2026-03-30 02:15:23:1523 [31merror[39m: [31m401 - Invalid email or password - /api/auth/login - POST - ::1[39m
2026-03-30 02:15:23:1523 [31merror[39m: [31mError: Invalid email or password[39m
[31m    at file:///D:/civiccare-smart-city-portal-feature-admin-dashboard-enhancements/backend/src/controllers/authController.js:93:17[39m
[31m    at process.processTicksAndRejections (node:internal/process/task_queues:105:5)[39m
2026-03-30 02:15:50:1550 [31merror[39m: [31m401 - Invalid email or password - /api/auth/login - POST - ::1[39m
2026-03-30 02:15:50:1550 [31merror[39m: [31mError: Invalid email or password[39m
[31m    at file:///D:/civiccare-smart-city-portal-feature-admin-dashboard-enhancements/backend/src/controllers/authController.js:93:17[39m
[31m    at process.processTicksAndRejections (node:internal/process/task_queues:105:5)[39m
2026-03-30 02:19:52:1952 [31merror[39m: [31m401 - Invalid email or password - /api/auth/login - POST - ::1[39m
2026-03-30 02:19:52:1952 [31merror[39m: [31mError: Invalid email or password[39m
[31m    at file:///D:/civiccare-smart-city-portal-feature-admin-dashboard-enhancements/backend/src/controllers/authController.js:108:17[39m
2026-03-30 02:21:41:2141 [31merror[39m: [31m401 - Invalid email or password - /api/auth/login - POST - ::1[39m
2026-03-30 02:21:41:2141 [31merror[39m: [31mError: Invalid email or password[39m
[31m    at file:///D:/civiccare-smart-city-portal-feature-admin-dashboard-enhancements/backend/src/controllers/authController.js:108:17[39m
2026-03-30 02:33:54:3354 [31merror[39m: [31m401 - Invalid email or password - /api/auth/login - POST - ::1[39m
2026-03-30 02:33:54:3354 [31merror[39m: [31mError: Invalid email or password[39m
[31m    at file:///D:/civiccare-smart-city-portal-feature-admin-dashboard-enhancements/backend/src/controllers/authController.js:93:17[39m
[31m    at process.processTicksAndRejections (node:internal/process/task_queues:105:5)[39m
2026-03-30 02:34:42:3442 [31merror[39m: [31m401 - Invalid email or password - /api/auth/login - POST - ::1[39m
2026-03-30 02:34:42:3442 [31merror[39m: [31mError: Invalid email or password[39m
[31m    at file:///D:/civiccare-smart-city-portal-feature-admin-dashboard-enhancements/backend/src/controllers/authController.js:93:17[39m
[31m    at process.processTicksAndRejections (node:internal/process/task_queues:105:5)[39m
2026-03-30 02:35:18:3518 [31merror[39m: [31m401 - Invalid email or password - /api/auth/login - POST - ::1[39m
2026-03-30 02:35:18:3518 [31merror[39m: [31mError: Invalid email or password[39m
[31m    at file:///D:/civiccare-smart-city-portal-feature-admin-dashboard-enhancements/backend/src/controllers/authController.js:93:17[39m
[31m    at process.processTicksAndRejections (node:internal/process/task_queues:105:5)[39m
2026-03-30 02:42:08:428 [31merror[39m: [31m401 - Invalid email or password - /api/auth/login - POST - ::1[39m
2026-03-30 02:42:08:428 [31merror[39m: [31mError: Invalid email or password[39m
[31m    at file:///D:/civiccare-smart-city-portal-feature-admin-dashboard-enhancements/backend/src/controllers/authController.js:93:17[39m
[31m    at process.processTicksAndRejections (node:internal/process/task_queues:105:5)[39m
2026-03-30 02:42:50:4250 [31merror[39m: [31m401 - Invalid email or password - /api/auth/login - POST - ::1[39m
2026-03-30 02:42:50:4250 [31merror[39m: [31mError: Invalid email or password[39m
[31m    at file:///D:/civiccare-smart-city-portal-feature-admin-dashboard-enhancements/backend/src/controllers/authController.js:93:17[39m
[31m    at process.processTicksAndRejections (node:internal/process/task_queues:105:5)[39m
2026-03-30 02:43:03:433 [31merror[39m: [31m401 - Invalid email or password - /api/auth/login - POST - ::1[39m
2026-03-30 02:43:03:433 [31merror[39m: [31mError: Invalid email or password[39m
[31m    at file:///D:/civiccare-smart-city-portal-feature-admin-dashboard-enhancements/backend/src/controllers/authController.js:93:17[39m
[31m    at process.processTicksAndRejections (node:internal/process/task_queues:105:5)[39m
2026-03-30 02:43:48:4348 [31merror[39m: [31m401 - Invalid email or password - /api/auth/login - POST - ::1[39m
2026-03-30 02:43:48:4348 [31merror[39m: [31mError: Invalid email or password[39m
[31m    at file:///D:/civiccare-smart-city-portal-feature-admin-dashboard-enhancements/backend/src/controllers/authController.js:108:17[39m
2026-03-30 02:43:48:4348 [31merror[39m: [31m401 - Invalid email or password - /api/auth/login - POST - ::1[39m
2026-03-30 02:43:48:4348 [31merror[39m: [31mError: Invalid email or password[39m
[31m    at file:///D:/civiccare-smart-city-portal-feature-admin-dashboard-enhancements/backend/src/controllers/authController.js:108:17[39m
2026-03-30 02:47:16:4716 [31merror[39m: [31m401 - Invalid email or password - /api/auth/login - POST - ::1[39m
2026-03-30 02:47:16:4716 [31merror[39m: [31mError: Invalid email or password[39m
[31m    at file:///D:/civiccare-smart-city-portal-feature-admin-dashboard-enhancements/backend/src/controllers/authController.js:111:17[39m
2026-03-30 03:03:42:342 [31merror[39m: [31m500 - E11000 duplicate key error collection: civiccare.complaints index: trackingId_1 dup key: { trackingId: null } - /api/complaints - POST - ::1[39m
2026-03-30 03:03:42:342 [31merror[39m: [31mMongoServerError: E11000 duplicate key error collection: civiccare.complaints index: trackingId_1 dup key: { trackingId: null }[39m
[31m    at InsertOneOperation.handleOk (D:\civiccare-smart-city-portal-feature-admin-dashboard-enhancements\backend\node_modules\mongodb\lib\operations\insert.js:51:19)[39m
[31m    at tryOperation (D:\civiccare-smart-city-portal-feature-admin-dashboard-enhancements\backend\node_modules\mongodb\lib\operations\execute_operation.js:214:34)[39m
[31m    at process.processTicksAndRejections (node:internal/process/task_queues:105:5)[39m
[31m    at async executeOperation (D:\civiccare-smart-city-portal-feature-admin-dashboard-enhancements\backend\node_modules\mongodb\lib\operations\execute_operation.js:78:16)[39m
[31m    at async Collection.insertOne (D:\civiccare-smart-city-portal-feature-admin-dashboard-enhancements\backend\node_modules\mongodb\lib\collection.js:154:16)[39m
2026-03-30 03:05:33:533 [31merror[39m: [31m500 - E11000 duplicate key error collection: civiccare.complaints index: trackingId_1 dup key: { trackingId: null } - /api/complaints - POST - ::1[39m
2026-03-30 03:05:33:533 [31merror[39m: [31mMongoServerError: E11000 duplicate key error collection: civiccare.complaints index: trackingId_1 dup key: { trackingId: null }[39m
[31m    at InsertOneOperation.handleOk (D:\civiccare-smart-city-portal-feature-admin-dashboard-enhancements\backend\node_modules\mongodb\lib\operations\insert.js:51:19)[39m
[31m    at tryOperation (D:\civiccare-smart-city-portal-feature-admin-dashboard-enhancements\backend\node_modules\mongodb\lib\operations\execute_operation.js:214:34)[39m
[31m    at process.processTicksAndRejections (node:internal/process/task_queues:105:5)[39m
[31m    at async executeOperation (D:\civiccare-smart-city-portal-feature-admin-dashboard-enhancements\backend\node_modules\mongodb\lib\operations\execute_operation.js:78:16)[39m
[31m    at async Collection.insertOne (D:\civiccare-smart-city-portal-feature-admin-dashboard-enhancements\backend\node_modules\mongodb\lib\collection.js:154:16)[39m
2026-03-30 03:06:04:64 [31merror[39m: [31m500 - E11000 duplicate key error collection: civiccare.complaints index: trackingId_1 dup key: { trackingId: null } - /api/complaints - POST - ::1[39m
2026-03-30 03:06:04:64 [31merror[39m: [31mMongoServerError: E11000 duplicate key error collection: civiccare.complaints index: trackingId_1 dup key: { trackingId: null }[39m
[31m    at InsertOneOperation.handleOk (D:\civiccare-smart-city-portal-feature-admin-dashboard-enhancements\backend\node_modules\mongodb\lib\operations\insert.js:51:19)[39m
[31m    at tryOperation (D:\civiccare-smart-city-portal-feature-admin-dashboard-enhancements\backend\node_modules\mongodb\lib\operations\execute_operation.js:214:34)[39m
[31m    at process.processTicksAndRejections (node:internal/process/task_queues:105:5)[39m
[31m    at async executeOperation (D:\civiccare-smart-city-portal-feature-admin-dashboard-enhancements\backend\node_modules\mongodb\lib\operations\execute_operation.js:78:16)[39m
[31m    at async Collection.insertOne (D:\civiccare-smart-city-portal-feature-admin-dashboard-enhancements\backend\node_modules\mongodb\lib\collection.js:154:16)[39m
2026-03-30 03:06:57:657 [31merror[39m: [31m500 - E11000 duplicate key error collection: civiccare.complaints index: trackingId_1 dup key: { trackingId: null } - /api/complaints - POST - ::1[39m
2026-03-30 03:06:57:657 [31merror[39m: [31mMongoServerError: E11000 duplicate key error collection: civiccare.complaints index: trackingId_1 dup key: { trackingId: null }[39m
[31m    at InsertOneOperation.handleOk (D:\civiccare-smart-city-portal-feature-admin-dashboard-enhancements\backend\node_modules\mongodb\lib\operations\insert.js:51:19)[39m
[31m    at tryOperation (D:\civiccare-smart-city-portal-feature-admin-dashboard-enhancements\backend\node_modules\mongodb\lib\operations\execute_operation.js:214:34)[39m
[31m    at process.processTicksAndRejections (node:internal/process/task_queues:105:5)[39m
[31m    at async executeOperation (D:\civiccare-smart-city-portal-feature-admin-dashboard-enhancements\backend\node_modules\mongodb\lib\operations\execute_operation.js:78:16)[39m
[31m    at async Collection.insertOne (D:\civiccare-smart-city-portal-feature-admin-dashboard-enhancements\backend\node_modules\mongodb\lib\collection.js:154:16)[39m
2026-03-30 03:17:58:1758 [31merror[39m: [31m401 - Invalid email or password - /api/auth/admin-login - POST - ::1[39m
2026-03-30 03:17:58:1758 [31merror[39m: [31mError: Invalid email or password[39m
[31m    at file:///D:/civiccare-smart-city-portal-feature-admin-dashboard-enhancements/backend/src/controllers/authController.js:158:17[39m
[31m    at process.processTicksAndRejections (node:internal/process/task_queues:105:5)[39m
2026-03-30 03:18:10:1810 [31merror[39m: [31m401 - Invalid email or password - /api/auth/admin-login - POST - ::1[39m
2026-03-30 03:18:10:1810 [31merror[39m: [31mError: Invalid email or password[39m
[31m    at file:///D:/civiccare-smart-city-portal-feature-admin-dashboard-enhancements/backend/src/controllers/authController.js:158:17[39m
[31m    at process.processTicksAndRejections (node:internal/process/task_queues:105:5)[39m
2026-03-30 03:18:17:1817 [31merror[39m: [31m401 - Invalid email or password - /api/auth/login - POST - ::1[39m
2026-03-30 03:18:17:1817 [31merror[39m: [31mError: Invalid email or password[39m
[31m    at file:///D:/civiccare-smart-city-portal-feature-admin-dashboard-enhancements/backend/src/controllers/authController.js:96:17[39m
[31m    at process.processTicksAndRejections (node:internal/process/task_queues:105:5)[39m
2026-03-30 03:23:09:239 [31merror[39m: [31m401 - Invalid email or password - /api/auth/admin-login - POST - ::1[39m
2026-03-30 03:23:09:239 [31merror[39m: [31mError: Invalid email or password[39m
[31m    at file:///D:/civiccare-smart-city-portal-feature-admin-dashboard-enhancements/backend/src/controllers/authController.js:158:17[39m
[31m    at process.processTicksAndRejections (node:internal/process/task_queues:105:5)[39m
2026-03-30 03:23:43:2343 [31merror[39m: [31m401 - Invalid email or password - /api/auth/login - POST - ::1[39m
2026-03-30 03:23:43:2343 [31merror[39m: [31mError: Invalid email or password[39m
[31m    at file:///D:/civiccare-smart-city-portal-feature-admin-dashboard-enhancements/backend/src/controllers/authController.js:96:17[39m
[31m    at process.processTicksAndRejections (node:internal/process/task_queues:105:5)[39m
2026-03-30 03:24:11:2411 [31merror[39m: [31m401 - Invalid email or password - /api/auth/login - POST - ::1[39m
2026-03-30 03:24:11:2411 [31merror[39m: [31mError: Invalid email or password[39m
[31m    at file:///D:/civiccare-smart-city-portal-feature-admin-dashboard-enhancements/backend/src/controllers/authController.js:96:17[39m
[31m    at process.processTicksAndRejections (node:internal/process/task_queues:105:5)[39m
2026-03-30 03:24:46:2446 [31merror[39m: [31m401 - Invalid email or password - /api/auth/admin-login - POST - ::1[39m
2026-03-30 03:24:46:2446 [31merror[39m: [31mError: Invalid email or password[39m
[31m    at file:///D:/civiccare-smart-city-portal-feature-admin-dashboard-enhancements/backend/src/controllers/authController.js:158:17[39m
[31m    at process.processTicksAndRejections (node:internal/process/task_queues:105:5)[39m
2026-03-30 03:24:54:2454 [31merror[39m: [31m401 - Invalid email or password - /api/auth/admin-login - POST - ::1[39m
2026-03-30 03:24:54:2454 [31merror[39m: [31mError: Invalid email or password[39m
[31m    at file:///D:/civiccare-smart-city-portal-feature-admin-dashboard-enhancements/backend/src/controllers/authController.js:158:17[39m
[31m    at process.processTicksAndRejections (node:internal/process/task_queues:105:5)[39m
2026-03-30 03:25:36:2536 [31merror[39m: [31m401 - Invalid email or password - /api/auth/admin-login - POST - ::1[39m
2026-03-30 03:25:36:2536 [31merror[39m: [31mError: Invalid email or password[39m
[31m    at file:///D:/civiccare-smart-city-portal-feature-admin-dashboard-enhancements/backend/src/controllers/authController.js:158:17[39m
[31m    at process.processTicksAndRejections (node:internal/process/task_queues:105:5)[39m
2026-03-30 03:25:54:2554 [31merror[39m: [31m401 - Invalid email or password - /api/auth/login - POST - ::1[39m
2026-03-30 03:25:54:2554 [31merror[39m: [31mError: Invalid email or password[39m
[31m    at file:///D:/civiccare-smart-city-portal-feature-admin-dashboard-enhancements/backend/src/controllers/authController.js:96:17[39m
[31m    at process.processTicksAndRejections (node:internal/process/task_queues:105:5)[39m
2026-03-30 03:26:07:267 [31merror[39m: [31m401 - Invalid email or password - /api/auth/admin-login - POST - ::1[39m
2026-03-30 03:26:07:267 [31merror[39m: [31mError: Invalid email or password[39m
[31m    at file:///D:/civiccare-smart-city-portal-feature-admin-dashboard-enhancements/backend/src/controllers/authController.js:158:17[39m
[31m    at process.processTicksAndRejections (node:internal/process/task_queues:105:5)[39m
